LOC135892157	XM_065419858.1#LOC135892157
GOLGB1	XM_065400653.1#GOLGB1
LOC135875697	XM_065400665.1#LOC135875697
HCLS1	XM_065415209.1#HCLS1
LOC135891220	XM_065418724.1#LOC135891220
LOC135892566	XM_065420367.1#LOC135892566
NME6	XM_065413011.1#NME6
NME6	XM_065413017.1#NME6
LOC135889434	XM_065417310.1#LOC135889434
LOC135892260	XM_065419963.1#LOC135892260
ARSA	XM_065418560.1#ARSA
SHANK3	XM_065411947.1#SHANK3
MAPK8IP2	XM_065423238.1#MAPK8IP2
CHKB	XM_065420775.1#CHKB
CPT1B	XM_065401395.1#CPT1B
LOC135892618	XM_065420419.1#LOC135892618
LOC135895731	XM_065423878.1#LOC135895731
LOC135872979	XM_065397438.1#LOC135872979
LOC135895732	XM_065423879.1#LOC135895732
LOC135872986	XM_065397443.1#LOC135872986
LOC135895612	XM_065423752.1#LOC135895612
LOC135895531	XM_065423648.1#LOC135895531
LOC135892967	XM_065420753.1#LOC135892967
LOC135892960	XM_065420743.1#LOC135892960
LOC135895641	XM_065423781.1#LOC135895641
LOC135895693	XM_065423840.1#LOC135895693
LOC135895733	XM_065423880.1#LOC135895733
LOC135895692	XM_065423838.1#LOC135895692
LOC135893146	XM_065420940.1#LOC135893146
LOC135895592	XM_065423731.1#LOC135895592
LOC135889171	XM_065416996.1#LOC135889171
LOC135889171	XM_065416987.1#LOC135889171
LOC135895440	XM_065423551.1#LOC135895440
LOC135878339	XM_065403975.1#LOC135878339
LOC135878312	XM_065403945.1#LOC135878312
LOC135878323	XM_065403965.1#LOC135878323
LOC135878323	XM_065403956.1#LOC135878323
LOC135878350	XM_065403987.1#LOC135878350
LOC135872996	XM_065397452.1#LOC135872996
GARIN1A	XM_065397457.1#GARIN1A
IMPDH1	XM_065405809.1#IMPDH1
IMPDH1	XM_065405794.1#IMPDH1
IMPDH1	XM_065405802.1#IMPDH1
LOC135893876	XM_065421836.1#LOC135893876
LOC135893930	XM_065421900.1#LOC135893930
PRRT4	XM_065398850.1#PRRT4
LOC135895503	XM_065423612.1#LOC135895503
RBM28	XM_065422183.1#RBM28
LEP	XM_065423623.1#LEP
SND1	XM_065422299.1#SND1
LRRC4	XM_065423345.1#LRRC4
FSCN3	XM_065422426.1#FSCN3
ARF5	XM_065404113.1#ARF5
GCC1	XM_065412510.1#GCC1
LOC135894379	XM_065422443.1#LOC135894379
DENND6B	XM_065413439.1#DENND6B
PPP6R2	XM_065397506.1#PPP6R2
SBF1	XM_065423346.1#SBF1
ADM2	XM_065397530.1#ADM2
MIOX	XM_065422668.1#MIOX
LMF2	XM_065407749.1#LMF2
NCAPH2	XM_065416853.1#NCAPH2
LOC135891366	XM_065418917.1#LOC135891366
TYMP	XM_065423335.1#TYMP
LOC135891805	XM_065419474.1#LOC135891805
LOC135891738	XM_065419384.1#LOC135891738
LOC135891986	XM_065419669.1#LOC135891986
LOC135890357	XM_065417740.1#LOC135890357
LOC135891608	XM_065419221.1#LOC135891608
LOC135890224	XM_065417570.1#LOC135890224
LOC135885515	XM_065413252.1#LOC135885515
CIMAP1B	XM_065423646.1#CIMAP1B
LOC135878861	XM_065404581.1#LOC135878861
LOC135895634	XM_065423774.1#LOC135895634
LOC135895602	XM_065423742.1#LOC135895602
LOC135895439	XM_065423550.1#LOC135895439
LOC135883234	XM_065410249.1#LOC135883234
LOC135894912	XM_065422973.1#LOC135894912
LOC135882938	XM_065409968.1#LOC135882938
LOC135885046	XM_065412688.1#LOC135885046
TNPO3	XM_065400273.1#TNPO3
IRF5	XM_065416247.1#IRF5
LOC135876110	XM_065401293.1#LOC135876110
LOC135876110	XM_065401300.1#LOC135876110
CALU	XM_065401312.1#CALU
OPN1SW	XM_065405728.1#OPN1SW
CCDC136	XM_065423106.1#CCDC136
FLNC	XM_065402984.1#FLNC
FLNC	XM_065403011.1#FLNC
FLNC	XM_065402993.1#FLNC
FLNC	XM_065403002.1#FLNC
ATP6V1F	XM_065403033.1#ATP6V1F
SPMIP1	XM_065401119.1#SPMIP1
KCP	XM_065423222.1#KCP
TSPAN33	XM_065423798.1#TSPAN33
SMO	XM_065423736.1#SMO
AHCYL2	XM_065402821.1#AHCYL2
STRIP2	XM_065417329.1#STRIP2
SMKR1	XM_065397581.1#SMKR1
NRF1	XM_065406342.1#NRF1
UBE2H	XM_065404473.1#UBE2H
ZC3HC1	XM_065416842.1#ZC3HC1
KLHDC10	XM_065417651.1#KLHDC10
LOC135895710	XM_065423856.1#LOC135895710
TMEM209	XM_065417696.1#TMEM209
LOC135882596	XM_065409555.1#LOC135882596
LOC135873054	XM_065397529.1#LOC135873054
LOC135873053	XM_065397528.1#LOC135873053
CEP41	XM_065423362.1#CEP41
MEST	XM_065423820.1#MEST
COPG2	XM_065423819.1#COPG2
FBH1	XM_065399092.1#FBH1
ANKRD16	XM_065423155.1#ANKRD16
GDI2	XM_065400214.1#GDI2
TASOR2	XM_065423312.1#TASOR2
ASB13	XM_065411589.1#ASB13
ASB13	XM_065411597.1#ASB13
LOC135879531	XM_065405550.1#LOC135879531
NET1	XM_065409893.1#NET1
LOC135878158	XM_065403753.1#LOC135878158
LOC135878158	XM_065403746.1#LOC135878158
LOC135879368	XM_065405343.1#LOC135879368
LOC135879368	XM_065405336.1#LOC135879368
LOC135879436	XM_065405416.1#LOC135879436
LOC135884887	XM_065412460.1#LOC135884887
UCN3	XM_065401980.1#UCN3
SLC35B4	XM_065423212.1#SLC35B4
LRGUK	XM_065423322.1#LRGUK
EXOC4	XM_065409076.1#EXOC4
CHCHD3	XM_065414026.1#CHCHD3
CHCHD3	XM_065414031.1#CHCHD3
PLXNA4	XM_065423507.1#PLXNA4
PLXNA4	XM_065423506.1#PLXNA4
PLXNA4	XM_065423509.1#PLXNA4
LOC135889900	XM_065417477.1#LOC135889900
PODXL	XM_065399547.1#PODXL
MKLN1	XM_065416326.1#MKLN1
LOC135875043	XM_065400028.1#LOC135875043
IL2RA	XM_065397470.1#IL2RA
RBM17	XM_065411990.1#RBM17
PFKFB3	XM_065422318.1#PFKFB3
PFKFB3	XM_065422311.1#PFKFB3
PRKCQ	XM_065401867.1#PRKCQ
SFMBT2	XM_065400494.1#SFMBT2
LOC135895425	XM_065423537.1#LOC135895425
ITIH5	XM_065415248.1#ITIH5
ITIH2	XM_065419451.1#ITIH2
KIN	XM_065414048.1#KIN
KIN	XM_065414045.1#KIN
ATP5F1C	XM_065409852.1#ATP5F1C
ATP5F1C	XM_065409859.1#ATP5F1C
TAF3	XM_065411969.1#TAF3
GATA3	XM_065401608.1#GATA3
GATA3	XM_065401625.1#GATA3
GATA3	XM_065401616.1#GATA3
GATA3	XM_065401634.1#GATA3
GATA3	XM_065401642.1#GATA3
CELF2	XM_065419232.1#CELF2
CELF2	XM_065419240.1#CELF2
CELF2	XM_065419247.1#CELF2
USP6NL	XM_065417211.1#USP6NL
ECHDC3	XM_065423756.1#ECHDC3
PROSER2	XM_065397460.1#PROSER2
UPF2	XM_065404731.1#UPF2
DHTKD1	XM_065397519.1#DHTKD1
SEC61A2	XM_065407189.1#SEC61A2
SEC61A2	XM_065407197.1#SEC61A2
SEC61A2	XM_065407181.1#SEC61A2
NUDT5	XM_065413891.1#NUDT5
CDC123	XM_065415259.1#CDC123
CAMK1D	XM_065416138.1#CAMK1D
CCDC3	XM_065397456.1#CCDC3
OPTN	XM_065406364.1#OPTN
MCM10	XM_065421777.1#MCM10
UCMA	XM_065397459.1#UCMA
PHYH	XM_065405180.1#PHYH
SEPHS1	XM_065402574.1#SEPHS1
SEPHS1	XM_065402567.1#SEPHS1
BEND7	XM_065413151.1#BEND7
PRPF18	XM_065402189.1#PRPF18
PRPF18	XM_065402197.1#PRPF18
FRMD4A	XM_065413790.1#FRMD4A
FAM107B	XM_065423510.1#FAM107B
CDNF	XM_065423498.1#CDNF
HSPA14	XM_065417474.1#HSPA14
SUV39H2	XM_065422037.1#SUV39H2
SUV39H2	XM_065422028.1#SUV39H2
DCLRE1C	XM_065416118.1#DCLRE1C
MEIG1	XM_065397449.1#MEIG1
TMEM243	XM_065418862.1#TMEM243
DMTF1	XM_065418053.1#DMTF1
ELAPOR2	XM_065414384.1#ELAPOR2
GRM3	XM_065401925.1#GRM3
GRM3	XM_065401933.1#GRM3
LOC135895122	XM_065423193.1#LOC135895122
SEMA3A	XM_065423447.1#SEMA3A
LOC135895444	XM_065423556.1#LOC135895444
SEMA3E	XM_065404326.1#SEMA3E
PCLO	XM_065409113.1#PCLO
CACNA2D1	XM_065420204.1#CACNA2D1
CACNA2D1	XM_065420229.1#CACNA2D1
CACNA2D1	XM_065420221.1#CACNA2D1
HGF	XM_065417057.1#HGF
SEMA3C	XM_065422929.1#SEMA3C
CD36	XM_065416865.1#CD36
GNAT3	XM_065397526.1#GNAT3
GNAI1	XM_065422845.1#GNAI1
LOC135881934	XM_065408700.1#LOC135881934
MAGI2	XM_065403425.1#MAGI2
PHTF2	XM_065403358.1#PHTF2
TMEM60	XM_065414038.1#TMEM60
RSBN1L	XM_065406043.1#RSBN1L
PTPN12	XM_065411744.1#PTPN12
GSAP	XM_065418854.1#GSAP
CCDC146	XM_065423400.1#CCDC146
FGL2	XM_065405736.1#FGL2
FAM185A	XM_065423228.1#FAM185A
FBXL13	XM_065423233.1#FBXL13
LRRC17	XM_065397446.1#LRRC17
ARMC10	XM_065416391.1#ARMC10
NAPEPLD	XM_065421540.1#NAPEPLD
PMPCB	XM_065399208.1#PMPCB
DNAJC2	XM_065399226.1#DNAJC2
DNAJC2	XM_065399220.1#DNAJC2
PSMC2	XM_065397565.1#PSMC2
SLC26A5	XM_065414813.1#SLC26A5
SLC26A5	XM_065414818.1#SLC26A5
RELN	XM_065399303.1#RELN
RELN	XM_065399311.1#RELN
ORC5	XM_065415829.1#ORC5
LHFPL3	XM_065423732.1#LHFPL3
KMT2E	XM_065421947.1#KMT2E
SRPK2	XM_065423748.1#SRPK2
PUS7	XM_065412822.1#PUS7
RINT1	XM_065412056.1#RINT1
EFCAB10	XM_065423295.1#EFCAB10
ATXN7L1	XM_065397602.1#ATXN7L1
CDHR3	XM_065423772.1#CDHR3
SYPL1	XM_065421217.1#SYPL1
SYPL1	XM_065421226.1#SYPL1
SYPL1	XM_065421242.1#SYPL1
SYPL1	XM_065421234.1#SYPL1
NAMPT	XM_065408671.1#NAMPT
CCDC71L	XM_065397577.1#CCDC71L
PIK3CG	XM_065397542.1#PIK3CG
PRKAR2B	XM_065419895.1#PRKAR2B
HBP1	XM_065401890.1#HBP1
COG5	XM_065401879.1#COG5
GPR22	XM_065401902.1#GPR22
DUS4L	XM_065397913.1#DUS4L
DUS4L	XM_065397995.1#DUS4L
DUS4L	XM_065398084.1#DUS4L
DUS4L	XM_065398170.1#DUS4L
SLC26A4	XM_065404751.1#SLC26A4
SLC26A4	XM_065404744.1#SLC26A4
CBLL1	XM_065404175.1#CBLL1
CBLL1	XM_065404159.1#CBLL1
CBLL1	XM_065404167.1#CBLL1
SLC26A3	XM_065404148.1#SLC26A3
DLD	XM_065399051.1#DLD
LAMB1	XM_065399488.1#LAMB1
LAMB4	XM_065408225.1#LAMB4
ERGIC2	XM_065417490.1#ERGIC2
LRRK2	XM_065423787.1#LRRK2
SLC2A13	XM_065421661.1#SLC2A13
REDIC1	XM_065423791.1#REDIC1
ABCD2	XM_065419412.1#ABCD2
ABCD2	XM_065419420.1#ABCD2
KIF21A	XM_065423792.1#KIF21A
LOC135895655	XM_065423794.1#LOC135895655
CPNE8	XM_065399630.1#CPNE8
CPNE8	XM_065399646.1#CPNE8
ALG10	XM_065409919.1#ALG10
ALG10	XM_065409912.1#ALG10
ALG10	XM_065409904.1#ALG10
TPRKB	XM_065409926.1#TPRKB
GTSE1	XM_065422945.1#GTSE1
TRMU	XM_065419191.1#TRMU
TRMU	XM_065419199.1#TRMU
CELSR1	XM_065408216.1#CELSR1
GRAMD4	XM_065420855.1#GRAMD4
CERK	XM_065413766.1#CERK
TBC1D22A	XM_065417476.1#TBC1D22A
TAFA5	XM_065400274.1#TAFA5
BRD1	XM_065423195.1#BRD1
ZBED4	XM_065405394.1#ZBED4
ALG12	XM_065405405.1#ALG12
CRELD2	XM_065419431.1#CRELD2
PIM3	XM_065405095.1#PIM3
PIM3	XM_065405104.1#PIM3
TTLL8	XM_065419884.1#TTLL8
MLC1	XM_065423057.1#MLC1
MOV10L1	XM_065400713.1#MOV10L1
LOC135892953	XM_065420729.1#LOC135892953
PANX2	XM_065423627.1#PANX2
LOC135876228	XM_065401430.1#LOC135876228
TRABD	XM_065423260.1#TRABD
TRABD	XM_065423261.1#TRABD
SELENOO	XM_065407365.1#SELENOO
TUBGCP6	XM_065413189.1#TUBGCP6
HDAC10	XM_065420601.1#HDAC10
LOC135895672	XM_065423813.1#LOC135895672
MAPK12	XM_065404039.1#MAPK12
MAPK11	XM_065423308.1#MAPK11
PLXNB2	XM_065400954.1#PLXNB2
ZNF800	XM_065412668.1#ZNF800
ZNF800	XM_065412660.1#ZNF800
GRM8	XM_065419971.1#GRM8
POT1	XM_065416157.1#POT1
GPR37	XM_065423560.1#GPR37
LOC135893639	XM_065421501.1#LOC135893639
LOC135893639	XM_065421493.1#LOC135893639
SPAM1	XM_065417469.1#SPAM1
HYAL4	XM_065401080.1#HYAL4
LOC135884736	XM_065412270.1#LOC135884736
WASL	XM_065416349.1#WASL
LMOD2	XM_065420350.1#LMOD2
ASB15	XM_065409439.1#ASB15
NDUFA5	XM_065409451.1#NDUFA5
IQUB	XM_065423349.1#IQUB
LOC135873048	XM_065397523.1#LOC135873048
SLC13A1	XM_065404416.1#SLC13A1
CADPS2	XM_065397473.1#CADPS2
CADPS2	XM_065397474.1#CADPS2
CADPS2	XM_065397479.1#CADPS2
CADPS2	XM_065397480.1#CADPS2
CADPS2	XM_065397476.1#CADPS2
CADPS2	XM_065397481.1#CADPS2
CADPS2	XM_065397477.1#CADPS2
CADPS2	XM_065397483.1#CADPS2
CADPS2	XM_065397485.1#CADPS2
CADPS2	XM_065397475.1#CADPS2
CADPS2	XM_065397482.1#CADPS2
CADPS2	XM_065397478.1#CADPS2
CADPS2	XM_065397484.1#CADPS2
CADPS2	XM_065397486.1#CADPS2
RNF148	XM_065423574.1#RNF148
FEZF1	XM_065401203.1#FEZF1
AASS	XM_065417473.1#AASS
PTPRZ1	XM_065401331.1#PTPRZ1
FAM3C	XM_065408331.1#FAM3C
WNT16	XM_065416540.1#WNT16
CPED1	XM_065423264.1#CPED1
ING3	XM_065405903.1#ING3
TSPAN12	XM_065423677.1#TSPAN12
KCND2	XM_065417557.1#KCND2
ANKRD26	XM_065405700.1#ANKRD26
LSM8	XM_065421802.1#LSM8
CTTNBP2	XM_065423243.1#CTTNBP2
CFTR	XM_065401426.1#CFTR
ASZ1	XM_065423563.1#ASZ1
WNT2	XM_065423843.1#WNT2
ST7	XM_065405260.1#ST7
ST7	XM_065405250.1#ST7
ST7	XM_065405241.1#ST7
CAPZA2	XM_065399070.1#CAPZA2
MET	XM_065408184.1#MET
CAV1	XM_065422866.1#CAV1
CAV1	XM_065422860.1#CAV1
CAV2	XM_065423734.1#CAV2
TES	XM_065423218.1#TES
TFEC	XM_065404856.1#TFEC
RPL28	XM_065401502.1#RPL28
MDFIC	XM_065403045.1#MDFIC
MDFIC	XM_065403052.1#MDFIC
FOXP2	XM_065407882.1#FOXP2
FOXP2	XM_065407851.1#FOXP2
FOXP2	XM_065407835.1#FOXP2
FOXP2	XM_065407892.1#FOXP2
FOXP2	XM_065407918.1#FOXP2
FOXP2	XM_065407826.1#FOXP2
FOXP2	XM_065407809.1#FOXP2
FOXP2	XM_065407794.1#FOXP2
FOXP2	XM_065407786.1#FOXP2
FOXP2	XM_065407769.1#FOXP2
FOXP2	XM_065407928.1#FOXP2
PPP1R3A	XM_065397424.1#PPP1R3A
SMIM30	XM_065403845.1#SMIM30
SMIM30	XM_065403828.1#SMIM30
SMIM30	XM_065403854.1#SMIM30
SMIM30	XM_065403836.1#SMIM30
GPR85	XM_065423512.1#GPR85
BMT2	XM_065422764.1#BMT2
TMEM168	XM_065412867.1#TMEM168
TMEM168	XM_065412862.1#TMEM168
LOC135895717	XM_065423864.1#LOC135895717
LSMEM1	XM_065423523.1#LSMEM1
IFRD1	XM_065401653.1#IFRD1
ZNF277	XM_065416497.1#ZNF277
ZNF277	XM_065416506.1#ZNF277
DOCK4	XM_065401620.1#DOCK4
IMMP2L	XM_065423633.1#IMMP2L
IMMP2L	XM_065423634.1#IMMP2L
LRRN3	XM_065423244.1#LRRN3
DNAJB9	XM_065415840.1#DNAJB9
THAP5	XM_065417976.1#THAP5
THAP5	XM_065417974.1#THAP5
LOC135895587	XM_065423725.1#LOC135895587
PNPLA8	XM_065415137.1#PNPLA8
NRCAM	XM_065412614.1#NRCAM
NRCAM	XM_065412605.1#NRCAM
CNTN1	XM_065400114.1#CNTN1
PDZRN4	XM_065415687.1#PDZRN4
PDZRN4	XM_065415705.1#PDZRN4
GXYLT1	XM_065418498.1#GXYLT1
GXYLT1	XM_065418490.1#GXYLT1
YAF2	XM_065413552.1#YAF2
ZCRB1	XM_065411979.1#ZCRB1
PPHLN1	XM_065401824.1#PPHLN1
PPHLN1	XM_065403323.1#PPHLN1
PPHLN1	XM_065404063.1#PPHLN1
PRICKLE1	XM_065416725.1#PRICKLE1
ADAMTS20	XM_065400040.1#ADAMTS20
PUS7L	XM_065407379.1#PUS7L
IRAK4	XM_065407392.1#IRAK4
TWF1	XM_065408789.1#TWF1
TMEM117	XM_065423784.1#TMEM117
NELL2	XM_065405280.1#NELL2
NELL2	XM_065405271.1#NELL2
LOC135876561	XM_065401862.1#LOC135876561
DBX2	XM_065423857.1#DBX2
ANO6	XM_065404068.1#ANO6
ARID2	XM_065417423.1#ARID2
SCAF11	XM_065399666.1#SCAF11
SCAF11	XM_065399659.1#SCAF11
SCAF11	XM_065399683.1#SCAF11
SCAF11	XM_065399675.1#SCAF11
SCAF11	XM_065399691.1#SCAF11
SLC38A1	XM_065416307.1#SLC38A1
SLC38A2	XM_065401820.1#SLC38A2
SLC38A4	XM_065406398.1#SLC38A4
AMIGO2	XM_065397527.1#AMIGO2
RPAP3	XM_065405587.1#RPAP3
ATP23	XM_065414603.1#ATP23
ATP23	XM_065414571.1#ATP23
ATP23	XM_065414586.1#ATP23
ATP23	XM_065414578.1#ATP23
ATP23	XM_065414595.1#ATP23
LRIG3	XM_065405894.1#LRIG3
SLC16A7	XM_065417957.1#SLC16A7
TAFA2	XM_065423593.1#TAFA2
TAFA2	XM_065423592.1#TAFA2
USP15	XM_065399947.1#USP15
USP15	XM_065399954.1#USP15
MON2	XM_065399746.1#MON2
MON2	XM_065399738.1#MON2
MON2	XM_065399755.1#MON2
PPM1H	XM_065408660.1#PPM1H
AVPR1A	XM_065422327.1#AVPR1A
RXYLT1	XM_065423209.1#RXYLT1
SRGAP1	XM_065423765.1#SRGAP1
KICS2	XM_065423766.1#KICS2
RPL18A	XM_065400876.1#RPL18A
XPOT	XM_065412718.1#XPOT
TBK1	XM_065414668.1#TBK1
RASSF3	XM_065423249.1#RASSF3
GNS	XM_065421591.1#GNS
TBC1D30	XM_065413973.1#TBC1D30
TBC1D30	XM_065413977.1#TBC1D30
WIF1	XM_065422349.1#WIF1
LEMD3	XM_065410521.1#LEMD3
MSRB3	XM_065401048.1#MSRB3
MSRB3	XM_065401008.1#MSRB3
MSRB3	XM_065401040.1#MSRB3
MSRB3	XM_065401016.1#MSRB3
MSRB3	XM_065401033.1#MSRB3
MSRB3	XM_065401025.1#MSRB3
HMGA2	XM_065402406.1#HMGA2
LLPH	XM_065415019.1#LLPH
LLPH	XM_065415015.1#LLPH
TMBIM4	XM_065404833.1#TMBIM4
HELB	XM_065404102.1#HELB
GRIP1	XM_065419595.1#GRIP1
GRIP1	XM_065419580.1#GRIP1
GRIP1	XM_065419588.1#GRIP1
GRIP1	XM_065419571.1#GRIP1
GRIP1	XM_065419563.1#GRIP1
CAND1	XM_065419544.1#CAND1
CAND1	XM_065419551.1#CAND1
DYRK2	XM_065419102.1#DYRK2
IFNG	XM_065422066.1#IFNG
IL26	XM_065401776.1#IL26
IL22	XM_065402511.1#IL22
MDM1	XM_065420079.1#MDM1
RAP1B	XM_065401411.1#RAP1B
NUP107	XM_065413380.1#NUP107
SLC35E3	XM_065402631.1#SLC35E3
MDM2	XM_065397561.1#MDM2
MDM2	XM_065397557.1#MDM2
MDM2	XM_065397555.1#MDM2
MDM2	XM_065397556.1#MDM2
MDM2	XM_065397558.1#MDM2
MDM2	XM_065397559.1#MDM2
MDM2	XM_065397560.1#MDM2
CPM	XM_065423519.1#CPM
CPM	XM_065423520.1#CPM
CPSF6	XM_065402751.1#CPSF6
LOC135874555	XM_065399432.1#LOC135874555
LOC135875960	XM_065401061.1#LOC135875960
YEATS4	XM_065413536.1#YEATS4
FRS2	XM_065414614.1#FRS2
FRS2	XM_065414621.1#FRS2
CCT2	XM_065403866.1#CCT2
LRRC10	XM_065397500.1#LRRC10
LOC135885162	XM_065412811.1#LOC135885162
BEST3	XM_065416059.1#BEST3
RAB3IP	XM_065419112.1#RAB3IP
MYRFL	XM_065423511.1#MYRFL
CNOT2	XM_065399995.1#CNOT2
CNOT2	XM_065399980.1#CNOT2
CNOT2	XM_065399988.1#CNOT2
CNOT2	XM_065400004.1#CNOT2
KCNMB4	XM_065423437.1#KCNMB4
PTPRB	XM_065413720.1#PTPRB
PTPRR	XM_065408440.1#PTPRR
TSPAN8	XM_065412560.1#TSPAN8
LGR5	XM_065406449.1#LGR5
ZFC3H1	XM_065399903.1#ZFC3H1
THAP2	XM_065399922.1#THAP2
THAP2	XM_065399914.1#THAP2
TMEM19	XM_065415851.1#TMEM19
RAB21	XM_065399823.1#RAB21
TBC1D15	XM_065397586.1#TBC1D15
TBC1D15	XM_065397587.1#TBC1D15
TPH2	XM_065409335.1#TPH2
TRHDE	XM_065423079.1#TRHDE
KCNC2	XM_065415460.1#KCNC2
KCNC2	XM_065415502.1#KCNC2
KCNC2	XM_065415483.1#KCNC2
KCNC2	XM_065415493.1#KCNC2
KCNC2	XM_065415467.1#KCNC2
KCNC2	XM_065415453.1#KCNC2
CAPS2	XM_065413081.1#CAPS2
LOC135895484	XM_065423595.1#LOC135895484
LOC135894470	XM_065422573.1#LOC135894470
LOC135890819	XM_065418272.1#LOC135890819
KRR1	XM_065412728.1#KRR1
PHLDA1	XM_065423515.1#PHLDA1
NAP1L1	XM_065423396.1#NAP1L1
NAP1L1	XM_065423395.1#NAP1L1
NAP1L1	XM_065423397.1#NAP1L1
BBS10	XM_065423842.1#BBS10
OSBPL8	XM_065406921.1#OSBPL8
OSBPL8	XM_065406929.1#OSBPL8
ZDHHC17	XM_065408882.1#ZDHHC17
CSRP2	XM_065405632.1#CSRP2
CSRP2	XM_065405649.1#CSRP2
CSRP2	XM_065405640.1#CSRP2
CSRP2	XM_065405656.1#CSRP2
E2F7	XM_065403215.1#E2F7
NAV3	XM_065423439.1#NAV3
NAV3	XM_065423440.1#NAV3
SYT1	XM_065414316.1#SYT1
SYT1	XM_065414324.1#SYT1
PAWR	XM_065423586.1#PAWR
PPP1R12A	XM_065423865.1#PPP1R12A
RPS16	XM_065403158.1#RPS16
OTOGL	XM_065403324.1#OTOGL
PTPRQ	XM_065403406.1#PTPRQ
MYF6	XM_065423401.1#MYF6
MYF5	XM_065423192.1#MYF5
LIN7A	XM_065423477.1#LIN7A
ACSS3	XM_065423450.1#ACSS3
PPFIA2	XM_065422644.1#PPFIA2
PPFIA2	XM_065422656.1#PPFIA2
PPFIA2	XM_065422651.1#PPFIA2
TMTC2	XM_065423466.1#TMTC2
SLC6A15	XM_065412955.1#SLC6A15
TSPAN19	XM_065401403.1#TSPAN19
LRRIQ1	XM_065423814.1#LRRIQ1
ALX1	XM_065423338.1#ALX1
RASSF9	XM_065397553.1#RASSF9
NTS	XM_065423872.1#NTS
MGAT4C	XM_065423449.1#MGAT4C
C1H12orf50	XM_065397505.1#C1H12orf50
RLIG1	XM_065400996.1#RLIG1
CEP290	XM_065400984.1#CEP290
TMTC3	XM_065415773.1#TMTC3
KITLG	XM_065423341.1#KITLG
DUSP6	XM_065419770.1#DUSP6
DUSP6	XM_065419762.1#DUSP6
POC1B	XM_065400269.1#POC1B
GALNT4	XM_065400268.1#GALNT4
ATP2B1	XM_065419954.1#ATP2B1
EPYC	XM_065421788.1#EPYC
KERA	XM_065423754.1#KERA
LUM	XM_065423632.1#LUM
DCN	XM_065415585.1#DCN
DCN	XM_065415577.1#DCN
DCN	XM_065415593.1#DCN
DCN	XM_065415569.1#DCN
BTG1	XM_065399185.1#BTG1
PLEKHG7	XM_065403861.1#PLEKHG7
EEA1	XM_065403979.1#EEA1
NUDT4	XM_065399283.1#NUDT4
NUDT4	XM_065399291.1#NUDT4
UBE2N	XM_065402179.1#UBE2N
MRPL42	XM_065418963.1#MRPL42
SOCS2	XM_065414337.1#SOCS2
CRADD	XM_065414216.1#CRADD
CRADD	XM_065414200.1#CRADD
CRADD	XM_065414208.1#CRADD
PLXNC1	XM_065417273.1#PLXNC1
CEP83	XM_065406005.1#CEP83
TMCC3	XM_065418761.1#TMCC3
NDUFA12	XM_065410056.1#NDUFA12
NR2C1	XM_065402952.1#NR2C1
FGD6	XM_065421358.1#FGD6
VEZT	XM_065404428.1#VEZT
METAP2	XM_065409944.1#METAP2
USP44	XM_065406017.1#USP44
NTN4	XM_065421132.1#NTN4
SNRPF	XM_065413368.1#SNRPF
SNRPF	XM_065413358.1#SNRPF
CCDC38	XM_065413345.1#CCDC38
AMDHD1	XM_065423331.1#AMDHD1
HAL	XM_065414225.1#HAL
LOC135878497	XM_065404217.1#LOC135878497
LOC135876507	XM_065401745.1#LOC135876507
ELK3	XM_065423877.1#ELK3
CDK17	XM_065423876.1#CDK17
CDK17	XM_065423875.1#CDK17
CDK17	XM_065423874.1#CDK17
CFAP54	XM_065423873.1#CFAP54
NEDD1	XM_065418089.1#NEDD1
TMPO	XM_065402389.1#TMPO
TMPO	XM_065402397.1#TMPO
TMPO	XM_065402407.1#TMPO
TMPO	XM_065402416.1#TMPO
TMPO	XM_065402424.1#TMPO
SLC25A3	XM_065401995.1#SLC25A3
IKBIP	XM_065423662.1#IKBIP
IKBIP	XM_065423661.1#IKBIP
APAF1	XM_065423524.1#APAF1
APAF1	XM_065423526.1#APAF1
APAF1	XM_065423528.1#APAF1
APAF1	XM_065423525.1#APAF1
ANKS1B	XM_065423481.1#ANKS1B
ANKS1B	XM_065423480.1#ANKS1B
ANKS1B	XM_065423479.1#ANKS1B
ANKS1B	XM_065423478.1#ANKS1B
BLTP3B	XM_065404449.1#BLTP3B
ACTR6	XM_065413321.1#ACTR6
ACTR6	XM_065413331.1#ACTR6
DEPDC4	XM_065422807.1#DEPDC4
SCYL2	XM_065408091.1#SCYL2
SLC17A8	XM_065414664.1#SLC17A8
NR1H4	XM_065420536.1#NR1H4
NR1H4	XM_065420544.1#NR1H4
GAS2L3	XM_065423494.1#GAS2L3
ANO4	XM_065408353.1#ANO4
SLC5A8	XM_065412045.1#SLC5A8
UTP20	XM_065404546.1#UTP20
ARL1	XM_065400378.1#ARL1
ARL1	XM_065400370.1#ARL1
NUP205	XM_065411071.1#NUP205
NUP205	XM_065411064.1#NUP205
CNOT4	XM_065401503.1#CNOT4
CNOT4	XM_065401510.1#CNOT4
CNOT4	XM_065401526.1#CNOT4
CNOT4	XM_065401495.1#CNOT4
CNOT4	XM_065401519.1#CNOT4
CNOT4	XM_065401534.1#CNOT4
LOC135893671	XM_065421556.1#LOC135893671
STRA8	XM_065397503.1#STRA8
WDR91	XM_065411618.1#WDR91
CYREN	XM_065411349.1#CYREN
TMEM140	XM_065411330.1#TMEM140
TMEM140	XM_065411338.1#TMEM140
AGBL3	XM_065420863.1#AGBL3
PDE6H	XM_065420930.1#PDE6H
ARHGDIB	XM_065404568.1#ARHGDIB
ERP27	XM_065420146.1#ERP27
MGP	XM_065416793.1#MGP
MGP	XM_065416800.1#MGP
MGP	XM_065416808.1#MGP
MGP	XM_065416824.1#MGP
MGP	XM_065416816.1#MGP
MGP	XM_065416831.1#MGP
LOC135893905	XM_065421871.1#LOC135893905
ART4	XM_065415174.1#ART4
ART4	XM_065415181.1#ART4
SMCO3	XM_065415190.1#SMCO3
WBP11	XM_065408233.1#WBP11
LOC135891149	XM_065418645.1#LOC135891149
LOC135895687	XM_065423833.1#LOC135895687
LOC135895249	XM_065423323.1#LOC135895249
LOC135895250	XM_065423325.1#LOC135895250
LOC135883564	XM_065410762.1#LOC135883564
LOC135883472	XM_065410610.1#LOC135883472
LOC135883458	XM_065410583.1#LOC135883458
LOC135883617	XM_065410836.1#LOC135883617
LOC135883426	XM_065410532.1#LOC135883426
LOC135883514	XM_065410688.1#LOC135883514
LOC135883547	XM_065410737.1#LOC135883547
LOC135883479	XM_065410622.1#LOC135883479
LOC135883607	XM_065410824.1#LOC135883607
LOC135883588	XM_065410800.1#LOC135883588
LOC135883506	XM_065410675.1#LOC135883506
LOC135883538	XM_065410725.1#LOC135883538
LOC135883451	XM_065410571.1#LOC135883451
LOC135883599	XM_065410812.1#LOC135883599
LOC135883497	XM_065410646.1#LOC135883497
LOC135883489	XM_065410633.1#LOC135883489
LOC135883573	XM_065410775.1#LOC135883573
LOC135883435	XM_065410544.1#LOC135883435
LOC135895636	XM_065423776.1#LOC135895636
LOC135874391	XM_065399315.1#LOC135874391
LOC135884426	XM_065411795.1#LOC135884426
LOC135883582	XM_065410787.1#LOC135883582
LOC135883467	XM_065410595.1#LOC135883467
LOC135883442	XM_065410558.1#LOC135883442
LOC135883521	XM_065410702.1#LOC135883521
LOC135883554	XM_065410750.1#LOC135883554
LOC135883529	XM_065410714.1#LOC135883529
LOC135883502	XM_065410662.1#LOC135883502
LOC135878520	XM_065404218.1#LOC135878520
LOC135875602	XM_065400545.1#LOC135875602
LOC135875596	XM_065400532.1#LOC135875596
LOC135875587	XM_065400519.1#LOC135875587
LOC135875579	XM_065400507.1#LOC135875579
LOC135894613	XM_065422753.1#LOC135894613
LOC135894602	XM_065422742.1#LOC135894602
LOC135879049	XM_065404897.1#LOC135879049
LOC135894184	XM_065422241.1#LOC135894184
APOLD1	XM_065397448.1#APOLD1
DDX47	XM_065405382.1#DDX47
LOC135895560	XM_065423675.1#LOC135895560
HEBP1	XM_065402594.1#HEBP1
HEBP1	XM_065402584.1#HEBP1
FAM234B	XM_065415657.1#FAM234B
GSG1	XM_065419520.1#GSG1
EMP1	XM_065423539.1#EMP1
GRIN2B	XM_065404136.1#GRIN2B
ATF7IP	XM_065407981.1#ATF7IP
PLBD1	XM_065417412.1#PLBD1
GUCY2C	XM_065413956.1#GUCY2C
LOC135895516	XM_065423626.1#LOC135895516
LOC135885826	XM_065413732.1#LOC135885826
LOC135887443	XM_065415203.1#LOC135887443
UBN2	XM_065415717.1#UBN2
FMC1	XM_065400914.1#FMC1
LUC7L2	XM_065400924.1#LUC7L2
LOC135874824	XM_065399766.1#LOC135874824
LOC135873616	XM_065398287.1#LOC135873616
LOC135895623	XM_065423763.1#LOC135895623
LOC135895623	XM_065423764.1#LOC135895623
POLDIP3	XM_065407596.1#POLDIP3
POLDIP3	XM_065407603.1#POLDIP3
RRP7A	XM_065412845.1#RRP7A
SERHL2	XM_065416283.1#SERHL2
LOC135875705	XM_065400677.1#LOC135875705
NFAM1	XM_065423863.1#NFAM1
TCF20	XM_065413163.1#TCF20
LOC135874536	XM_065399409.1#LOC135874536
LOC135873112	XM_065397590.1#LOC135873112
LOC135874576	XM_065399453.1#LOC135874576
LOC135874633	XM_065399523.1#LOC135874633
LOC135875528	XM_065400402.1#LOC135875528
LOC135885822	XM_065414030.1#LOC135885822
LOC135878604	XM_065404314.1#LOC135878604
NDUFA6	XM_065414908.1#NDUFA6
SMDT1	XM_065417179.1#SMDT1
PHETA2	XM_065423687.1#PHETA2
NAGA	XM_065420134.1#NAGA
WBP2NL	XM_065413038.1#WBP2NL
WBP2NL	XM_065413026.1#WBP2NL
SEPTIN3	XM_065403216.1#SEPTIN3
SMIM45	XM_065401230.1#SMIM45
CENPM	XM_065418467.1#CENPM
TNFRSF13C	XM_065402219.1#TNFRSF13C
SHISA8	XM_065399535.1#SHISA8
SREBF2	XM_065411756.1#SREBF2
CCDC134	XM_065414085.1#CCDC134
MEI1	XM_065405142.1#MEI1
SNU13	XM_065403641.1#SNU13
XRCC6	XM_065406318.1#XRCC6
DESI1	XM_065397451.1#DESI1
PMM1	XM_065410430.1#PMM1
CSDC2	XM_065404525.1#CSDC2
POLR3H	XM_065407737.1#POLR3H
ACO2	XM_065399252.1#ACO2
PHF5A	XM_065411576.1#PHF5A
TOB2	XM_065409829.1#TOB2
TEF	XM_065400053.1#TEF
TEF	XM_065400061.1#TEF
ZC3H7B	XM_065409810.1#ZC3H7B
ZC3H7B	XM_065409803.1#ZC3H7B
RANGAP1	XM_065403226.1#RANGAP1
LOC135879289	XM_065405259.1#LOC135879289
CHADL	XM_065423805.1#CHADL
L3MBTL2	XM_065408241.1#L3MBTL2
EP300	XM_065417487.1#EP300
EP300	XM_065417488.1#EP300
EP300	XM_065417486.1#EP300
RBX1	XM_065416128.1#RBX1
XPNPEP3	XM_065420478.1#XPNPEP3
ST13	XM_065402931.1#ST13
ST13	XM_065402940.1#ST13
ST13	XM_065402915.1#ST13
ST13	XM_065402923.1#ST13
SLC25A17	XM_065406586.1#SLC25A17
MCHR1	XM_065423463.1#MCHR1
MRTFA	XM_065406294.1#MRTFA
SGSM3	XM_065413002.1#SGSM3
SGSM3	XM_065412994.1#SGSM3
JRK	XM_065405374.1#JRK
ADSL	XM_065408252.1#ADSL
TNRC6B	XM_065423816.1#TNRC6B
TNRC6B	XM_065423807.1#TNRC6B
FAM83F	XM_065397428.1#FAM83F
GRAP2	XM_065401073.1#GRAP2
CACNA1I	XM_065422053.1#CACNA1I
RPS19BP1	XM_065413452.1#RPS19BP1
ATF4	XM_065397465.1#ATF4
MIEF1	XM_065403171.1#MIEF1
LOC135877654	XM_065403182.1#LOC135877654
MGAT3	XM_065421382.1#MGAT3
TAB1	XM_065402752.1#TAB1
SYNGR1	XM_065402763.1#SYNGR1
RPL3	XM_065423690.1#RPL3
PDGFB	XM_065420591.1#PDGFB
CBX7	XM_065401577.1#CBX7
CBX7	XM_065401585.1#CBX7
CBX6	XM_065414710.1#CBX6
DNAL4	XM_065420044.1#DNAL4
LOC135891815	XM_065419485.1#LOC135891815
SUN2	XM_065405192.1#SUN2
GTPBP1	XM_065401459.1#GTPBP1
JOSD1	XM_065412245.1#JOSD1
TOMM22	XM_065412257.1#TOMM22
CBY1	XM_065417223.1#CBY1
CBY1	XM_065417228.1#CBY1
FAM227A	XM_065405496.1#FAM227A
DMC1	XM_065418312.1#DMC1
DDX17	XM_065415800.1#DDX17
DDX17	XM_065415809.1#DDX17
KDELR3	XM_065418843.1#KDELR3
LOC135872997	XM_065397453.1#LOC135872997
KCNJ4	XM_065406733.1#KCNJ4
CSNK1E	XM_065423493.1#CSNK1E
TMEM184B	XM_065417072.1#TMEM184B
MAFF	XM_065411272.1#MAFF
PLA2G6	XM_065416255.1#PLA2G6
BAIAP2L2	XM_065423376.1#BAIAP2L2
SLC16A8	XM_065397491.1#SLC16A8
PICK1	XM_065397493.1#PICK1
PICK1	XM_065397492.1#PICK1
SOX10	XM_065406231.1#SOX10
POLR2F	XM_065412087.1#POLR2F
C1H22orf23	XM_065423818.1#C1H22orf23
MICALL1	XM_065403459.1#MICALL1
EIF3L	XM_065404295.1#EIF3L
EIF3L	XM_065404302.1#EIF3L
ANKRD54	XM_065405124.1#ANKRD54
GALR3	XM_065423778.1#GALR3
LOC135873075	XM_065397547.1#LOC135873075
GCAT	XM_065421605.1#GCAT
LOC135874864	XM_065399812.1#LOC135874864
TRIOBP	XM_065400479.1#TRIOBP
NOL12	XM_065420055.1#NOL12
LOC135888486	XM_065416294.1#LOC135888486
LOC135888486	XM_065416303.1#LOC135888486
LOC135895242	XM_065423319.1#LOC135895242
LGALS1	XM_065417471.1#LGALS1
SH3BP1	XM_065417674.1#SH3BP1
GGA1	XM_065402107.1#GGA1
LGALS2	XM_065417755.1#LGALS2
CDC42EP1	XM_065421043.1#CDC42EP1
CARD10	XM_065405616.1#CARD10
MFNG	XM_065414099.1#MFNG
ELFN2	XM_065423782.1#ELFN2
CYTH4	XM_065414792.1#CYTH4
RAC2	XM_065423379.1#RAC2
SSTR3	XM_065421983.1#SSTR3
C1QTNF6	XM_065423283.1#C1QTNF6
IL2RB	XM_065423812.1#IL2RB
TMPRSS6	XM_065399331.1#TMPRSS6
KCTD17	XM_065399369.1#KCTD17
KCTD17	XM_065399397.1#KCTD17
KCTD17	XM_065399386.1#KCTD17
KCTD17	XM_065399377.1#KCTD17
MPST	XM_065414680.1#MPST
TST	XM_065413863.1#TST
CIMIP4	XM_065397462.1#CIMIP4
LOC135872952	XM_065397405.1#LOC135872952
LOC135879638	XM_065405724.1#LOC135879638
LOC135873043	XM_065397518.1#LOC135873043
NCF4	XM_065418796.1#NCF4
PVALB	XM_065418324.1#PVALB
IFT27	XM_065419790.1#IFT27
IFT27	XM_065419781.1#IFT27
IFT27	XM_065419798.1#IFT27
CACNG2	XM_065422875.1#CACNG2
EIF3D	XM_065400349.1#EIF3D
EIF3D	XM_065400357.1#EIF3D
FOXRED2	XM_065421254.1#FOXRED2
TXN2	XM_065413616.1#TXN2
TXN2	XM_065413608.1#TXN2
TXN2	XM_065413599.1#TXN2
MYH9	XM_065415046.1#MYH9
RBFOX2	XM_065397511.1#RBFOX2
RBFOX2	XM_065397513.1#RBFOX2
RBFOX2	XM_065397516.1#RBFOX2
RBFOX2	XM_065397512.1#RBFOX2
RBFOX2	XM_065397515.1#RBFOX2
RBFOX2	XM_065397514.1#RBFOX2
LOC135895019	XM_065423068.1#LOC135895019
MB	XM_065423614.1#MB
RASD2	XM_065423565.1#RASD2
MCM5	XM_065414070.1#MCM5
HMOX1	XM_065422194.1#HMOX1
TOM1	XM_065423281.1#TOM1
HMGXB4	XM_065400890.1#HMGXB4
LARGE1	XM_065415070.1#LARGE1
LARGE1	XM_065415078.1#LARGE1
LARGE1	XM_065415086.1#LARGE1
LOC135875560	XM_065400451.1#LOC135875560
SYN3	XM_065409146.1#SYN3
SYN3	XM_065409137.1#SYN3
SYN3	XM_065409172.1#SYN3
SYN3	XM_065409163.1#SYN3
SYN3	XM_065409155.1#SYN3
TIMP3	XM_065414743.1#TIMP3
FBXO7	XM_065402814.1#FBXO7
LOC135874685	XM_065399598.1#LOC135874685
RTCB	XM_065414396.1#RTCB
ASCL4	XM_065397589.1#ASCL4
PRDM4	XM_065409207.1#PRDM4
PWP1	XM_065415233.1#PWP1
ABTB3	XM_065407577.1#ABTB3
CRY1	XM_065397496.1#CRY1
MTERF2	XM_065421883.1#MTERF2
MTERF2	XM_065421891.1#MTERF2
TMEM263	XM_065423869.1#TMEM263
RIC8B	XM_065407438.1#RIC8B
RIC8B	XM_065407430.1#RIC8B
RFX4	XM_065422431.1#RFX4
POLR3B	XM_065407048.1#POLR3B
TCP11L2	XM_065407529.1#TCP11L2
TCP11L2	XM_065407523.1#TCP11L2
CKAP4	XM_065423625.1#CKAP4
NUAK1	XM_065423444.1#NUAK1
APPL2	XM_065401943.1#APPL2
APPL2	XM_065401951.1#APPL2
WASHC4	XM_065408027.1#WASHC4
WASHC4	XM_065408035.1#WASHC4
ALDH1L2	XM_065423497.1#ALDH1L2
NOPCHAP1	XM_065423496.1#NOPCHAP1
SLC41A2	XM_065420067.1#SLC41A2
CHST11	XM_065423357.1#CHST11
CHST11	XM_065423356.1#CHST11
TXNRD1	XM_065397440.1#TXNRD1
NFYB	XM_065400224.1#NFYB
NFYB	XM_065400242.1#NFYB
NFYB	XM_065400251.1#NFYB
NFYB	XM_065400265.1#NFYB
HCFC2	XM_065420119.1#HCFC2
LOC135879053	XM_065404869.1#LOC135879053
GLT8D2	XM_065423348.1#GLT8D2
TDG	XM_065402141.1#TDG
TDG	XM_065402166.1#TDG
TDG	XM_065402158.1#TDG
TDG	XM_065402149.1#TDG
LOC135890656	XM_065418060.1#LOC135890656
HSP90B1	XM_065421194.1#HSP90B1
NT5DC3	XM_065416653.1#NT5DC3
STAB2	XM_065404685.1#STAB2
ASCL1	XM_065423767.1#ASCL1
PAH	XM_065402738.1#PAH
LOC135880024	XM_065406141.1#LOC135880024
IGF1	XM_065414919.1#IGF1
PMCH	XM_065403488.1#PMCH
PARPBP	XM_065403478.1#PARPBP
PARPBP	XM_065403470.1#PARPBP
NUP37	XM_065423173.1#NUP37
WASHC3	XM_065402122.1#WASHC3
WASHC3	XM_065402130.1#WASHC3
DRAM1	XM_065423333.1#DRAM1
GNPTAB	XM_065401468.1#GNPTAB
SYCP3	XM_065401485.1#SYCP3
CHPT1	XM_065401477.1#CHPT1
MYBPC1	XM_065406269.1#MYBPC1
SPIC	XM_065406390.1#SPIC
LOC135878512	XM_065404206.1#LOC135878512
TBXAS1	XM_065407299.1#TBXAS1
HIPK2	XM_065403194.1#HIPK2
HIPK2	XM_065403203.1#HIPK2
KIAA1549	XM_065419825.1#KIAA1549
TMEM213	XM_065400960.1#TMEM213
ATP6V0A4	XM_065397422.1#ATP6V0A4
ATP6V0A4	XM_065397423.1#ATP6V0A4
SVOPL	XM_065423545.1#SVOPL
TRIM24	XM_065399855.1#TRIM24
TRIM24	XM_065399863.1#TRIM24
AKR1D1	XM_065401241.1#AKR1D1
AKR1D1	XM_065401249.1#AKR1D1
LOC135880252	XM_065406523.1#LOC135880252
LOC135889477	XM_065417349.1#LOC135889477
LOC135877371	XM_065402803.1#LOC135877371
KDM7A	XM_065413755.1#KDM7A
SLC37A3	XM_065401326.1#SLC37A3
RAB19	XM_065401339.1#RAB19
MKRN1	XM_065404939.1#MKRN1
LOC135873116	XM_065397597.1#LOC135873116
DENND2A	XM_065407350.1#DENND2A
ADCK2	XM_065422796.1#ADCK2
BRAF	XM_065397596.1#BRAF
BRAF	XM_065397593.1#BRAF
BRAF	XM_065397592.1#BRAF
BRAF	XM_065397594.1#BRAF
MRPS33	XM_065413475.1#MRPS33
MRPS33	XM_065413483.1#MRPS33
MRPS33	XM_065413493.1#MRPS33
TMEM178B	XM_065423855.1#TMEM178B
AGK	XM_065417143.1#AGK
DENND11	XM_065423546.1#DENND11
WEE2	XM_065406642.1#WEE2
SSBP1	XM_065417481.1#SSBP1
SSBP1	XM_065417482.1#SSBP1
CREB3L2	XM_065420647.1#CREB3L2
CREB3L2	XM_065420651.1#CREB3L2
DGKI	XM_065403383.1#DGKI
DGKI	XM_065403389.1#DGKI
PTN	XM_065406760.1#PTN
CHRM2	XM_065423208.1#CHRM2
MTPN	XM_065402285.1#MTPN
FAM180A	XM_065399554.1#FAM180A
SLC13A4	XM_065406880.1#SLC13A4
STMP1	XM_065417582.1#STMP1
SYT10	XM_065416149.1#SYT10
PKP2	XM_065417603.1#PKP2
LOC135880817	XM_065407205.1#LOC135880817
LOC135880901	XM_065407327.1#LOC135880901
YARS2	XM_065414146.1#YARS2
DNM1L	XM_065405938.1#DNM1L
DNM1L	XM_065405215.1#DNM1L
FGD4	XM_065400765.1#FGD4
BICD1	XM_065411854.1#BICD1
BICD1	XM_065411827.1#BICD1
BICD1	XM_065411836.1#BICD1
BICD1	XM_065411819.1#BICD1
BICD1	XM_065411863.1#BICD1
BICD1	XM_065411872.1#BICD1
BICD1	XM_065411845.1#BICD1
RESF1	XM_065416178.1#RESF1
AMN1	XM_065401389.1#AMN1
ETFBKMT	XM_065423796.1#ETFBKMT
DENND5B	XM_065401374.1#DENND5B
DENND5B	XM_065401381.1#DENND5B
SINHCAF	XM_065413176.1#SINHCAF
CAPRIN2	XM_065418541.1#CAPRIN2
IPO8	XM_065418549.1#IPO8
TMTC1	XM_065417021.1#TMTC1
TMTC1	XM_065417030.1#TMTC1
OVCH1	XM_065407460.1#OVCH1
LOC135881133	XM_065407701.1#LOC135881133
LOC135881216	XM_065407821.1#LOC135881216
DDX11	XM_065402096.1#DDX11
WASHC1	XM_065412573.1#WASHC1
IQSEC3	XM_065418077.1#IQSEC3
LOC135881299	XM_065407946.1#LOC135881299
LOC135893550	XM_065421393.1#LOC135893550
LOC135881381	XM_065408066.1#LOC135881381
LOC135886503	XM_065414237.1#LOC135886503
LOC135882997	XM_065410024.1#LOC135882997
LOC135881580	XM_065408271.1#LOC135881580
LOC135893184	XM_065420985.1#LOC135893184
LOC135881681	XM_065408391.1#LOC135881681
LOC135892024	XM_065419709.1#LOC135892024
LOC135892020	XM_065419695.1#LOC135892020
LOC135881765	XM_065408510.1#LOC135881765
LOC135891824	XM_065419497.1#LOC135891824
LOC135881943	XM_065408752.1#LOC135881943
LOC135892459	XM_065420252.1#LOC135892459
LOC135895239	XM_065423316.1#LOC135895239
LOC135891577	XM_065419164.1#LOC135891577
LOC135873058	XM_065397533.1#LOC135873058
KDM5A	XM_065399196.1#KDM5A
CCDC77	XM_065406962.1#CCDC77
B4GALNT3	XM_065406950.1#B4GALNT3
NINJ2	XM_065408844.1#NINJ2
WNK1	XM_065406985.1#WNK1
RAD52	XM_065406974.1#RAD52
ERC1	XM_065406940.1#ERC1
FBXL14	XM_065416314.1#FBXL14
WNT5B	XM_065401595.1#WNT5B
ADIPOR2	XM_065416518.1#ADIPOR2
CACNA2D4	XM_065408969.1#CACNA2D4
LRTM2	XM_065423779.1#LRTM2
DCP1B	XM_065403351.1#DCP1B
CACNA1C	XM_065403340.1#CACNA1C
CACNA1C	XM_065403334.1#CACNA1C
IL17RA	XM_065423411.1#IL17RA
TMEM121B	XM_065399103.1#TMEM121B
HDHD5	XM_065418285.1#HDHD5
ADA2	XM_065415299.1#ADA2
LOC135882223	XM_065409088.1#LOC135882223
SLC25A18	XM_065422218.1#SLC25A18
ATP6V1E1	XM_065406688.1#ATP6V1E1
BCL2L13	XM_065423639.1#BCL2L13
BCL2L13	XM_065423637.1#BCL2L13
BCL2L13	XM_065423636.1#BCL2L13
BCL2L13	XM_065423642.1#BCL2L13
BID	XM_065423643.1#BID
BID	XM_065423644.1#BID
MICAL3	XM_065405164.1#MICAL3
MICAL3	XM_065405156.1#MICAL3
MICAL3	XM_065405150.1#MICAL3
PEX26	XM_065417904.1#PEX26
LOC135883842	XM_065411104.1#LOC135883842
LOC135884125	XM_065411420.1#LOC135884125
USP18	XM_065419636.1#USP18
LOC135889181	XM_065417007.1#LOC135889181
LOC135894591	XM_065422729.1#LOC135894591
LOC135890761	XM_065418181.1#LOC135890761
LOC135882328	XM_065409219.1#LOC135882328
LOC135884434	XM_065411807.1#LOC135884434
LOC135874422	XM_065399240.1#LOC135874422
BPGM	XM_065411905.1#BPGM
BPGM	XM_065411897.1#BPGM
BPGM	XM_065411916.1#BPGM
BPGM	XM_065411924.1#BPGM
CALD1	XM_065410308.1#CALD1
LOC135876633	XM_065401913.1#LOC135876633
LOC135882392	XM_065409323.1#LOC135882392
LOC135885416	XM_065413104.1#LOC135885416
LOC135884780	XM_065412330.1#LOC135884780
LOC135884812	XM_065412362.1#LOC135884812
LOC135885594	XM_065413416.1#LOC135885594
RERG	XM_065423680.1#RERG
RERG	XM_065423679.1#RERG
PTPRO	XM_065417893.1#PTPRO
EPS8	XM_065411684.1#EPS8
EPS8	XM_065411675.1#EPS8
EPS8	XM_065411692.1#EPS8
STRAP	XM_065398931.1#STRAP
DERA	XM_065406133.1#DERA
LOC135882481	XM_065409443.1#LOC135882481
SLC15A5	XM_065399114.1#SLC15A5
MGST1	XM_065404711.1#MGST1
MGST1	XM_065404719.1#MGST1
LMO3	XM_065421092.1#LMO3
RERGL	XM_065397427.1#RERGL
PIK3C2G	XM_065420952.1#PIK3C2G
PLCZ1	XM_065423279.1#PLCZ1
CAPZA3	XM_065399572.1#CAPZA3
PLEKHA5	XM_065422970.1#PLEKHA5
PLEKHA5	XM_065422971.1#PLEKHA5
PLEKHA5	XM_065422972.1#PLEKHA5
AEBP2	XM_065404125.1#AEBP2
PDE3A	XM_065417047.1#PDE3A
SLCO1C1	XM_065405220.1#SLCO1C1
SLCO1C1	XM_065405228.1#SLCO1C1
LOC135877298	XM_065402714.1#LOC135877298
LOC135875786	XM_065400803.1#LOC135875786
LOC135875033	XM_065400016.1#LOC135875033
IAPP	XM_065399162.1#IAPP
PYROXD1	XM_065417720.1#PYROXD1
PYROXD1	XM_065417729.1#PYROXD1
RECQL	XM_065423300.1#RECQL
GOLT1B	XM_065400412.1#GOLT1B
BCAT1	XM_065411516.1#BCAT1
BCAT1	XM_065411532.1#BCAT1
BCAT1	XM_065411490.1#BCAT1
BCAT1	XM_065411508.1#BCAT1
BCAT1	XM_065411499.1#BCAT1
BCAT1	XM_065411524.1#BCAT1
BCAT1	XM_065411483.1#BCAT1
SOX5	XM_065405070.1#SOX5
SOX5	XM_065405085.1#SOX5
SOX5	XM_065405079.1#SOX5
ETNK1	XM_065402463.1#ETNK1
C2CD5	XM_065397787.1#C2CD5
ST8SIA1	XM_065423402.1#ST8SIA1
LOC135895703	XM_065423849.1#LOC135895703
CMAS	XM_065422113.1#CMAS
ABCC9	XM_065399835.1#ABCC9
ABCC9	XM_065399843.1#ABCC9
KCNJ8	XM_065413048.1#KCNJ8
LDHB	XM_065423750.1#LDHB
GYS2	XM_065413880.1#GYS2
SPX	XM_065409915.1#SPX
IRAG2	XM_065410005.1#IRAG2
DNAI7	XM_065410120.1#DNAI7
ETFRF1	XM_065410144.1#ETFRF1
ETFRF1	XM_065410135.1#ETFRF1
ETFRF1	XM_065410152.1#ETFRF1
KRAS	XM_065398612.1#KRAS
KRAS	XM_065398604.1#KRAS
LMNTD1	XM_065423769.1#LMNTD1
RASSF8	XM_065423370.1#RASSF8
BHLHE41	XM_065423517.1#BHLHE41
SSPN	XM_065397401.1#SSPN
ITPR2	XM_065418887.1#ITPR2
ITPR2	XM_065418895.1#ITPR2
ITPR2	XM_065418878.1#ITPR2
INTS13	XM_065414129.1#INTS13
FGFR1OP2	XM_065404348.1#FGFR1OP2
FGFR1OP2	XM_065404355.1#FGFR1OP2
TM7SF3	XM_065416234.1#TM7SF3
MED21	XM_065402210.1#MED21
LOC135873101	XM_065397579.1#LOC135873101
STK38L	XM_065417320.1#STK38L
BMAL2	XM_065410228.1#BMAL2
PPFIBP1	XM_065403735.1#PPFIBP1
REP15	XM_065400602.1#REP15
LOC135876473	XM_065401710.1#LOC135876473
LOC135876473	XM_065401718.1#LOC135876473
LOC135876473	XM_065401702.1#LOC135876473
LOC135883343	XM_065410437.1#LOC135883343
A4GALT	XM_065423561.1#A4GALT
ARFGAP3	XM_065397580.1#ARFGAP3
PACSIN2	XM_065409768.1#PACSIN2
TTLL1	XM_065423310.1#TTLL1
MCAT	XM_065421582.1#MCAT
TSPO	XM_065420663.1#TSPO
TTLL12	XM_065416976.1#TTLL12
SCUBE1	XM_065410229.1#SCUBE1
MPPED1	XM_065423307.1#MPPED1
EFCAB6	XM_065421650.1#EFCAB6
SULT4A1	XM_065423352.1#SULT4A1
LOC135886155	XM_065414019.1#LOC135886155
SAMM50	XM_065403292.1#SAMM50
PARVB	XM_065423564.1#PARVB
PARVG	XM_065423575.1#PARVG
SHISAL1	XM_065423585.1#SHISAL1
ARHGAP8	XM_065403254.1#ARHGAP8
ARHGAP8	XM_065403237.1#ARHGAP8
ARHGAP8	XM_065403246.1#ARHGAP8
ARHGAP8	XM_065403264.1#ARHGAP8
PHF21B	XM_065416945.1#PHF21B
NUP50	XM_065417639.1#NUP50
KIAA0930	XM_065416957.1#KIAA0930
KIAA0930	XM_065416965.1#KIAA0930
UPK3A	XM_065410562.1#UPK3A
UPK2	XM_065400315.1#UPK2
FAM118A	XM_065422338.1#FAM118A
SMC1B	XM_065413864.1#SMC1B
RIBC2	XM_065423730.1#RIBC2
FBLN1	XM_065410693.1#FBLN1
ATXN10	XM_065423224.1#ATXN10
WNT7B	XM_065397708.1#WNT7B
WNT7B	XM_065397699.1#WNT7B
PPARA	XM_065400606.1#PPARA
CDPF1	XM_065421014.1#CDPF1
CDPF1	XM_065421007.1#CDPF1
PKDREJ	XM_065406016.1#PKDREJ
LOC135895184	XM_065423256.1#LOC135895184
LOC135890522	XM_065417946.1#LOC135890522
LOC135895182	XM_065423255.1#LOC135895182
LOC135885257	XM_065412892.1#LOC135885257
LOC135885257	XM_065412886.1#LOC135885257
LOC135885257	XM_065412918.1#LOC135885257
LOC135883575	XM_065410816.1#LOC135883575
ETV6	XM_065404774.1#ETV6
ETV6	XM_065404783.1#ETV6
ETV6	XM_065404791.1#ETV6
BCL2L14	XM_065405315.1#BCL2L14
LRP6	XM_065398640.1#LRP6
LRP6	XM_065398561.1#LRP6
LRP6	XM_065398483.1#LRP6
LRP6	XM_065398421.1#LRP6
LRP6	XM_065398375.1#LRP6
MANSC1	XM_065423667.1#MANSC1
BORCS5	XM_065418576.1#BORCS5
DUSP16	XM_065422534.1#DUSP16
CREBL2	XM_065403082.1#CREBL2
GPR19	XM_065423755.1#GPR19
CDKN1B	XM_065399272.1#CDKN1B
LOC135883765	XM_065411048.1#LOC135883765
MRPS35	XM_065412696.1#MRPS35
MANSC4	XM_065398863.1#MANSC4
KLHL42	XM_065397406.1#KLHL42
LOC135883860	XM_065411162.1#LOC135883860
PTHLH	XM_065397439.1#PTHLH
CCDC91	XM_065420717.1#CCDC91
LOC135892365	XM_065420103.1#LOC135892365
FAR2	XM_065423603.1#FAR2
LOC135895492	XM_065423602.1#LOC135895492
LOC135895495	XM_065423604.1#LOC135895495
LOC135883962	XM_065411276.1#LOC135883962
LOC135895491	XM_065423601.1#LOC135895491
CD9	XM_065423605.1#CD9
VWF	XM_065410272.1#VWF
ANO2	XM_065411472.1#ANO2
NTF3	XM_065418583.1#NTF3
LOC135884274	XM_065411588.1#LOC135884274
LOC135884432	XM_065411841.1#LOC135884432
KCNA5	XM_065401677.1#KCNA5
LOC135895325	XM_065423398.1#LOC135895325
LOC135877264	XM_065402664.1#LOC135877264
LOC135877124	XM_065402473.1#LOC135877124
LOC135884603	XM_065412060.1#LOC135884603
LOC135878397	XM_065404101.1#LOC135878397
GALNT8	XM_065421062.1#GALNT8
GALNT8	XM_065421055.1#GALNT8
NDUFA9	XM_065408428.1#NDUFA9
AKAP3	XM_065412196.1#AKAP3
CCND2	XM_065415269.1#CCND2
TIGAR	XM_065420555.1#TIGAR
FGF23	XM_065415983.1#FGF23
FGF6	XM_065423783.1#FGF6
FERRY3	XM_065416607.1#FERRY3
RAD51AP1	XM_065408102.1#RAD51AP1
DYRK4	XM_065421182.1#DYRK4
PARP11	XM_065418616.1#PARP11
PARP11	XM_065418625.1#PARP11
PARP11	XM_065418634.1#PARP11
PARP11	XM_065418608.1#PARP11
CRACR2A	XM_065423785.1#CRACR2A
PRMT8	XM_065402831.1#PRMT8
TSPAN11	XM_065422455.1#TSPAN11
TSPAN9	XM_065405869.1#TSPAN9
TSPAN9	XM_065405861.1#TSPAN9
TSPAN9	XM_065405857.1#TSPAN9
TSPAN9	XM_065405856.1#TSPAN9
TEAD4	XM_065412322.1#TEAD4
TULP3	XM_065420705.1#TULP3
LOC135875215	XM_065400247.1#LOC135875215
FOXM1	XM_065417780.1#FOXM1
TEX52	XM_065412561.1#TEX52
NRIP2	XM_065422855.1#NRIP2
ITFG2	XM_065422854.1#ITFG2
FKBP4	XM_065403116.1#FKBP4
LOC135893174	XM_065420974.1#LOC135893174
LOC135885113	XM_065412782.1#LOC135885113
LOC135885209	XM_065412879.1#LOC135885209
LOC135873024	XM_065397494.1#LOC135873024
LOC135885302	XM_065413001.1#LOC135885302
LOC135872963	XM_065397420.1#LOC135872963
LOC135895447	XM_065423559.1#LOC135895447
NECAP1	XM_065400426.1#NECAP1
LOC135895236	XM_065423313.1#LOC135895236
LOC135895165	XM_065423235.1#LOC135895165
FOXJ2	XM_065404699.1#FOXJ2
LOC135890868	XM_065418336.1#LOC135890868
LOC135885395	XM_065413108.1#LOC135885395
LOC135885472	XM_065413230.1#LOC135885472
LOC135873117	XM_065397599.1#LOC135873117
LOC135885546	XM_065413367.1#LOC135885546
LOC135875734	XM_065400736.1#LOC135875734
LOC135875734	XM_065400726.1#LOC135875734
LOC135875734	XM_065400717.1#LOC135875734
LOC135875749	XM_065400756.1#LOC135875749
LOC135885805	XM_065413709.1#LOC135885805
LOC135895332	XM_065423403.1#LOC135895332
LOC135874532	XM_065399439.1#LOC135874532
AICDA	XM_065413488.1#AICDA
MFAP5	XM_065397520.1#MFAP5
RIMKLB	XM_065423404.1#RIMKLB
A2ML1	XM_065423289.1#A2ML1
LOC135885688	XM_065413620.1#LOC135885688
LOC135885786	XM_065413725.1#LOC135885786
LOC135895215	XM_065423290.1#LOC135895215
LOC135890618	XM_065418042.1#LOC135890618
LOC135885998	XM_065413925.1#LOC135885998
LOC135895218	XM_065423294.1#LOC135895218
M6PR	XM_065423292.1#M6PR
PHC1	XM_065423291.1#PHC1
LOC135895211	XM_065423287.1#LOC135895211
LOC135895211	XM_065423286.1#LOC135895211
LOC135886104	XM_065414010.1#LOC135886104
LOC135886323	XM_065414153.1#LOC135886323
LOC135895212	XM_065423288.1#LOC135895212
LOC135886431	XM_065414191.1#LOC135886431
LOC135886527	XM_065414302.1#LOC135886527
LOC135886914	XM_065414726.1#LOC135886914
LOC135887217	XM_065415024.1#LOC135887217
LOC135873059	XM_065397534.1#LOC135873059
LOC135873065	XM_065397539.1#LOC135873065
LOC135890739	XM_065418148.1#LOC135890739
LOC135890768	XM_065418193.1#LOC135890768
LOC135890878	XM_065418348.1#LOC135890878
LOC135873063	XM_065397538.1#LOC135873063
LOC135890989	XM_065418478.1#LOC135890989
LOC135873061	XM_065397536.1#LOC135873061
LOC135873060	XM_065397535.1#LOC135873060
LOC135891080	XM_065418573.1#LOC135891080
LOC135891184	XM_065418675.1#LOC135891184
LOC135891237	XM_065418748.1#LOC135891237
LOC135873062	XM_065397537.1#LOC135873062
LOC135872960	XM_065397418.1#LOC135872960
LOC135895564	XM_065423681.1#LOC135895564
LOC135895719	XM_065423866.1#LOC135895719
LOC135873033	XM_065397502.1#LOC135873033
LOC135887323	XM_065415125.1#LOC135887323
LOC135887425	XM_065415212.1#LOC135887425
TMEM52B	XM_065415296.1#TMEM52B
GABARAPL1	XM_065400282.1#GABARAPL1
LOC135887639	XM_065415391.1#LOC135887639
LOC135873113	XM_065397591.1#LOC135873113
LOC135874367	XM_065399173.1#LOC135874367
LOC135887730	XM_065415501.1#LOC135887730
LOC135887813	XM_065415619.1#LOC135887813
LOC135878815	XM_065404547.1#LOC135878815
LOC135873039	XM_065397507.1#LOC135873039
LOC135887906	XM_065415735.1#LOC135887906
LOC135888103	XM_065415946.1#LOC135888103
LOC135876357	XM_065401546.1#LOC135876357
LOC135874773	XM_065399702.1#LOC135874773
LOC135888310	XM_065416153.1#LOC135888310
LOC135888417	XM_065416259.1#LOC135888417
LOC135895662	XM_065423800.1#LOC135895662
LOC135895268	XM_065423344.1#LOC135895268
STYK1	XM_065423245.1#STYK1
SYCE3	XM_065410605.1#SYCE3
YBX3	XM_065400277.1#YBX3
YBX3	XM_065400275.1#YBX3
LOC135875640	XM_065400600.1#LOC135875640
LOC135886665	XM_065414449.1#LOC135886665
LOC135895344	XM_065423434.1#LOC135895344
LOC135888643	XM_065416381.1#LOC135888643
LOC135885579	XM_065413391.1#LOC135885579
LOC135885588	XM_065413403.1#LOC135885588
LOC135887860	XM_065415647.1#LOC135887860
LOC135887860	XM_065415638.1#LOC135887860
LOC135875565	XM_065400465.1#LOC135875565
LOC135888531	XM_065416312.1#LOC135888531
LOC135874252	XM_065399038.1#LOC135874252
LOC135893862	XM_065422205.1#LOC135893862
LOC135888650	XM_065416425.1#LOC135888650
LOC135873487	XM_065398023.1#LOC135873487
LOC135876585	XM_065401854.1#LOC135876585
LOC135876575	XM_065401843.1#LOC135876575
LOC135882850	XM_065409881.1#LOC135882850
LOC135884649	XM_065412130.1#LOC135884649
LOC135884761	XM_065412306.1#LOC135884761
KEL	XM_065408778.1#KEL
KEL	XM_065408743.1#KEL
KEL	XM_065408770.1#KEL
KEL	XM_065408753.1#KEL
KEL	XM_065408736.1#KEL
KEL	XM_065408761.1#KEL
KEL	XM_065408786.1#KEL
KEL	XM_065408787.1#KEL
KEL	XM_065408788.1#KEL
CD163L1	XM_065408724.1#CD163L1
EPHA1	XM_065412449.1#EPHA1
ZYX	XM_065403276.1#ZYX
FAM131B	XM_065423610.1#FAM131B
FAM131B	XM_065423611.1#FAM131B
CLCN1	XM_065417202.1#CLCN1
CASP2	XM_065401787.1#CASP2
TMEM139	XM_065400193.1#TMEM139
LOC135889995	XM_065417754.1#LOC135889995
GSTK1	XM_065401798.1#GSTK1
PEX5	XM_065407541.1#PEX5
LOC135878879	XM_065404605.1#LOC135878879
LOC135878879	XM_065404614.1#LOC135878879
CLSTN3	XM_065404959.1#CLSTN3
CLSTN3	XM_065404951.1#CLSTN3
RBP5	XM_065421450.1#RBP5
C1R	XM_065417309.1#C1R
C1S	XM_065422127.1#C1S
LPCAT3	XM_065416275.1#LPCAT3
EMG1	XM_065420325.1#EMG1
PHB2	XM_065400575.1#PHB2
PTPN6	XM_065399881.1#PTPN6
PTPN6	XM_065399874.1#PTPN6
C1H12orf57	XM_065416777.1#C1H12orf57
C1H12orf57	XM_065416783.1#C1H12orf57
C1H12orf57	XM_065416770.1#C1H12orf57
ATN1	XM_065414940.1#ATN1
ENO2	XM_065405708.1#ENO2
LRRC23	XM_065423467.1#LRRC23
TPI1	XM_065407553.1#TPI1
USP5	XM_065397413.1#USP5
USP5	XM_065397412.1#USP5
USP5	XM_065397411.1#USP5
USP5	XM_065397410.1#USP5
USP5	XM_065397409.1#USP5
CDCA3	XM_065397417.1#CDCA3
GNB3	XM_065397416.1#GNB3
GNB3	XM_065397415.1#GNB3
GNB3	XM_065397414.1#GNB3
P3H3	XM_065408272.1#P3H3
GPR162	XM_065408283.1#GPR162
CD4	XM_065423194.1#CD4
LAG3	XM_065397583.1#LAG3
PTMS	XM_065399585.1#PTMS
MLF2	XM_065403916.1#MLF2
MLF2	XM_065403932.1#MLF2
MLF2	XM_065403924.1#MLF2
COPS7A	XM_065404592.1#COPS7A
PIANP	XM_065423831.1#PIANP
ZNF384	XM_065403061.1#ZNF384
ZNF384	XM_065403069.1#ZNF384
ING4	XM_065406756.1#ING4
ING4	XM_065406764.1#ING4
ING4	XM_065406772.1#ING4
ING4	XM_065406780.1#ING4
ACRBP	XM_065417406.1#ACRBP
LOC135884953	XM_065412917.1#LOC135884953
LPAR5	XM_065423789.1#LPAR5
CHD4	XM_065423861.1#CHD4
NOP2	XM_065403653.1#NOP2
IFFO1	XM_065416905.1#IFFO1
IFFO1	XM_065416920.1#IFFO1
IFFO1	XM_065416927.1#IFFO1
IFFO1	XM_065416934.1#IFFO1
IFFO1	XM_065416913.1#IFFO1
GAPDH	XM_065399464.1#GAPDH
NCAPD2	XM_065412071.1#NCAPD2
MRPL51	XM_065414430.1#MRPL51
MRPL51	XM_065414438.1#MRPL51
VAMP1	XM_065422359.1#VAMP1
SCNN1A	XM_065417915.1#SCNN1A
FBXO40	XM_065423773.1#FBXO40
KPNA1	XM_065403407.1#KPNA1
FAM162A	XM_065419936.1#FAM162A
MIX23	XM_065416403.1#MIX23
MIX23	XM_065416412.1#MIX23
MIX23	XM_065416420.1#MIX23
LOC135891915	XM_065419604.1#LOC135891915
LOC135895441	XM_065423552.1#LOC135895441
LOC135889624	XM_065417460.1#LOC135889624
LOC135878044	XM_065403607.1#LOC135878044
CASR	XM_065420917.1#CASR
MAN1A2	XM_065408870.1#MAN1A2
LOC135895640	XM_065423780.1#LOC135895640
ZNF697	XM_065417472.1#ZNF697
LOC135895310	XM_065423382.1#LOC135895310
HAO2	XM_065423214.1#HAO2
HAO2	XM_065423213.1#HAO2
WARS2	XM_065423555.1#WARS2
TBX15	XM_065417459.1#TBX15
SPAG17	XM_065399127.1#SPAG17
WDR3	XM_065399139.1#WDR3
GDAP2	XM_065404238.1#GDAP2
GDAP2	XM_065404230.1#GDAP2
GDAP2	XM_065404245.1#GDAP2
TENT5C	XM_065410921.1#TENT5C
DUSP12	XM_065420000.1#DUSP12
ATP6V1A	XM_065407404.1#ATP6V1A
NAA50	XM_065417483.1#NAA50
USF3	XM_065417385.1#USF3
SIDT1	XM_065406433.1#SIDT1
SPICE1	XM_065420764.1#SPICE1
TRIM45	XM_065423353.1#TRIM45
VTCN1	XM_065397433.1#VTCN1
CTC1	XM_065419615.1#CTC1
TNFRSF1A	XM_065406712.1#TNFRSF1A
TNFRSF1A	XM_065406720.1#TNFRSF1A
METTL16	XM_065413640.1#METTL16
POLQ	XM_065416674.1#POLQ
STXBP5L	XM_065413813.1#STXBP5L
STXBP5L	XM_065413804.1#STXBP5L
GTF2E1	XM_065410297.1#GTF2E1
RABL3	XM_065411782.1#RABL3
HGD	XM_065418205.1#HGD
NDUFB4	XM_065420430.1#NDUFB4
FSTL1	XM_065417493.1#FSTL1
LRRC58	XM_065408957.1#LRRC58
GPR156	XM_065423590.1#GPR156
GSK3B	XM_065400070.1#GSK3B
GSK3B	XM_065400102.1#GSK3B
GSK3B	XM_065400086.1#GSK3B
GSK3B	XM_065400078.1#GSK3B
CFAP91	XM_065417594.1#CFAP91
LOC135890311	XM_065417712.1#LOC135890311
LOC135890391	XM_065417834.1#LOC135890391
LOC135890486	XM_065417942.1#LOC135890486
LOC135883039	XM_065410079.1#LOC135883039
POPDC2	XM_065423268.1#POPDC2
POPDC2	XM_065423270.1#POPDC2
POPDC2	XM_065423269.1#POPDC2
PLA1A	XM_065423215.1#PLA1A
CD58	XM_065418041.1#CD58
ATP1A1	XM_065408078.1#ATP1A1
MAB21L3	XM_065397471.1#MAB21L3
SLC22A15	XM_065420837.1#SLC22A15
NHLH2	XM_065423669.1#NHLH2
CASQ2	XM_065417496.1#CASQ2
VANGL1	XM_065422520.1#VANGL1
CHD1L	XM_065409194.1#CHD1L
CHD1L	XM_065409185.1#CHD1L
LOC135885282	XM_065412930.1#LOC135885282
TMEM39A	XM_065413699.1#TMEM39A
B4GALT4	XM_065414886.1#B4GALT4
LOC135881523	XM_065408195.1#LOC135881523
LOC135881523	XM_065408202.1#LOC135881523
LOC135887559	XM_065415289.1#LOC135887559
ARHGAP31	XM_065423207.1#ARHGAP31
UPK1B	XM_065423199.1#UPK1B
IGSF11	XM_065422900.1#IGSF11
IGSF11	XM_065422908.1#IGSF11
IGSF11	XM_065422884.1#IGSF11
IGSF11	XM_065422891.1#IGSF11
LOC135890699	XM_065418135.1#LOC135890699
LSAMP	XM_065406744.1#LSAMP
GAP43	XM_065418259.1#GAP43
ZBTB20	XM_065407938.1#ZBTB20
TIGIT	XM_065419940.1#TIGIT
DRD3	XM_065417854.1#DRD3
QTRT2	XM_065422775.1#QTRT2
CCDC191	XM_065414359.1#CCDC191
ZDHHC23	XM_065423751.1#ZDHHC23
LOC135890874	XM_065418379.1#LOC135890874
GRAMD1C	XM_065418494.1#GRAMD1C
LOC135873050	XM_065397525.1#LOC135873050
CLDND1	XM_065412832.1#CLDND1
GPR15	XM_065423631.1#GPR15
LOC135873047	XM_065397522.1#LOC135873047
ILDR1	XM_065423608.1#ILDR1
CFAP44	XM_065423448.1#CFAP44
BOC	XM_065415004.1#BOC
NEPRO	XM_065423378.1#NEPRO
TAF13	XM_065410227.1#TAF13
LOC135895415	XM_065423522.1#LOC135895415
LOC135884517	XM_065411935.1#LOC135884517
LOC135888769	XM_065416551.1#LOC135888769
LOC135891176	XM_065418703.1#LOC135891176
GTPBP8	XM_065414948.1#GTPBP8
GTPBP8	XM_065414956.1#GTPBP8
LOC135891355	XM_065418906.1#LOC135891355
CCDC80	XM_065423464.1#CCDC80
SLC35A5	XM_065400641.1#SLC35A5
ATG3	XM_065400628.1#ATG3
LOC135878063	XM_065403629.1#LOC135878063
LOC135891264	XM_065418825.1#LOC135891264
LOC135878052	XM_065403618.1#LOC135878052
SLC19A2	XM_065418136.1#SLC19A2
CCDC181	XM_065397429.1#CCDC181
BLZF1	XM_065410239.1#BLZF1
NME7	XM_065417040.1#NME7
ATP1B1	XM_065419123.1#ATP1B1
DPT	XM_065423740.1#DPT
LOC135873119	XM_065397600.1#LOC135873119
TBX19	XM_065417298.1#TBX19
SFT2D2	XM_065417616.1#SFT2D2
TIPRL	XM_065413865.1#TIPRL
TIPRL	XM_065413871.1#TIPRL
GPR161	XM_065423474.1#GPR161
TTF2	XM_065415907.1#TTF2
CPOX	XM_065398920.1#CPOX
LOC135891354	XM_065418940.1#LOC135891354
ST3GAL6	XM_065415931.1#ST3GAL6
ST3GAL6	XM_065415968.1#ST3GAL6
ST3GAL6	XM_065415923.1#ST3GAL6
ST3GAL6	XM_065415954.1#ST3GAL6
ST3GAL6	XM_065415961.1#ST3GAL6
ST3GAL6	XM_065415947.1#ST3GAL6
ST3GAL6	XM_065415939.1#ST3GAL6
ST3GAL6	XM_065415915.1#ST3GAL6
ST3GAL6	XM_065415992.1#ST3GAL6
ST3GAL6	XM_065415975.1#ST3GAL6
COL8A1	XM_065414976.1#COL8A1
DCBLD2	XM_065419040.1#DCBLD2
LOC135894825	XM_065422935.1#LOC135894825
CMSS1	XM_065423240.1#CMSS1
FILIP1L	XM_065420452.1#FILIP1L
FILIP1L	XM_065420446.1#FILIP1L
TBC1D23	XM_065407210.1#TBC1D23
NIT2	XM_065414531.1#NIT2
TOMM70	XM_065408209.1#TOMM70
LNP1	XM_065419163.1#LNP1
TMEM45A	XM_065423599.1#TMEM45A
ADGRG7	XM_065423582.1#ADGRG7
TFG	XM_065401265.1#TFG
TFG	XM_065401281.1#TFG
TFG	XM_065401273.1#TFG
ABI3BP	XM_065423543.1#ABI3BP
LOC135893895	XM_065421859.1#LOC135893895
IMPG2	XM_065419283.1#IMPG2
SENP7	XM_065401666.1#SENP7
LOC135891725	XM_065419407.1#LOC135891725
TXNL4B	XM_065401108.1#TXNL4B
TRMT10C	XM_065401096.1#TRMT10C
TRMT10C	XM_065401088.1#TRMT10C
PCNP	XM_065403587.1#PCNP
PCNP	XM_065403568.1#PCNP
PCNP	XM_065403577.1#PCNP
PCNP	XM_065403595.1#PCNP
ZBTB11	XM_065405008.1#ZBTB11
RPL24	XM_065403104.1#RPL24
CEP97	XM_065421513.1#CEP97
NXPE3	XM_065400946.1#NXPE3
NFKBIZ	XM_065400936.1#NFKBIZ
LOC135888716	XM_065416485.1#LOC135888716
ZPLD1	XM_065423617.1#ZPLD1
ALCAM	XM_065420187.1#ALCAM
CBLB	XM_065423860.1#CBLB
CBLB	XM_065423859.1#CBLB
BBX	XM_065419519.1#BBX
CD47	XM_065404544.1#CD47
CD47	XM_065404545.1#CD47
IFT57	XM_065412739.1#IFT57
HHLA2	XM_065397567.1#HHLA2
MYH15	XM_065401558.1#MYH15
MYH15	XM_065401565.1#MYH15
CIP2A	XM_065417065.1#CIP2A
SH2D1B	XM_065423004.1#SH2D1B
LOC135891910	XM_065419633.1#LOC135891910
LOC135874156	XM_065398908.1#LOC135874156
HJURP	XM_065418699.1#HJURP
GUCA1C	XM_065415033.1#GUCA1C
MORC1	XM_065423128.1#MORC1
C1H3orf85	XM_065419732.1#C1H3orf85
NECTIN3	XM_065419836.1#NECTIN3
CD96	XM_065397464.1#CD96
PLCXD2	XM_065423817.1#PLCXD2
PHLDB2	XM_065416360.1#PHLDB2
PHLDB2	XM_065416369.1#PHLDB2
ABHD10	XM_065414493.1#ABHD10
TAGLN3	XM_065419318.1#TAGLN3
TMPRSS7	XM_065423198.1#TMPRSS7
LOC135895555	XM_065423671.1#LOC135895555
C1H3orf52	XM_065419148.1#C1H3orf52
CD200	XM_065399620.1#CD200
LOC135891652	XM_065419271.1#LOC135891652
BTLA	XM_065423465.1#BTLA
LOC135895535	XM_065423651.1#LOC135895535
ZNF654	XM_065418666.1#ZNF654
C1H3orf38	XM_065423746.1#C1H3orf38
EPHA3	XM_065406996.1#EPHA3
EPHA3	XM_065407004.1#EPHA3
PROS1	XM_065407256.1#PROS1
ARL13B	XM_065412498.1#ARL13B
STX19	XM_065397421.1#STX19
NSUN3	XM_065397430.1#NSUN3
EPHA6	XM_065406410.1#EPHA6
EPHA6	XM_065406419.1#EPHA6
ARL6	XM_065421748.1#ARL6
ARL6	XM_065421756.1#ARL6
CRYBG3	XM_065423274.1#CRYBG3
RIOX2	XM_065416475.1#RIOX2
RIOX2	XM_065416467.1#RIOX2
GABRR3	XM_065420263.1#GABRR3
DCAF6	XM_065397437.1#DCAF6
DCAF6	XM_065397436.1#DCAF6
MPC2	XM_065417812.1#MPC2
MPC2	XM_065417820.1#MPC2
LOC135876494	XM_065401729.1#LOC135876494
LOC135892372	XM_065420178.1#LOC135892372
LOC135892466	XM_065420291.1#LOC135892466
RCSD1	XM_065414138.1#RCSD1
RCSD1	XM_065414135.1#RCSD1
CREG1	XM_065420397.1#CREG1
CD247	XM_065414263.1#CD247
CD247	XM_065414272.1#CD247
POU2F1	XM_065408319.1#POU2F1
STYXL2	XM_065423184.1#STYXL2
GPA33	XM_065397447.1#GPA33
MAEL	XM_065423558.1#MAEL
ILDR2	XM_065420495.1#ILDR2
LOC135877756	XM_065403316.1#LOC135877756
LOC135877756	XM_065403310.1#LOC135877756
LOC135891729	XM_065419371.1#LOC135891729
LOC135895618	XM_065423758.1#LOC135895618
CD2	XM_065419074.1#CD2
PTGFRN	XM_065420600.1#PTGFRN
CD101	XM_065420906.1#CD101
IGSF3	XM_065419441.1#IGSF3
ADPRH	XM_065405847.1#ADPRH
CD80	XM_065397425.1#CD80
TIMMDC1	XM_065411402.1#TIMMDC1
POGLUT1	XM_065421121.1#POGLUT1
LOC135892882	XM_065420678.1#LOC135892882
LOC135892975	XM_065420793.1#LOC135892975
BCL9	XM_065422090.1#BCL9
ACP6	XM_065418066.1#ACP6
GJA5	XM_065414633.1#GJA5
GJA8	XM_065408262.1#GJA8
GPR89B	XM_065403138.1#GPR89B
GPR89B	XM_065403145.1#GPR89B
PDZK1	XM_065423389.1#PDZK1
HTR1F	XM_065423388.1#HTR1F
POU1F1	XM_065422818.1#POU1F1
POU1F1	XM_065422826.1#POU1F1
CHMP2B	XM_065402701.1#CHMP2B
VGLL3	XM_065397431.1#VGLL3
CADM2	XM_065415870.1#CADM2
CADM2	XM_065415862.1#CADM2
GBE1	XM_065399789.1#GBE1
ROBO1	XM_065420893.1#ROBO1
ROBO2	XM_065421111.1#ROBO2
LIPI	XM_065419088.1#LIPI
RBM11	XM_065423203.1#RBM11
LOC135877745	XM_065403301.1#LOC135877745
HSPA13	XM_065420398.1#HSPA13
SAMSN1	XM_065423241.1#SAMSN1
NRIP1	XM_065423836.1#NRIP1
USP25	XM_065417106.1#USP25
CXADR	XM_065423336.1#CXADR
C1H21orf91	XM_065407970.1#C1H21orf91
C1H21orf91	XM_065407962.1#C1H21orf91
CHODL	XM_065397463.1#CHODL
TMPRSS15	XM_065421225.1#TMPRSS15
NCAM2	XM_065401487.1#NCAM2
MRPL39	XM_065412703.1#MRPL39
MRPL39	XM_065412708.1#MRPL39
JAM2	XM_065402008.1#JAM2
JAM2	XM_065402014.1#JAM2
JAM2	XM_065402023.1#JAM2
JAM2	XM_065402053.1#JAM2
JAM2	XM_065402069.1#JAM2
JAM2	XM_065402061.1#JAM2
ATP5PF	XM_065401152.1#ATP5PF
ATP5PF	XM_065401186.1#ATP5PF
ATP5PF	XM_065401144.1#ATP5PF
ATP5PF	XM_065401161.1#ATP5PF
ATP5PF	XM_065401178.1#ATP5PF
ATP5PF	XM_065401170.1#ATP5PF
GABPA	XM_065400270.1#GABPA
APP	XM_065418260.1#APP
APP	XM_065418252.1#APP
CYYR1	XM_065423722.1#CYYR1
ADAMTS1	XM_065407625.1#ADAMTS1
ADAMTS5	XM_065416106.1#ADAMTS5
N6AMT1	XM_065413833.1#N6AMT1
LTN1	XM_065414176.1#LTN1
LTN1	XM_065414170.1#LTN1
RWDD2B	XM_065406499.1#RWDD2B
RWDD2B	XM_065406490.1#RWDD2B
RWDD2B	XM_065406474.1#RWDD2B
RWDD2B	XM_065406465.1#RWDD2B
RWDD2B	XM_065406482.1#RWDD2B
USP16	XM_065397419.1#USP16
CCT8	XM_065403725.1#CCT8
MAP3K7CL	XM_065422585.1#MAP3K7CL
BACH1	XM_065402677.1#BACH1
GRIK1	XM_065423354.1#GRIK1
LOC135894844	XM_065422955.1#LOC135894844
LOC135892720	XM_065420518.1#LOC135892720
TIAM1	XM_065410873.1#TIAM1
TIAM1	XM_065410865.1#TIAM1
TIAM1	XM_065410856.1#TIAM1
TIAM1	XM_065410881.1#TIAM1
SOD1	XM_065400814.1#SOD1
SCAF4	XM_065405019.1#SCAF4
HUNK	XM_065423285.1#HUNK
MIS18A	XM_065423350.1#MIS18A
MRAP	XM_065421920.1#MRAP
URB1	XM_065420033.1#URB1
EVA1C	XM_065423615.1#EVA1C
EVA1C	XM_065423616.1#EVA1C
CFAP298	XM_065415754.1#CFAP298
CFAP298	XM_065415746.1#CFAP298
CFAP298	XM_065415739.1#CFAP298
SYNJ1	XM_065423535.1#SYNJ1
PAXBP1	XM_065412352.1#PAXBP1
EPCIP	XM_065397564.1#EPCIP
OLIG2	XM_065423442.1#OLIG2
OLIG1	XM_065423683.1#OLIG1
IFNAR2	XM_065416200.1#IFNAR2
IL10RB	XM_065416167.1#IL10RB
IFNAR1	XM_065402726.1#IFNAR1
IFNGR2	XM_065404880.1#IFNGR2
IFNGR2	XM_065404889.1#IFNGR2
TMEM50B	XM_065404028.1#TMEM50B
TMEM50B	XM_065404011.1#TMEM50B
TMEM50B	XM_065404020.1#TMEM50B
DNAJC28	XM_065421637.1#DNAJC28
DNAJC28	XM_065421628.1#DNAJC28
LOC135884948	XM_065412545.1#LOC135884948
LOC135879617	XM_065405666.1#LOC135879617
SON	XM_065422042.1#SON
DONSON	XM_065420633.1#DONSON
CRYZL1	XM_065415370.1#CRYZL1
CRYZL1	XM_065415366.1#CRYZL1
CRYZL1	XM_065415377.1#CRYZL1
CRYZL1	XM_065415358.1#CRYZL1
CRYZL1	XM_065415385.1#CRYZL1
ITSN1	XM_065413292.1#ITSN1
LOC135894095	XM_065422169.1#LOC135894095
ATP5PO	XM_065412341.1#ATP5PO
SLC5A3	XM_065423802.1#SLC5A3
SLC5A3	XM_065423803.1#SLC5A3
MRPS6	XM_065423804.1#MRPS6
KCNE2	XM_065397550.1#KCNE2
SMIM11	XM_065417479.1#SMIM11
SMIM11	XM_065417478.1#SMIM11
SMIM11	XM_065417480.1#SMIM11
C1H21orf140	XM_065400338.1#C1H21orf140
KCNE1	XM_065423628.1#KCNE1
RCAN1	XM_065416309.1#RCAN1
RCAN1	XM_065416308.1#RCAN1
RCAN1	XM_065416310.1#RCAN1
CLIC6	XM_065414120.1#CLIC6
RUNX1	XM_065402432.1#RUNX1
RUNX1	XM_065402445.1#RUNX1
RUNX1	XM_065402439.1#RUNX1
SETD4	XM_065423363.1#SETD4
LOC135878357	XM_065404000.1#LOC135878357
DOP1B	XM_065403664.1#DOP1B
MORC3	XM_065405528.1#MORC3
CHAF1B	XM_065423091.1#CHAF1B
CLDN14	XM_065423589.1#CLDN14
SIM2	XM_065423445.1#SIM2
HLCS	XM_065402773.1#HLCS
RIPPLY3	XM_065400439.1#RIPPLY3
PIGP	XM_065414867.1#PIGP
PIGP	XM_065414852.1#PIGP
PIGP	XM_065414859.1#PIGP
PIGP	XM_065414845.1#PIGP
TTC3	XM_065414830.1#TTC3
VPS26C	XM_065402791.1#VPS26C
VPS26C	XM_065402783.1#VPS26C
DYRK1A	XM_065397497.1#DYRK1A
KCNJ6	XM_065409254.1#KCNJ6
KCNJ15	XM_065419948.1#KCNJ15
ERG	XM_065410974.1#ERG
ERG	XM_065410966.1#ERG
ETS2	XM_065417475.1#ETS2
PSMG1	XM_065408142.1#PSMG1
BRWD1	XM_065397572.1#BRWD1
BRWD1	XM_065397571.1#BRWD1
HMGN1	XM_065405888.1#HMGN1
HMGN1	XM_065405881.1#HMGN1
GET1	XM_065406840.1#GET1
LCA5L	XM_065422283.1#LCA5L
SH3BGR	XM_065406828.1#SH3BGR
LOC135895480	XM_065423591.1#LOC135895480
LOC135895477	XM_065423588.1#LOC135895477
LOC135895476	XM_065423587.1#LOC135895476
IGSF5	XM_065397663.1#IGSF5
LOC135894293	XM_065422392.1#LOC135894293
DSCAM	XM_065422504.1#DSCAM
BACE2	XM_065416631.1#BACE2
FAM3B	XM_065421143.1#FAM3B
FAM3B	XM_065421151.1#FAM3B
LOC135880853	XM_065407222.1#LOC135880853
LOC135894483	XM_065422623.1#LOC135894483
TMPRSS2	XM_065422741.1#TMPRSS2
RIPK4	XM_065423263.1#RIPK4
LOC135894795	XM_065422930.1#LOC135894795
PRDM15	XM_065409474.1#PRDM15
C2CD2	XM_065417489.1#C2CD2
ZBTB21	XM_065423728.1#ZBTB21
UMODL1	XM_065421813.1#UMODL1
LOC135894906	XM_065423000.1#LOC135894906
ABCG1	XM_065408058.1#ABCG1
ABCG1	XM_065408067.1#ABCG1
LOC135895018	XM_065423105.1#LOC135895018
LOC135895131	XM_065423205.1#LOC135895131
TMPRSS3	XM_065423216.1#TMPRSS3
UBASH3A	XM_065419177.1#UBASH3A
RSPH1	XM_065423847.1#RSPH1
SLC37A1	XM_065423225.1#SLC37A1
PDE9A	XM_065406595.1#PDE9A
PDE9A	XM_065406603.1#PDE9A
PDE9A	XM_065406610.1#PDE9A
WDR4	XM_065422396.1#WDR4
NDUFV3	XM_065415395.1#NDUFV3
PKNOX1	XM_065399754.1#PKNOX1
PKNOX1	XM_065399674.1#PKNOX1
PKNOX1	XM_065399906.1#PKNOX1
PKNOX1	XM_065399831.1#PKNOX1
LOC135882628	XM_065409603.1#LOC135882628
LOC135881752	XM_065408451.1#LOC135881752
U2AF1	XM_065402304.1#U2AF1
U2AF1	XM_065402311.1#U2AF1
U2AF1	XM_065402318.1#U2AF1
CRYAA	XM_065414407.1#CRYAA
SIK1	XM_065421766.1#SIK1
HSF2BP	XM_065397578.1#HSF2BP
RRP1B	XM_065412103.1#RRP1B
PDXK	XM_065423236.1#PDXK
AGPAT3	XM_065420582.1#AGPAT3
TRAPPC10	XM_065416068.1#TRAPPC10
PWP2	XM_065409730.1#PWP2
GATD3	XM_065402653.1#GATD3
ICOSLG	XM_065423247.1#ICOSLG
DIPK2B	XM_065420686.1#DIPK2B
DIPK2B	XM_065420694.1#DIPK2B
KDM6A	XM_065404627.1#KDM6A
FUNDC1	XM_065410932.1#FUNDC1
FUNDC1	XM_065410947.1#FUNDC1
EFHC2	XM_065423368.1#EFHC2
NDP	XM_065397548.1#NDP
LOC135875134	XM_065400126.1#LOC135875134
LOC135875153	XM_065400150.1#LOC135875153
CASK	XM_065423823.1#CASK
CASK	XM_065423824.1#CASK
CASK	XM_065423826.1#CASK
CASK	XM_065423822.1#CASK
CASK	XM_065423825.1#CASK
GPR82	XM_065423827.1#GPR82
GPR34	XM_065423829.1#GPR34
NYX	XM_065407124.1#NYX
DDX3X	XM_065423622.1#DDX3X
RPL8	XM_065399892.1#RPL8
USP9X	XM_065423841.1#USP9X
MED14	XM_065405717.1#MED14
C1HXorf38	XM_065404902.1#C1HXorf38
ATP6AP2	XM_065400302.1#ATP6AP2
ATP6AP2	XM_065400294.1#ATP6AP2
BCOR	XM_065399019.1#BCOR
MID1IP1	XM_065423851.1#MID1IP1
TSPAN7	XM_065417130.1#TSPAN7
LOC135895183	XM_065423259.1#LOC135895183
OTC	XM_065423371.1#OTC
RPGR	XM_065423271.1#RPGR
SRPX	XM_065421462.1#SRPX
SYTL5	XM_065423226.1#SYTL5
DYNLT3	XM_065401132.1#DYNLT3
LOC135875175	XM_065400171.1#LOC135875175
XK	XM_065400182.1#XK
LANCL3	XM_065397402.1#LANCL3
PRRG1	XM_065417968.1#PRRG1
CFAP47	XM_065423211.1#CFAP47
TMEM47	XM_065397407.1#TMEM47
DMD	XM_065405744.1#DMD
DMD	XM_065405758.1#DMD
DMD	XM_065405751.1#DMD
DMD	XM_065405765.1#DMD
DMD	XM_065405773.1#DMD
TAB3	XM_065413565.1#TAB3
GK	XM_065405912.1#GK
TASL	XM_065423672.1#TASL
NR0B1	XM_065423749.1#NR0B1
IL1RAPL1	XM_065423246.1#IL1RAPL1
ARX	XM_065421935.1#ARX
POLA1	XM_065423293.1#POLA1
PCYT1B	XM_065421673.1#PCYT1B
PCYT1B	XM_065421680.1#PCYT1B
PDK3	XM_065407026.1#PDK3
LOC135895584	XM_065423726.1#LOC135895584
ZFX	XM_065401199.1#ZFX
ZFX	XM_065401208.1#ZFX
ZFX	XM_065401217.1#ZFX
EIF2S3	XM_065400617.1#EIF2S3
KLHL15	XM_065411204.1#KLHL15
KLHL15	XM_065411211.1#KLHL15
C1HXorf58	XM_065418986.1#C1HXorf58
APOO	XM_065418997.1#APOO
SAT1	XM_065412532.1#SAT1
ACOT9	XM_065421439.1#ACOT9
PRDX4	XM_065403495.1#PRDX4
PTCHD1	XM_065423251.1#PTCHD1
PTCHD1	XM_065423252.1#PTCHD1
LOC135895225	XM_065423304.1#LOC135895225
PHEX	XM_065414541.1#PHEX
SMS	XM_065402689.1#SMS
MBTPS2	XM_065423380.1#MBTPS2
SMPX	XM_065397588.1#SMPX
KLHL34	XM_065398985.1#KLHL34
CNKSR2	XM_065413945.1#CNKSR2
CNKSR2	XM_065413940.1#CNKSR2
CNKSR2	XM_065413934.1#CNKSR2
CNKSR2	XM_065413928.1#CNKSR2
CNKSR2	XM_065413921.1#CNKSR2
RPS6KA3	XM_065423845.1#RPS6KA3
EIF1AX	XM_065423532.1#EIF1AX
MAP7D2	XM_065400024.1#MAP7D2
BCLAF3	XM_065423377.1#BCLAF3
SH3KBP1	XM_065400133.1#SH3KBP1
MAP3K15	XM_065411146.1#MAP3K15
PDHA1	XM_065402293.1#PDHA1
PDHA1	XM_065402287.1#PDHA1
ADGRG2	XM_065406888.1#ADGRG2
PHKA2	XM_065407268.1#PHKA2
PPEF1	XM_065421044.1#PPEF1
PPEF1	XM_065421036.1#PPEF1
RS1	XM_065423852.1#RS1
CDKL5	XM_065422287.1#CDKL5
SCML2	XM_065417485.1#SCML2
RAI2	XM_065423761.1#RAI2
RAI2	XM_065423760.1#RAI2
NHS	XM_065419307.1#NHS
LOC135895246	XM_065423324.1#LOC135895246
REPS2	XM_065415348.1#REPS2
RBBP7	XM_065408895.1#RBBP7
TXLNG	XM_065411732.1#TXLNG
SYAP1	XM_065412485.1#SYAP1
CTPS2	XM_065414159.1#CTPS2
GRPR	XM_065423650.1#GRPR
AP1S2	XM_065402361.1#AP1S2
AP1S2	XM_065402370.1#AP1S2
AP1S2	XM_065402377.1#AP1S2
ZRSR2	XM_065402350.1#ZRSR2
CLTRN	XM_065423492.1#CLTRN
ACE2	XM_065419661.1#ACE2
BMX	XM_065404079.1#BMX
PIR	XM_065412395.1#PIR
PIR	XM_065412410.1#PIR
VEGFD	XM_065423242.1#VEGFD
PIGA	XM_065423334.1#PIGA
ASB11	XM_065418161.1#ASB11
ASB11	XM_065418169.1#ASB11
ASB9	XM_065418123.1#ASB9
MOSPD2	XM_065413520.1#MOSPD2
FANCB	XM_065422597.1#FANCB
GLRA2	XM_065417458.1#GLRA2
GLRA2	XM_065417457.1#GLRA2
GEMIN8	XM_065414802.1#GEMIN8
GPM6B	XM_065404972.1#GPM6B
GPM6B	XM_065404988.1#GPM6B
GPM6B	XM_065404980.1#GPM6B
GPM6B	XM_065404996.1#GPM6B
OFD1	XM_065411885.1#OFD1
TRAPPC2	XM_065405678.1#TRAPPC2
RAB9A	XM_065402636.1#RAB9A
RAB9A	XM_065402644.1#RAB9A
TCEANC	XM_065417434.1#TCEANC
TCEANC	XM_065417442.1#TCEANC
EGFL6	XM_065423369.1#EGFL6
TMSB4X	XM_065405950.1#TMSB4X
LOC135886122	XM_065413999.1#LOC135886122
LOC135879977	XM_065406030.1#LOC135879977
LOC135885476	XM_065413200.1#LOC135885476
LOC135885524	XM_065413263.1#LOC135885524
PRPS2	XM_065398828.1#PRPS2
FRMPD4	XM_065415057.1#FRMPD4
MSL3	XM_065414520.1#MSL3
ARHGAP6	XM_065416311.1#ARHGAP6
MID1	XM_065416087.1#MID1
MID1	XM_065416096.1#MID1
CLCN4	XM_065413124.1#CLCN4
CLCN4	XM_065413116.1#CLCN4
WWC3	XM_065412562.1#WWC3
LOC135874855	XM_065399800.1#LOC135874855
LOC135895290	XM_065423366.1#LOC135895290
LOC135874545	XM_065399420.1#LOC135874545
SHROOM2	XM_065422377.1#SHROOM2
SHROOM2	XM_065422369.1#SHROOM2
GPR143	XM_065423762.1#GPR143
TBL1X	XM_065413092.1#TBL1X
ANOS1	XM_065423031.1#ANOS1
PNPLA4	XM_065415108.1#PNPLA4
PNPLA4	XM_065415117.1#PNPLA4
PNPLA4	XM_065415126.1#PNPLA4
STS	XM_065414985.1#STS
PUDP	XM_065414156.1#PUDP
NLGN4X	XM_065405435.1#NLGN4X
NLGN4X	XM_065405427.1#NLGN4X
NLGN4X	XM_065405444.1#NLGN4X
NLGN4X	XM_065405452.1#NLGN4X
LOC135895343	XM_065423431.1#LOC135895343
PRKX	XM_065408647.1#PRKX
MXRA5	XM_065423759.1#MXRA5
LOC135887705	XM_065415437.1#LOC135887705
LOC135887924	XM_065415728.1#LOC135887924
LOC135887696	XM_065415427.1#LOC135887696
GYG2	XM_065423441.1#GYG2
XG	XM_065423452.1#XG
LOC135875845	XM_065400901.1#LOC135875845
ZBED1	XM_065397490.1#ZBED1
DHRSX	XM_065421112.1#DHRSX
LOC135895406	XM_065423513.1#LOC135895406
LOC135895422	XM_065423534.1#LOC135895422
AKAP17A	XM_065416736.1#AKAP17A
LOC135894564	XM_065422693.1#LOC135894564
LOC135874130	XM_065398885.1#LOC135874130
ASMTL	XM_065403374.1#ASMTL
ASMTL	XM_065403378.1#ASMTL
SLC25A6	XM_065401964.1#SLC25A6
LOC135883852	XM_065411124.1#LOC135883852
LOC135883852	XM_065411115.1#LOC135883852
LOC135883866	XM_065411135.1#LOC135883866
LOC135874211	XM_065398973.1#LOC135874211
CRLF2	XM_065400688.1#CRLF2
SHOX	XM_065423374.1#SHOX
SHOX	XM_065423373.1#SHOX
PPP2R3B	XM_065417359.1#PPP2R3B
LOC135875164	XM_065400160.1#LOC135875164
GTPBP6	XM_065417155.1#GTPBP6
PLCXD1	XM_065423854.1#PLCXD1
LOC135891493	XM_065419041.1#LOC135891493
LOC135891712	XM_065419360.1#LOC135891712
LOC135891712	XM_065419352.1#LOC135891712
JADE3	XM_065411757.1#JADE3
RP2	XM_065408713.1#RP2
SLC9A7	XM_065411081.1#SLC9A7
CHST7	XM_065413212.1#CHST7
TUBGCP5	XM_065413651.1#TUBGCP5
CYFIP1	XM_065402482.1#CYFIP1
CYFIP1	XM_065402524.1#CYFIP1
CYFIP1	XM_065402507.1#CYFIP1
CYFIP1	XM_065402490.1#CYFIP1
CYFIP1	XM_065402533.1#CYFIP1
CYFIP1	XM_065402499.1#CYFIP1
CYFIP1	XM_065402516.1#CYFIP1
LOC135891741	XM_065419398.1#LOC135891741
NIPA2	XM_065402546.1#NIPA2
NIPA2	XM_065402556.1#NIPA2
NIPA1	XM_065403705.1#NIPA1
HERC2	XM_065403094.1#HERC2
OCA2	XM_065423234.1#OCA2
GABRG3	XM_065403796.1#GABRG3
GABRA5	XM_065423471.1#GABRA5
GABRB3	XM_065423468.1#GABRB3
GABRB3	XM_065423469.1#GABRB3
ATP10A	XM_065423472.1#ATP10A
UBE3A	XM_065411372.1#UBE3A
CNGA3	XM_065418226.1#CNGA3
CNGA3	XM_065418218.1#CNGA3
VWA3B	XM_065423482.1#VWA3B
TMEM131	XM_065402904.1#TMEM131
LOC135895557	XM_065423673.1#LOC135895557
INPP4A	XM_065402284.1#INPP4A
INPP4A	XM_065402263.1#INPP4A
INPP4A	XM_065402230.1#INPP4A
INPP4A	XM_065402279.1#INPP4A
INPP4A	XM_065402238.1#INPP4A
INPP4A	XM_065402270.1#INPP4A
INPP4A	XM_065402253.1#INPP4A
INPP4A	XM_065402246.1#INPP4A
LOC135877993	XM_065403517.1#LOC135877993
UNC50	XM_065410489.1#UNC50
UNC50	XM_065410508.1#UNC50
UNC50	XM_065410500.1#UNC50
MGAT4A	XM_065408858.1#MGAT4A
CRACDL	XM_065397551.1#CRACDL
TSGA10	XM_065418360.1#TSGA10
LIPT1	XM_065417484.1#LIPT1
MITD1	XM_065423265.1#MITD1
MRPL30	XM_065419928.1#MRPL30
LOC135895302	XM_065423375.1#LOC135895302
LOC135875781	XM_065400789.1#LOC135875781
TXNDC9	XM_065401689.1#TXNDC9
EIF5B	XM_065412646.1#EIF5B
REV1	XM_065407087.1#REV1
AFF3	XM_065423495.1#AFF3
LONRF2	XM_065414752.1#LONRF2
CHST10	XM_065423399.1#CHST10
LOC135878703	XM_065404438.1#LOC135878703
LOC135878714	XM_065404450.1#LOC135878714
PDCL3	XM_065404461.1#PDCL3
NPAS2	XM_065408342.1#NPAS2
RPL31	XM_065404556.1#RPL31
TBC1D8	XM_065423676.1#TBC1D8
CNOT11	XM_065403366.1#CNOT11
RNF149	XM_065407243.1#RNF149
RNF149	XM_065407234.1#RNF149
CREG2	XM_065397403.1#CREG2
RFX8	XM_065423508.1#RFX8
MAP4K4	XM_065423695.1#MAP4K4
MAP4K4	XM_065423699.1#MAP4K4
MAP4K4	XM_065423694.1#MAP4K4
MAP4K4	XM_065423702.1#MAP4K4
MAP4K4	XM_065423713.1#MAP4K4
MAP4K4	XM_065423712.1#MAP4K4
MAP4K4	XM_065423697.1#MAP4K4
MAP4K4	XM_065423708.1#MAP4K4
MAP4K4	XM_065423698.1#MAP4K4
MAP4K4	XM_065423709.1#MAP4K4
MAP4K4	XM_065423718.1#MAP4K4
MAP4K4	XM_065423711.1#MAP4K4
MAP4K4	XM_065423696.1#MAP4K4
MAP4K4	XM_065423705.1#MAP4K4
MAP4K4	XM_065423704.1#MAP4K4
MAP4K4	XM_065423717.1#MAP4K4
MAP4K4	XM_065423706.1#MAP4K4
MAP4K4	XM_065423716.1#MAP4K4
MAP4K4	XM_065423714.1#MAP4K4
MAP4K4	XM_065423703.1#MAP4K4
MAP4K4	XM_065423715.1#MAP4K4
MAP4K4	XM_065423721.1#MAP4K4
MAP4K4	XM_065423719.1#MAP4K4
MAP4K4	XM_065423701.1#MAP4K4
IL1R2	XM_065423405.1#IL1R2
LOC135895159	XM_065423230.1#LOC135895159
LOC135895132	XM_065423202.1#LOC135895132
LOC135895409	XM_065423518.1#LOC135895409
IL1RL1	XM_065423327.1#IL1RL1
IL18R1	XM_065423670.1#IL18R1
IL18RAP	XM_065397562.1#IL18RAP
SLC9A4	XM_065414509.1#SLC9A4
SLC9A2	XM_065406054.1#SLC9A2
MFSD9	XM_065406068.1#MFSD9
TMEM182	XM_065423777.1#TMEM182
POU3F3	XM_065419258.1#POU3F3
MRPS9	XM_065419988.1#MRPS9
GPR45	XM_065423753.1#GPR45
TGFBRAP1	XM_065419135.1#TGFBRAP1
C1H2orf49	XM_065423266.1#C1H2orf49
FHL2	XM_065412143.1#FHL2
NCK2	XM_065416012.1#NCK2
ECRG4	XM_065423318.1#ECRG4
UXS1	XM_065400699.1#UXS1
LOC135891477	XM_065419039.1#LOC135891477
ST6GAL2	XM_065419031.1#ST6GAL2
SLC5A7	XM_065423339.1#SLC5A7
LOC135877454	XM_065402893.1#LOC135877454
GCC2	XM_065405922.1#GCC2
LIMS1	XM_065423809.1#LIMS1
LIMS1	XM_065423810.1#LIMS1
LIMS1	XM_065423808.1#LIMS1
LIMS1	XM_065423806.1#LIMS1
RGPD4	XM_065405691.1#RGPD4
CCDC138	XM_065415251.1#CCDC138
EDAR	XM_065423691.1#EDAR
SH3RF3	XM_065421958.1#SH3RF3
SEPTIN10	XM_065397570.1#SEPTIN10
SOWAHC	XM_065423629.1#SOWAHC
CHAMP1	XM_065399934.1#CHAMP1
LOC135893669	XM_065421581.1#LOC135893669
UPF3A	XM_065416434.1#UPF3A
CDC16	XM_065412861.1#CDC16
CFAP97D2	XM_065417016.1#CFAP97D2
RASA3	XM_065405324.1#RASA3
GAS6	XM_065417284.1#GAS6
TMEM255B	XM_065406665.1#TMEM255B
ATP4B	XM_065423738.1#ATP4B
TFDP1	XM_065406634.1#TFDP1
TFDP1	XM_065406643.1#TFDP1
TMCO3	XM_065422251.1#TMCO3
DCUN1D2	XM_065413912.1#DCUN1D2
ADPRHL1	XM_065421265.1#ADPRHL1
GRTP1	XM_065406653.1#GRTP1
LAMP1	XM_065406622.1#LAMP1
CUL4A	XM_065397435.1#CUL4A
PCID2	XM_065406876.1#PCID2
F10	XM_065406857.1#F10
F7	XM_065414348.1#F7
MCF2L	XM_065400851.1#MCF2L
MCF2L	XM_065400844.1#MCF2L
MCF2L	XM_065400835.1#MCF2L
MCF2L	XM_065400826.1#MCF2L
ATP11A	XM_065423542.1#ATP11A
TUBGCP3	XM_065412856.1#TUBGCP3
SOX1	XM_065421427.1#SOX1
ARHGEF7	XM_065397467.1#ARHGEF7
ANKRD10	XM_065407287.1#ANKRD10
ING1	XM_065406306.1#ING1
CARS2	XM_065416685.1#CARS2
CARS2	XM_065416691.1#CARS2
NAXD	XM_065407498.1#NAXD
NAXD	XM_065407481.1#NAXD
NAXD	XM_065407490.1#NAXD
NAXD	XM_065407473.1#NAXD
NAXD	XM_065407465.1#NAXD
RAB20	XM_065407510.1#RAB20
COL4A2	XM_065407451.1#COL4A2
COL4A1	XM_065423596.1#COL4A1
IRS2	XM_065413628.1#IRS2
MYO16	XM_065418712.1#MYO16
LOC135895493	XM_065423606.1#LOC135895493
TNFSF13B	XM_065418395.1#TNFSF13B
ABHD13	XM_065422275.1#ABHD13
LIG4	XM_065417453.1#LIG4
LIG4	XM_065417454.1#LIG4
NALF1	XM_065407995.1#NALF1
ARGLU1	XM_065408007.1#ARGLU1
ARGLU1	XM_065408014.1#ARGLU1
EFNB2	XM_065420158.1#EFNB2
EFNB2	XM_065420174.1#EFNB2
EFNB2	XM_065420166.1#EFNB2
SLC10A2	XM_065423438.1#SLC10A2
LOC135873057	XM_065397532.1#LOC135873057
ERCC5	XM_065409027.1#ERCC5
BIVM	XM_065409040.1#BIVM
POGLUT2	XM_065421313.1#POGLUT2
TEX30	XM_065422263.1#TEX30
METTL21C	XM_065397566.1#METTL21C
TPP2	XM_065403904.1#TPP2
FGF14	XM_065413672.1#FGF14
FGF14	XM_065413691.1#FGF14
FGF14	XM_065413683.1#FGF14
ITGBL1	XM_065422173.1#ITGBL1
NALCN	XM_065410363.1#NALCN
NALCN	XM_065410371.1#NALCN
TMTC4	XM_065413964.1#TMTC4
GGACT	XM_065423210.1#GGACT
PCCA	XM_065409497.1#PCCA
ZIC2	XM_065417093.1#ZIC2
ZIC2	XM_065417084.1#ZIC2
ZIC5	XM_065421568.1#ZIC5
CLYBL	XM_065409542.1#CLYBL
TM9SF2	XM_065409486.1#TM9SF2
LOC135873072	XM_065397545.1#LOC135873072
UBAC2	XM_065419733.1#UBAC2
LOC135895550	XM_065423666.1#LOC135895550
GPR18	XM_065423790.1#GPR18
DOCK9	XM_065397434.1#DOCK9
DOCK9	XM_065423846.1#DOCK9
DOCK9	XM_065397509.1#DOCK9
SLC15A1	XM_065423638.1#SLC15A1
STK24	XM_065404914.1#STK24
FARP1	XM_065414550.1#FARP1
IPO5	XM_065401488.1#IPO5
RAP2A	XM_065404812.1#RAP2A
RAP2A	XM_065404821.1#RAP2A
RAP2A	XM_065404803.1#RAP2A
MBNL2	XM_065410067.1#MBNL2
LOC135884751	XM_065412295.1#LOC135884751
LOC135895721	XM_065423867.1#LOC135895721
LOC135872998	XM_065397454.1#LOC135872998
HS6ST3	XM_065416713.1#HS6ST3
UGGT2	XM_065407070.1#UGGT2
DNAJC3	XM_065423658.1#DNAJC3
DZIP1	XM_065423298.1#DZIP1
CLDN10	XM_065423620.1#CLDN10
CLDN10	XM_065423619.1#CLDN10
ABCC4	XM_065414371.1#ABCC4
SOX21	XM_065422151.1#SOX21
SOX21	XM_065422161.1#SOX21
GPR180	XM_065423837.1#GPR180
TGDS	XM_065412679.1#TGDS
DCT	XM_065414078.1#DCT
GPC6	XM_065417255.1#GPC6
GPC5	XM_065423359.1#GPC5
LOC135895559	XM_065423678.1#LOC135895559
SLITRK5	XM_065420508.1#SLITRK5
SLITRK6	XM_065421971.1#SLITRK6
SLITRK1	XM_065420962.1#SLITRK1
SPRY2	XM_065422717.1#SPRY2
LOC135879949	XM_065405993.1#LOC135879949
NDFIP2	XM_065400864.1#NDFIP2
RBM26	XM_065399715.1#RBM26
OBI1	XM_065423727.1#OBI1
POU4F1	XM_065420488.1#POU4F1
EDNRB	XM_065409590.1#EDNRB
SLAIN1	XM_065422553.1#SLAIN1
SLAIN1	XM_065422545.1#SLAIN1
SLAIN1	XM_065422562.1#SLAIN1
SCEL	XM_065423757.1#SCEL
MYCBP2	XM_065413662.1#MYCBP2
FBXL3	XM_065405621.1#FBXL3
CLN5	XM_065423659.1#CLN5
LOC135886980	XM_065414766.1#LOC135886980
LOC135886980	XM_065414775.1#LOC135886980
LOC135886980	XM_065414760.1#LOC135886980
LOC135886980	XM_065414782.1#LOC135886980
ACOD1	XM_065423436.1#ACOD1
KCTD12	XM_065423621.1#KCTD12
LMO7	XM_065423786.1#LMO7
UCHL3	XM_065415159.1#UCHL3
UCHL3	XM_065415165.1#UCHL3
UCHL3	XM_065415153.1#UCHL3
COMMD6	XM_065421616.1#COMMD6
TBC1D4	XM_065404648.1#TBC1D4
TBC1D4	XM_065404639.1#TBC1D4
TBC1D4	XM_065404656.1#TBC1D4
KLF12	XM_065418059.1#KLF12
KLF5	XM_065421484.1#KLF5
PIBF1	XM_065413463.1#PIBF1
DIS3	XM_065412019.1#DIS3
BORA	XM_065423227.1#BORA
MZT1	XM_065409741.1#MZT1
DACH1	XM_065414734.1#DACH1
KLHL1	XM_065409976.1#KLHL1
KLHL1	XM_065409983.1#KLHL1
LOC135895680	XM_065423828.1#LOC135895680
LOC135895314	XM_065423385.1#LOC135895314
LOC135895689	XM_065423839.1#LOC135895689
PCDH9	XM_065412774.1#PCDH9
PCDH9	XM_065412783.1#PCDH9
PCDH9	XM_065412799.1#PCDH9
PCDH20	XM_065423305.1#PCDH20
TDRD3	XM_065405303.1#TDRD3
DIAPH3	XM_065400973.1#DIAPH3
PCDH17	XM_065419007.1#PCDH17
LOC135895294	XM_065423367.1#LOC135895294
OLFM4	XM_065423549.1#OLFM4
OLFM4	XM_065423548.1#OLFM4
LOC135895229	XM_065423306.1#LOC135895229
CNMD	XM_065423576.1#CNMD
SUGT1	XM_065405137.1#SUGT1
ELF1	XM_065404487.1#ELF1
WBP4	XM_065419751.1#WBP4
MTRF1	XM_065419018.1#MTRF1
NAA16	XM_065415538.1#NAA16
RGCC	XM_065409089.1#RGCC
VWA8	XM_065414163.1#VWA8
DGKH	XM_065404257.1#DGKH
DGKH	XM_065404272.1#DGKH
DGKH	XM_065404265.1#DGKH
AKAP11	XM_065423390.1#AKAP11
TNFSF11	XM_065423613.1#TNFSF11
LOC135875349	XM_065400271.1#LOC135875349
FAM216B	XM_065400389.1#FAM216B
EPSTI1	XM_065416618.1#EPSTI1
DNAJC15	XM_065419905.1#DNAJC15
ENOX1	XM_065402606.1#ENOX1
LOC135877232	XM_065402624.1#LOC135877232
CCDC122	XM_065423739.1#CCDC122
LACC1	XM_065420338.1#LACC1
LOC135895418	XM_065423529.1#LOC135895418
SERP2	XM_065423553.1#SERP2
TSC22D1	XM_065416211.1#TSC22D1
TSC22D1	XM_065416216.1#TSC22D1
TSC22D1	XM_065416223.1#TSC22D1
NUFIP1	XM_065423267.1#NUFIP1
GPALPP1	XM_065412422.1#GPALPP1
GPALPP1	XM_065412436.1#GPALPP1
GPALPP1	XM_065412428.1#GPALPP1
GTF2F2	XM_065411409.1#GTF2F2
KCTD4	XM_065397404.1#KCTD4
TPT1	XM_065401808.1#TPT1
SLC25A30	XM_065418808.1#SLC25A30
COG3	XM_065407615.1#COG3
ERICH6B	XM_065399559.1#ERICH6B
CBY2	XM_065401422.1#CBY2
SIAH3	XM_065423684.1#SIAH3
ZC3H13	XM_065416455.1#ZC3H13
ZC3H13	XM_065416446.1#ZC3H13
CPB2	XM_065417491.1#CPB2
LCP1	XM_065401976.1#LCP1
LCP1	XM_065401984.1#LCP1
LRRC63	XM_065399081.1#LRRC63
LOC135888777	XM_065416563.1#LOC135888777
LRCH1	XM_065402085.1#LRCH1
ESD	XM_065406146.1#ESD
ESD	XM_065406155.1#ESD
HTR2A	XM_065423296.1#HTR2A
SUCLA2	XM_065405561.1#SUCLA2
NUDT15	XM_065416047.1#NUDT15
MED4	XM_065397441.1#MED4
ITM2B	XM_065416898.1#ITM2B
RB1	XM_065416876.1#RB1
RB1	XM_065416885.1#RB1
LPAR6	XM_065417463.1#LPAR6
RCBTB2	XM_065412317.1#RCBTB2
CYSLTR2	XM_065423811.1#CYSLTR2
FNDC3A	XM_065417117.1#FNDC3A
MLNR	XM_065423391.1#MLNR
LOC135876950	XM_065402286.1#LOC135876950
CDADC1	XM_065415669.1#CDADC1
CAB39L	XM_065417198.1#CAB39L
CAB39L	XM_065417190.1#CAB39L
LOC135873002	XM_065397461.1#LOC135873002
RCBTB1	XM_065402338.1#RCBTB1
ARL11	XM_065423337.1#ARL11
EBPL	XM_065397531.1#EBPL
KPNA3	XM_065417402.1#KPNA3
SPRYD7	XM_065404194.1#SPRYD7
TRIM13	XM_065415218.1#TRIM13
KCNRG	XM_065415225.1#KCNRG
DLEU7	XM_065397472.1#DLEU7
RNASEH2B	XM_065412118.1#RNASEH2B
LOC135873018	XM_065397487.1#LOC135873018
C1H13orf42	XM_065405855.1#C1H13orf42
FAM124A	XM_065423834.1#FAM124A
FAM124A	XM_065423835.1#FAM124A
SERPINE3	XM_065397573.1#SERPINE3
INTS6	XM_065407322.1#INTS6
WDFY2	XM_065402849.1#WDFY2
WDFY2	XM_065402843.1#WDFY2
DHRS12	XM_065402860.1#DHRS12
DHRS12	XM_065402874.1#DHRS12
DHRS12	XM_065402867.1#DHRS12
DHRS12	XM_065402881.1#DHRS12
TMEM272	XM_065399727.1#TMEM272
CCDC70	XM_065397445.1#CCDC70
ATP7B	XM_065402964.1#ATP7B
ATP7B	XM_065402973.1#ATP7B
ALG11	XM_065411720.1#ALG11
NEK5	XM_065423547.1#NEK5
NEK3	XM_065418509.1#NEK3
CKAP2	XM_065423282.1#CKAP2
VPS36	XM_065419332.1#VPS36
VPS36	XM_065419340.1#VPS36
THSD1	XM_065397498.1#THSD1
LOC135895569	XM_065423685.1#LOC135895569
LOC135873037	XM_065397510.1#LOC135873037
SLC25A15	XM_065423164.1#SLC25A15
MRPS31	XM_065408047.1#MRPS31
FOXO1	XM_065408153.1#FOXO1
COG6	XM_065417267.1#COG6
LHFPL6	XM_065423788.1#LHFPL6
NHLRC3	XM_065412944.1#NHLRC3
PROSER1	XM_065408476.1#PROSER1
PROSER1	XM_065408483.1#PROSER1
STOML3	XM_065422015.1#STOML3
STOML3	XM_065422007.1#STOML3
LOC135895267	XM_065423340.1#LOC135895267
FREM2	XM_065415604.1#FREM2
UFM1	XM_065406167.1#UFM1
TRPC4	XM_065404373.1#TRPC4
TRPC4	XM_065404366.1#TRPC4
TRPC4	XM_065404388.1#TRPC4
TRPC4	XM_065404404.1#TRPC4
POSTN	XM_065407014.1#POSTN
SUPT20H	XM_065418417.1#SUPT20H
EXOSC8	XM_065418455.1#EXOSC8
ALG5	XM_065418428.1#ALG5
ALG5	XM_065418444.1#ALG5
SMAD9	XM_065405821.1#SMAD9
SMAD9	XM_065405829.1#SMAD9
SMAD9	XM_065405835.1#SMAD9
RFXAP	XM_065415819.1#RFXAP
SERTM1	XM_065397569.1#SERTM1
CCNA1	XM_065416265.1#CCNA1
SPART	XM_065403442.1#SPART
SPART	XM_065403435.1#SPART
CCDC169	XM_065423533.1#CCDC169
DCLK1	XM_065408366.1#DCLK1
DCLK1	XM_065408375.1#DCLK1
DCLK1	XM_065408400.1#DCLK1
NBEA	XM_065403538.1#NBEA
NBEA	XM_065403557.1#NBEA
NBEA	XM_065403547.1#NBEA
NBEA	XM_065403529.1#NBEA
MAB21L1	XM_065423744.1#MAB21L1
LOC135873064	XM_065397541.1#LOC135873064
RFC3	XM_065417663.1#RFC3
STARD13	XM_065403676.1#STARD13
STARD13	XM_065403692.1#STARD13
STARD13	XM_065403684.1#STARD13
KL	XM_065422078.1#KL
PDS5B	XM_065403763.1#PDS5B
LOC135878182	XM_065403774.1#LOC135878182
N4BP2L1	XM_065407310.1#N4BP2L1
BRCA2	XM_065403784.1#BRCA2
ZAR1L	XM_065397563.1#ZAR1L
FRY	XM_065403807.1#FRY
FRY	XM_065403815.1#FRY
RXFP2	XM_065397574.1#RXFP2
B3GLCT	XM_065397585.1#B3GLCT
HSPH1	XM_065403877.1#HSPH1
HSPH1	XM_065403885.1#HSPH1
HSPH1	XM_065403893.1#HSPH1
LOC135873081	XM_065397552.1#LOC135873081
TEX26	XM_065423668.1#TEX26
MEDAG	XM_065423723.1#MEDAG
LOC135873115	XM_065397598.1#LOC135873115
ALOX5AP	XM_065416189.1#ALOX5AP
USPL1	XM_065408464.1#USPL1
HMGB1	XM_065419646.1#HMGB1
HMGB1	XM_065419653.1#HMGB1
KATNAL1	XM_065420674.1#KATNAL1
UBL3	XM_065404090.1#UBL3
SLC7A1	XM_065419805.1#SLC7A1
MTUS2	XM_065423280.1#MTUS2
SLC46A3	XM_065421824.1#SLC46A3
POMP	XM_065405292.1#POMP
FLT1	XM_065397601.1#FLT1
PAN3	XM_065420013.1#PAN3
PAN3	XM_065420021.1#PAN3
FLT3	XM_065413278.1#FLT3
CDX2	XM_065420844.1#CDX2
PDX1	XM_065421370.1#PDX1
GSX1	XM_065423579.1#GSX1
POLR1D	XM_065404283.1#POLR1D
LNX2	XM_065421073.1#LNX2
MTIF3	XM_065405981.1#MTIF3
GTF3A	XM_065405962.1#GTF3A
RASL11A	XM_065423516.1#RASL11A
RPL21	XM_065410353.1#RPL21
USP12	XM_065416306.1#USP12
GPR12	XM_065422206.1#GPR12
WASF3	XM_065421171.1#WASF3
WASF3	XM_065421163.1#WASF3
CDK8	XM_065410045.1#CDK8
CDK8	XM_065410036.1#CDK8
RNF6	XM_065418866.1#RNF6
ATP8A2	XM_065423317.1#ATP8A2
SHISA2	XM_065423578.1#SHISA2
NUP58	XM_065404508.1#NUP58
NUP58	XM_065404516.1#NUP58
NUP58	XM_065404499.1#NUP58
MTMR6	XM_065404548.1#MTMR6
AMER2	XM_065423733.1#AMER2
SPATA13	XM_065408494.1#SPATA13
SPATA13	XM_065408502.1#SPATA13
SPATA13	XM_065408511.1#SPATA13
SPATA13	XM_065408518.1#SPATA13
MIPEP	XM_065420314.1#MIPEP
TNFRSF19	XM_065423500.1#TNFRSF19
SACS	XM_065404673.1#SACS
SGCG	XM_065420241.1#SGCG
FGF9	XM_065422632.1#FGF9
MICU2	XM_065418785.1#MICU2
ZDHHC20	XM_065397603.1#ZDHHC20
MRPL57	XM_065415626.1#MRPL57
SKA3	XM_065423653.1#SKA3
SAP18	XM_065420640.1#SAP18
LATS2	XM_065414419.1#LATS2
XPO4	XM_065415784.1#XPO4
XPO4	XM_065415791.1#XPO4
EEF1AKMT1	XM_065420272.1#EEF1AKMT1
EEF1AKMT1	XM_065420280.1#EEF1AKMT1
IL17D	XM_065423693.1#IL17D
IFT88	XM_065414192.1#IFT88
CRYL1	XM_065421525.1#CRYL1
LOC135884281	XM_065411564.1#LOC135884281
LOC135883899	XM_065411170.1#LOC135883899
GJA3	XM_065405576.1#GJA3
ZMYM2	XM_065420814.1#ZMYM2
ZMYM2	XM_065420807.1#ZMYM2
PSPC1	XM_065420894.1#PSPC1
MPHOSPH8	XM_065407059.1#MPHOSPH8
PARP4	XM_065397604.1#PARP4
CENPJ	XM_065419846.1#CENPJ
RNF17	XM_065420884.1#RNF17
ARHGAP20	XM_065423358.1#ARHGAP20
FDX1	XM_065405057.1#FDX1
RDX	XM_065405032.1#RDX
RDX	XM_065405041.1#RDX
ZC3H12C	XM_065422484.1#ZC3H12C
ZC3H12C	XM_065422477.1#ZC3H12C
ZC3H12C	XM_065422468.1#ZC3H12C
C1H11orf87	XM_065400138.1#C1H11orf87
DDX10	XM_065414461.1#DDX10
EXPH5	XM_065423351.1#EXPH5
POGLUT3	XM_065420462.1#POGLUT3
C1H11orf65	XM_065397432.1#C1H11orf65
ATM	XM_065405114.1#ATM
LOC135883245	XM_065410260.1#LOC135883245
ACAT1	XM_065408686.1#ACAT1
CUL5	XM_065406353.1#CUL5
RAB39A	XM_065417376.1#RAB39A
RAB39A	XM_065417369.1#RAB39A
SLC35F2	XM_065421692.1#SLC35F2
SLN	XM_065399778.1#SLN
ELMOD1	XM_065420622.1#ELMOD1
ALKBH8	XM_065421847.1#ALKBH8
CWF19L2	XM_065411158.1#CWF19L2
LOC135895702	XM_065423848.1#LOC135895702
LOC135895601	XM_065423741.1#LOC135895601
LOC135895542	XM_065423657.1#LOC135895542
GUCY1A2	XM_065422786.1#GUCY1A2
AASDHPPT	XM_065418372.1#AASDHPPT
KBTBD3	XM_065423598.1#KBTBD3
MSANTD4	XM_065423196.1#MSANTD4
GRIA4	XM_065405354.1#GRIA4
GRIA4	XM_065405361.1#GRIA4
GRIA4	XM_065405369.1#GRIA4
PDGFD	XM_065423566.1#PDGFD
DYNC2H1	XM_065405465.1#DYNC2H1
DCUN1D5	XM_065416027.1#DCUN1D5
DCUN1D5	XM_065416020.1#DCUN1D5
LOC135879487	XM_065405491.1#LOC135879487
LOC135879479	XM_065405476.1#LOC135879479
LOC135879492	XM_065405504.1#LOC135879492
LOC135879502	XM_065405515.1#LOC135879502
LOC135879521	XM_065405539.1#LOC135879521
MMP7	XM_065421336.1#MMP7
TMEM123	XM_065410333.1#TMEM123
BIRC2	XM_065421737.1#BIRC2
BIRC2	XM_065421704.1#BIRC2
BIRC2	XM_065421712.1#BIRC2
BIRC2	XM_065421730.1#BIRC2
BIRC2	XM_065421721.1#BIRC2
YAP1	XM_065406206.1#YAP1
YAP1	XM_065406198.1#YAP1
YAP1	XM_065406188.1#YAP1
YAP1	XM_065406179.1#YAP1
CFAP300	XM_065406218.1#CFAP300
CEP126	XM_065423737.1#CEP126
ANGPTL5	XM_065423853.1#ANGPTL5
TRPC6	XM_065412375.1#TRPC6
PGR	XM_065405599.1#PGR
PGR	XM_065405609.1#PGR
ARHGAP42	XM_065406329.1#ARHGAP42
CNTN5	XM_065397605.1#CNTN5
CCDC82	XM_065413239.1#CCDC82
CCDC82	XM_065413231.1#CCDC82
MAML2	XM_065423660.1#MAML2
MTMR2	XM_065408797.1#MTMR2
CEP57	XM_065422138.1#CEP57
FAM76B	XM_065405785.1#FAM76B
SESN3	XM_065410997.1#SESN3
SESN3	XM_065411004.1#SESN3
ENDOD1	XM_065422229.1#ENDOD1
CWC15	XM_065412635.1#CWC15
CWC15	XM_065412625.1#CWC15
AMOTL1	XM_065417455.1#AMOTL1
AMOTL1	XM_065417456.1#AMOTL1
PIWIL4	XM_065415879.1#PIWIL4
FUT4	XM_065423117.1#FUT4
C1H11orf97	XM_065397619.1#C1H11orf97
ANKRD49	XM_065416758.1#ANKRD49
ANKRD49	XM_065416750.1#ANKRD49
MRE11	XM_065409791.1#MRE11
GPR83	XM_065423273.1#GPR83
PANX1	XM_065423435.1#PANX1
HEPHL1	XM_065409870.1#HEPHL1
LOC135873240	XM_065397630.1#LOC135873240
LOC135873247	XM_065397642.1#LOC135873247
LOC135895231	XM_065423309.1#LOC135895231
VSTM5	XM_065407084.1#VSTM5
MED17	XM_065405929.1#MED17
C1H11orf54	XM_065405939.1#C1H11orf54
TAF1D	XM_065423844.1#TAF1D
CEP295	XM_065407725.1#CEP295
DEUP1	XM_065423394.1#DEUP1
SLC36A4	XM_065397652.1#SLC36A4
MTNR1B	XM_065414966.1#MTNR1B
FAT3	XM_065417527.1#FAT3
FAT3	XM_065417519.1#FAT3
FAT3	XM_065417510.1#FAT3
CHORDC1	XM_065407036.1#CHORDC1
LOC135880015	XM_065406101.1#LOC135880015
LOC135880015	XM_065406093.1#LOC135880015
LOC135880015	XM_065406110.1#LOC135880015
LOC135880034	XM_065406122.1#LOC135880034
NOX4	XM_065413060.1#NOX4
NOX4	XM_065413068.1#NOX4
TYR	XM_065421911.1#TYR
GRM5	XM_065406243.1#GRM5
GRM5	XM_065406260.1#GRM5
GRM5	XM_065406270.1#GRM5
GRM5	XM_065406251.1#GRM5
CTSC	XM_065406280.1#CTSC
RAB38	XM_065423321.1#RAB38
TMEM135	XM_065417246.1#TMEM135
TMEM135	XM_065417238.1#TMEM135
FZD4	XM_065410285.1#FZD4
PRSS23	XM_065423686.1#PRSS23
ME3	XM_065409015.1#ME3
CCDC81	XM_065423250.1#CCDC81
HIKESHI	XM_065406385.1#HIKESHI
HIKESHI	XM_065406377.1#HIKESHI
EED	XM_065411769.1#EED
PICALM	XM_065422919.1#PICALM
CCDC83	XM_065397426.1#CCDC83
SYTL2	XM_065397664.1#SYTL2
CCDC89	XM_065423456.1#CCDC89
CREBZF	XM_065422968.1#CREBZF
TMEM126A	XM_065409960.1#TMEM126A
TMEM126A	XM_065409952.1#TMEM126A
DLG2	XM_065406536.1#DLG2
DLG2	XM_065406561.1#DLG2
DLG2	XM_065406510.1#DLG2
DLG2	XM_065406518.1#DLG2
DLG2	XM_065406528.1#DLG2
DLG2	XM_065406544.1#DLG2
DLG2	XM_065406553.1#DLG2
CCDC90B	XM_065406574.1#CCDC90B
ANKRD42	XM_065423221.1#ANKRD42
ANKRD42	XM_065423220.1#ANKRD42
PCF11	XM_065406677.1#PCF11
RAB30	XM_065406701.1#RAB30
DDIAS	XM_065397677.1#DDIAS
PRCP	XM_065422496.1#PRCP
FAM181B	XM_065408311.1#FAM181B
LOC135873285	XM_065397688.1#LOC135873285
TENM4	XM_065406816.1#TENM4
TENM4	XM_065406791.1#TENM4
TENM4	XM_065406800.1#TENM4
TENM4	XM_065406809.1#TENM4
LOC135895130	XM_065423201.1#LOC135895130
NARS2	XM_065412154.1#NARS2
NARS2	XM_065412162.1#NARS2
NARS2	XM_065412197.1#NARS2
NARS2	XM_065412188.1#NARS2
NARS2	XM_065412233.1#NARS2
NARS2	XM_065412217.1#NARS2
NARS2	XM_065412170.1#NARS2
NARS2	XM_065412179.1#NARS2
NARS2	XM_065412206.1#NARS2
GAB2	XM_065423771.1#GAB2
USP35	XM_065421324.1#USP35
KCTD21	XM_065421301.1#KCTD21
ALG8	XM_065406909.1#ALG8
ALG8	XM_065406899.1#ALG8
NDUFC2	XM_065413990.1#NDUFC2
THRSP	XM_065397719.1#THRSP
KCTD14	XM_065397584.1#KCTD14
INTS4	XM_065408131.1#INTS4
AAMDC	XM_065408618.1#AAMDC
AAMDC	XM_065408610.1#AAMDC
AAMDC	XM_065408602.1#AAMDC
AAMDC	XM_065408634.1#AAMDC
AAMDC	XM_065408594.1#AAMDC
AAMDC	XM_065408626.1#AAMDC
RSF1	XM_065407081.1#RSF1
CLNS1A	XM_065407083.1#CLNS1A
CLNS1A	XM_065407082.1#CLNS1A
AQP11	XM_065398961.1#AQP11
AQP11	XM_065398953.1#AQP11
PAK1	XM_065407108.1#PAK1
PAK1	XM_065407116.1#PAK1
PAK1	XM_065407133.1#PAK1
PAK1	XM_065407125.1#PAK1
PAK1	XM_065407155.1#PAK1
PAK1	XM_065407147.1#PAK1
GDPD4	XM_065397730.1#GDPD4
MYO7A	XM_065407167.1#MYO7A
CAPN5	XM_065408165.1#CAPN5
CAPN5	XM_065408173.1#CAPN5
OMP	XM_065397546.1#OMP
ACER3	XM_065423253.1#ACER3
ACER3	XM_065423254.1#ACER3
TSKU	XM_065397744.1#TSKU
LRRC32	XM_065397442.1#LRRC32
EMSY	XM_065407417.1#EMSY
THAP12	XM_065415557.1#THAP12
WNT11	XM_065397756.1#WNT11
UVRAG	XM_065417462.1#UVRAG
DGAT2	XM_065414113.1#DGAT2
MOGAT2	XM_065414994.1#MOGAT2
MAP6	XM_065397408.1#MAP6
KLHL35	XM_065423311.1#KLHL35
GDPD5	XM_065422704.1#GDPD5
SERPINH1	XM_065423538.1#SERPINH1
RPS3	XM_065407337.1#RPS3
LOC135895658	XM_065423797.1#LOC135895658
FCHSD2	XM_065421347.1#FCHSD2
P2RY2	XM_065421416.1#P2RY2
P2RY6	XM_065423815.1#P2RY6
ARHGEF17	XM_065423342.1#ARHGEF17
RELT	XM_065397768.1#RELT
FAM168A	XM_065420292.1#FAM168A
PLEKHB1	XM_065417628.1#PLEKHB1
RAB6A	XM_065423301.1#RAB6A
RAB6A	XM_065423302.1#RAB6A
MRPL48	XM_065415890.1#MRPL48
LOC135894339	XM_065422408.1#LOC135894339
LOC135894339	XM_065422416.1#LOC135894339
PAAF1	XM_065408113.1#PAAF1
PAAF1	XM_065408120.1#PAAF1
DNAJB13	XM_065413138.1#DNAJB13
LOC135881063	XM_065407565.1#LOC135881063
LOC135881631	XM_065408295.1#LOC135881631
C2CD3	XM_065423314.1#C2CD3
PPME1	XM_065419677.1#PPME1
P4HA3	XM_065423277.1#P4HA3
LOC135882059	XM_065408819.1#LOC135882059
LOC135882049	XM_065408809.1#LOC135882049
LOC135893461	XM_065421289.1#LOC135893461
SPCS2	XM_065414473.1#SPCS2
XRRA1	XM_065423315.1#XRRA1
RNF169	XM_065417467.1#RNF169
RNF169	XM_065417465.1#RNF169
RNF169	XM_065417466.1#RNF169
CHRDL2	XM_065423381.1#CHRDL2
POLD3	XM_065408541.1#POLD3
LIPT2	XM_065423451.1#LIPT2
KCNE3	XM_065423217.1#KCNE3
PGM2L1	XM_065407950.1#PGM2L1
TPBGL	XM_065397576.1#TPBGL
SLCO2B1	XM_065418952.1#SLCO2B1
LOC135873010	XM_065397466.1#LOC135873010
LOC135873014	XM_065397469.1#LOC135873014
LOC135873012	XM_065397468.1#LOC135873012
LOC135895188	XM_065423262.1#LOC135895188
LOC135895420	XM_065423531.1#LOC135895420
LOC135873349	XM_065397782.1#LOC135873349
WDR73	XM_065423364.1#WDR73
WDR73	XM_065423365.1#WDR73
ARRB1	XM_065397796.1#ARRB1
ATG16L2	XM_065423223.1#ATG16L2
PDE2A	XM_065409992.1#PDE2A
ARAP1	XM_065423386.1#ARAP1
STARD10	XM_065416641.1#STARD10
CLPB	XM_065423387.1#CLPB
PHOX2A	XM_065423343.1#PHOX2A
INPPL1	XM_065413901.1#INPPL1
LOC135890425	XM_065417842.1#LOC135890425
LOC135890336	XM_065417707.1#LOC135890336
LOC135889771	XM_065417468.1#LOC135889771
ANAPC15	XM_065415514.1#ANAPC15
LOC135873365	XM_065397807.1#LOC135873365
LOC135874346	XM_065399150.1#LOC135874346
LOC135895558	XM_065423674.1#LOC135895558
LAMTOR1	XM_065412028.1#LAMTOR1
LRRC51	XM_065423735.1#LRRC51
NUMA1	XM_065408307.1#NUMA1
IL18BP	XM_065397819.1#IL18BP
RNF121	XM_065415526.1#RNF121
XNDC1N	XM_065397831.1#XNDC1N
LOC135890801	XM_065418239.1#LOC135890801
LOC135895605	XM_065423745.1#LOC135895605
LOC135895335	XM_065423408.1#LOC135895335
LOC135895335	XM_065423406.1#LOC135895335
LOC135891416	XM_065418975.1#LOC135891416
LOC135895338	XM_065423410.1#LOC135895338
LOC135895336	XM_065423409.1#LOC135895336
LOC135887839	XM_065415614.1#LOC135887839
LOC135895342	XM_065423428.1#LOC135895342
LOC135895342	XM_065423415.1#LOC135895342
LOC135895342	XM_065423416.1#LOC135895342
LOC135895342	XM_065423417.1#LOC135895342
LOC135895342	XM_065423413.1#LOC135895342
LOC135895342	XM_065423421.1#LOC135895342
LOC135895342	XM_065423414.1#LOC135895342
LOC135895342	XM_065423420.1#LOC135895342
LOC135895342	XM_065423422.1#LOC135895342
LOC135895342	XM_065423418.1#LOC135895342
LOC135895342	XM_065423419.1#LOC135895342
LOC135895342	XM_065423426.1#LOC135895342
LOC135895342	XM_065423424.1#LOC135895342
LOC135895342	XM_065423423.1#LOC135895342
LOC135895342	XM_065423427.1#LOC135895342
LOC135895342	XM_065423425.1#LOC135895342
LOC135895342	XM_065423429.1#LOC135895342
LOC135895342	XM_065423430.1#LOC135895342
LOC135895342	XM_065423432.1#LOC135895342
LOC135895342	XM_065423412.1#LOC135895342
LOC135895342	XM_065423433.1#LOC135895342
ART1	XM_065423326.1#ART1
LOC135895514	XM_065423624.1#LOC135895514
LOC135888266	XM_065416077.1#LOC135888266
LOC135895254	XM_065423329.1#LOC135895254
LOC135891038	XM_065418530.1#LOC135891038
LOC135895508	XM_065423618.1#LOC135895508
LOC135892116	XM_065419814.1#LOC135892116
LOC135895530	XM_065423647.1#LOC135895530
LOC135881815	XM_065408529.1#LOC135881815
LOC135895433	XM_065423544.1#LOC135895433
LOC135881835	XM_065408552.1#LOC135881835
LOC135881845	XM_065408572.1#LOC135881845
LOC135881845	XM_065408564.1#LOC135881845
LOC135881858	XM_065408583.1#LOC135881858
LOC135895365	XM_065423454.1#LOC135895365
LOC135895283	XM_065423355.1#LOC135895283
CHRNA10	XM_065422681.1#CHRNA10
NUP98	XM_065423453.1#NUP98
PGAP2	XM_065417492.1#PGAP2
RHOG	XM_065423455.1#RHOG
STIM1	XM_065423459.1#STIM1
STIM1	XM_065423457.1#STIM1
STIM1	XM_065423460.1#STIM1
STIM1	XM_065423458.1#STIM1
LOC135873386	XM_065397845.1#LOC135873386
RRM1	XM_065423462.1#RRM1
LOC135886843	XM_065414958.1#LOC135886843
LOC135873394	XM_065397857.1#LOC135873394
LOC135873403	XM_065397869.1#LOC135873403
LOC135873411	XM_065397883.1#LOC135873411
LOC135873419	XM_065397894.1#LOC135873419
LOC135882066	XM_065408832.1#LOC135882066
LOC135882075	XM_065408845.1#LOC135882075
LOC135886370	XM_065414158.1#LOC135886370
LOC135891663	XM_065419284.1#LOC135891663
LOC135888866	XM_065416664.1#LOC135888866
LOC135873427	XM_065397907.1#LOC135873427
LOC135887107	XM_065414895.1#LOC135887107
LOC135892813	XM_065420612.1#LOC135892813
LOC135893035	XM_065420826.1#LOC135893035
LOC135873429	XM_065397923.1#LOC135873429
LOC135886553	XM_065414306.1#LOC135886553
LOC135895158	XM_065423229.1#LOC135895158
LOC135895135	XM_065423206.1#LOC135895135
LOC135895244	XM_065423320.1#LOC135895244
LOC135893951	XM_065421915.1#LOC135893951
LOC135875771	XM_065400777.1#LOC135875771
LOC135891228	XM_065418737.1#LOC135891228
LOC135886867	XM_065414658.1#LOC135886867
LOC135882116	XM_065408907.1#LOC135882116
LOC135886778	XM_065414560.1#LOC135886778
LOC135882122	XM_065408921.1#LOC135882122
LOC135884610	XM_065412036.1#LOC135884610
LOC135891287	XM_065418821.1#LOC135891287
LOC135882131	XM_065408932.1#LOC135882131
LOC135882438	XM_065409347.1#LOC135882438
LOC135872999	XM_065397455.1#LOC135872999
LOC135882142	XM_065408943.1#LOC135882142
LOC135895540	XM_065423655.1#LOC135895540
LOC135894997	XM_065423046.1#LOC135894997
LOC135873437	XM_065397935.1#LOC135873437
LOC135873445	XM_065397946.1#LOC135873445
LOC135884027	XM_065411320.1#LOC135884027
LOC135895160	XM_065423231.1#LOC135895160
LOC135885303	XM_065412971.1#LOC135885303
LOC135886133	XM_065414005.1#LOC135886133
LOC135892586	XM_065420387.1#LOC135892586
LOC135882158	XM_065408970.1#LOC135882158
LOC135882167	XM_065408982.1#LOC135882167
LOC135889677	XM_065417461.1#LOC135889677
LOC135885538	XM_065413308.1#LOC135885538
LOC135882177	XM_065408993.1#LOC135882177
LOC135882188	XM_065409004.1#LOC135882188
LOC135873455	XM_065397958.1#LOC135873455
LOC135873463	XM_065397971.1#LOC135873463
LOC135882234	XM_065409063.1#LOC135882234
LOC135888184	XM_065416001.1#LOC135888184
LOC135895202	XM_065423278.1#LOC135895202
LOC135895186	XM_065423258.1#LOC135895186
LOC135895725	XM_065423871.1#LOC135895725
LOC135873003	XM_065397458.1#LOC135873003
LOC135873042	XM_065397517.1#LOC135873042
LOC135882258	XM_065409101.1#LOC135882258
LOC135888084	XM_065415899.1#LOC135888084
LOC135885867	XM_065413778.1#LOC135885867
LOC135884930	XM_065412522.1#LOC135884930
LOC135883769	XM_065411016.1#LOC135883769
LOC135895430	XM_065423541.1#LOC135895430
LOC135882272	XM_065409126.1#LOC135882272
LOC135884970	XM_065412584.1#LOC135884970
LOC135895629	XM_065423770.1#LOC135895629
LOC135895322	XM_065423393.1#LOC135895322
LOC135895576	XM_065423692.1#LOC135895576
LOC135874623	XM_065399512.1#LOC135874623
LOC135892358	XM_065420088.1#LOC135892358
LOC135895274	XM_065423347.1#LOC135895274
LOC135895704	XM_065423850.1#LOC135895704
LOC135895685	XM_065423832.1#LOC135895685
LOC135895656	XM_065423795.1#LOC135895656
LOC135895683	XM_065423830.1#LOC135895683
LOC135873030	XM_065397499.1#LOC135873030
LOC135891855	XM_065419531.1#LOC135891855
LOC135895663	XM_065423801.1#LOC135895663
LOC135895572	XM_065423688.1#LOC135895572
LOC135882336	XM_065409232.1#LOC135882336
LOC135882346	XM_065409243.1#LOC135882346
LOC135882365	XM_065409265.1#LOC135882365
LOC135882376	XM_065409276.1#LOC135882376
LOC135873469	XM_065397983.1#LOC135873469
LOC135895253	XM_065423328.1#LOC135895253
LOC135882385	XM_065409287.1#LOC135882385
LOC135882395	XM_065409298.1#LOC135882395
LOC135873476	XM_065397996.1#LOC135873476
LOC135882252	XM_065409481.1#LOC135882252
LOC135894510	XM_065422619.1#LOC135894510
LOC135895722	XM_065423868.1#LOC135895722
LOC135882405	XM_065409313.1#LOC135882405
LOC135882405	XM_065409305.1#LOC135882405
LOC135873484	XM_065398010.1#LOC135873484
LOC135882416	XM_065409324.1#LOC135882416
LOC135892208	XM_065419921.1#LOC135892208
LOC135891027	XM_065418519.1#LOC135891027
LOC135892271	XM_065419975.1#LOC135892271
LOC135895585	XM_065423724.1#LOC135895585
LOC135882447	XM_065409359.1#LOC135882447
LOC135894499	XM_065422609.1#LOC135894499
LOC135895607	XM_065423747.1#LOC135895607
LOC135882455	XM_065409370.1#LOC135882455
LOC135873106	XM_065397582.1#LOC135873106
LOC135882465	XM_065409391.1#LOC135882465
LOC135882465	XM_065409383.1#LOC135882465
LOC135875284	XM_065400267.1#LOC135875284
LOC135882486	XM_065409415.1#LOC135882486
LOC135894426	XM_065422508.1#LOC135894426
LOC135882478	XM_065409402.1#LOC135882478
LOC135882496	XM_065409426.1#LOC135882496
LOC135895407	XM_065423514.1#LOC135895407
LOC135882525	XM_065409462.1#LOC135882525
LOC135885691	XM_065413588.1#LOC135885691
LOC135890317	XM_065417685.1#LOC135890317
LOC135895451	XM_065423562.1#LOC135895451
LOC135895565	XM_065423682.1#LOC135895565
LOC135895221	XM_065423297.1#LOC135895221
LOC135895168	XM_065423239.1#LOC135895168
LOC135894982	XM_065423043.1#LOC135894982
LOC135895369	XM_065423461.1#LOC135895369
LOC135895384	XM_065423475.1#LOC135895384
LOC135895321	XM_065423392.1#LOC135895321
LOC135893397	XM_065421207.1#LOC135893397
LOC135892890	XM_065420658.1#LOC135892890
LOC135882606	XM_065409566.1#LOC135882606
LOC135893452	XM_065421278.1#LOC135893452
LOC135882614	XM_065409577.1#LOC135882614
LOC135888787	XM_065416575.1#LOC135888787
LOC135894714	XM_065422853.1#LOC135894714
LOC135889804	XM_065417470.1#LOC135889804
LOC135889308	XM_065417168.1#LOC135889308
LOC135894696	XM_065422837.1#LOC135894696
LOC135882643	XM_065409622.1#LOC135882643
LOC135882654	XM_065409633.1#LOC135882654
LOC135873503	XM_065398048.1#LOC135873503
LOC135873068	XM_065397540.1#LOC135873068
LOC135882663	XM_065409646.1#LOC135882663
LOC135882671	XM_065409658.1#LOC135882671
LOC135882682	XM_065409669.1#LOC135882682
LOC135884002	XM_065411284.1#LOC135884002
LOC135873511	XM_065398059.1#LOC135873511
LOC135890150	XM_065417494.1#LOC135890150
LOC135873518	XM_065398073.1#LOC135873518
LOC135873519	XM_065398090.1#LOC135873519
LOC135873520	XM_065398106.1#LOC135873520
LOC135873070	XM_065397543.1#LOC135873070
LOC135882691	XM_065409680.1#LOC135882691
LOC135882702	XM_065409692.1#LOC135882702
LOC135873535	XM_065398130.1#LOC135873535
RPS11	XM_065423530.1#RPS11
LOC135886286	XM_065414104.1#LOC135886286
LOC135875268	XM_065400266.1#LOC135875268
LOC135873552	XM_065398153.1#LOC135873552
LOC135882711	XM_065409705.1#LOC135882711
LOC135874291	XM_065399119.1#LOC135874291
LOC135895129	XM_065423200.1#LOC135895129
LOC135882717	XM_065409717.1#LOC135882717
LOC135892507	XM_065420303.1#LOC135892507
LOC135881120	XM_065407638.1#LOC135881120
LOC135881137	XM_065407678.1#LOC135881137
LOC135887548	XM_065415278.1#LOC135887548
LOC135873559	XM_065398165.1#LOC135873559
LOC135873035	XM_065397504.1#LOC135873035
LOC135884743	XM_065412282.1#LOC135884743
LOC135874037	XM_065398763.1#LOC135874037
LOC135873020	XM_065397489.1#LOC135873020
LOC135893085	XM_065420874.1#LOC135893085
LOC135882738	XM_065409755.1#LOC135882738
LOC135873019	XM_065397488.1#LOC135873019
LOC135895429	XM_065423540.1#LOC135895429
LOC135873566	XM_065398178.1#LOC135873566
LOC135881134	XM_065407666.1#LOC135881134
LOC135884084	XM_065411383.1#LOC135884084
LOC135882758	XM_065409779.1#LOC135882758
LOC135881154	XM_065407702.1#LOC135881154
LOC135881129	XM_065407650.1#LOC135881129
LOC135873537	XM_065398453.1#LOC135873537
LOC135873582	XM_065398203.1#LOC135873582
LOC135882811	XM_065409840.1#LOC135882811
LOC135887604	XM_065415326.1#LOC135887604
LOC135884172	XM_065411468.1#LOC135884172
LOC135873598	XM_065398226.1#LOC135873598
LOC135873606	XM_065398237.1#LOC135873606
LOC135873613	XM_065398250.1#LOC135873613
LOC135873046	XM_065397521.1#LOC135873046
LOC135882900	XM_065409935.1#LOC135882900
LOC135886691	XM_065414483.1#LOC135886691
LOC135874149	XM_065398879.1#LOC135874149
LOC135873629	XM_065398274.1#LOC135873629
LOC135878396	XM_065404052.1#LOC135878396
LOC135873639	XM_065398284.1#LOC135873639
LOC135873651	XM_065398293.1#LOC135873651
LOC135875631	XM_065400588.1#LOC135875631
LOC135895185	XM_065423257.1#LOC135895185
LOC135876249	XM_065401449.1#LOC135876249
LOC135873658	XM_065398300.1#LOC135873658
LOC135873666	XM_065398310.1#LOC135873666
LOC135881146	XM_065407688.1#LOC135881146
LOC135874150	XM_065398896.1#LOC135874150
LOC135873025	XM_065397495.1#LOC135873025
LOC135882977	XM_065410001.1#LOC135882977
LOC135888608	XM_065416338.1#LOC135888608
LOC135882986	XM_065410013.1#LOC135882986
LOC135893301	XM_065421103.1#LOC135893301
LOC135876149	XM_065401350.1#LOC135876149
LOC135873676	XM_065398320.1#LOC135873676
LOC135876156	XM_065401364.1#LOC135876156
LOC135875480	XM_065400326.1#LOC135875480
LOC135874186	XM_065398941.1#LOC135874186
LOC135874127	XM_065398840.1#LOC135874127
LOC135890905	XM_065418384.1#LOC135890905
LOC135894016	XM_065421995.1#LOC135894016
LOC135894936	XM_065422993.1#LOC135894936
LOC135873685	XM_065398327.1#LOC135873685
LOC135895313	XM_065423384.1#LOC135895313
LOC135872946	XM_065401078.1#LOC135872946
LOC135886432	XM_065414178.1#LOC135886432
LOC135892764	XM_065420563.1#LOC135892764
LOC135895199	XM_065423275.1#LOC135895199
LOC135895462	XM_065423573.1#LOC135895462
LOC135895442	XM_065423554.1#LOC135895442
LOC135895380	XM_065423473.1#LOC135895380
LOC135895287	XM_065423360.1#LOC135895287
LOC135883050	XM_065410090.1#LOC135883050
LOC135873693	XM_065398335.1#LOC135873693
LOC135887145	XM_065414931.1#LOC135887145
LOC135883060	XM_065410101.1#LOC135883060
LOC135883072	XM_065410112.1#LOC135883072
LOC135884582	XM_065412008.1#LOC135884582
LOC135873700	XM_065398341.1#LOC135873700
LOC135895458	XM_065423570.1#LOC135895458
LOC135895457	XM_065423569.1#LOC135895457
LOC135883082	XM_065410124.1#LOC135883082
LOC135883115	XM_065410164.1#LOC135883115
LOC135883117	XM_065410178.1#LOC135883117
LOC135883127	XM_065410189.1#LOC135883127
LOC135873722	XM_065398362.1#LOC135873722
LOC135895456	XM_065423568.1#LOC135895456
LOC135883138	XM_065410201.1#LOC135883138
LOC135883146	XM_065410213.1#LOC135883146
LOC135883154	XM_065410225.1#LOC135883154
LOC135873744	XM_065398379.1#LOC135873744
LOC135893222	XM_065421026.1#LOC135893222
LOC135895459	XM_065423571.1#LOC135895459
LOC135891193	XM_065418686.1#LOC135891193
LOC135887331	XM_065415097.1#LOC135887331
LOC135891117	XM_065418595.1#LOC135891117
LOC135888798	XM_065416586.1#LOC135888798
LOC135886225	XM_065414063.1#LOC135886225
LOC135873762	XM_065398393.1#LOC135873762
LOC135895468	XM_065423580.1#LOC135895468
LOC135895465	XM_065423577.1#LOC135895465
LOC135895469	XM_065423581.1#LOC135895469
LOC135883200	XM_065410231.1#LOC135883200
LOC135886714	XM_065414499.1#LOC135886714
LOC135883796	XM_065411052.1#LOC135883796
LOC135873783	XM_065398405.1#LOC135873783
LOC135873793	XM_065398413.1#LOC135873793
LOC135873804	XM_065398422.1#LOC135873804
LOC135895474	XM_065423584.1#LOC135895474
LOC135886144	XM_065414015.1#LOC135886144
LOC135895538	XM_065423654.1#LOC135895538
LOC135885660	XM_065413505.1#LOC135885660
LOC135886443	XM_065414179.1#LOC135886443
LOC135886453	XM_065414180.1#LOC135886453
LOC135895654	XM_065423793.1#LOC135895654
LOC135886536	XM_065414285.1#LOC135886536
LOC135886543	XM_065414295.1#LOC135886543
LOC135884535	XM_065411956.1#LOC135884535
LOC135874206	XM_065399003.1#LOC135874206
LOC135895311	XM_065423383.1#LOC135895311
LOC135895627	XM_065423768.1#LOC135895627
LOC135873814	XM_065398432.1#LOC135873814
LOC135873825	XM_065398441.1#LOC135873825
LOC135873835	XM_065398451.1#LOC135873835
LOC135893008	XM_065420798.1#LOC135893008
LOC135890709	XM_065418112.1#LOC135890709
LOC135873032	XM_065397501.1#LOC135873032
LOC135883332	XM_065410384.1#LOC135883332
LOC135895076	XM_065423140.1#LOC135895076
LOC135895223	XM_065423299.1#LOC135895223
LOC135884896	XM_065412474.1#LOC135884896
LOC135895299	XM_065423372.1#LOC135895299
LOC135873844	XM_065398460.1#LOC135873844
LOC135883340	XM_065410396.1#LOC135883340
LOC135883340	XM_065410406.1#LOC135883340
LOC135894926	XM_065422983.1#LOC135894926
LOC135883352	XM_065410418.1#LOC135883352
LOC135895724	XM_065423870.1#LOC135895724
LOC135888904	XM_065416702.1#LOC135888904
LOC135886214	XM_065414054.1#LOC135886214
LOC135873091	XM_065397568.1#LOC135873091
LOC135895424	XM_065423536.1#LOC135895424
LOC135895209	XM_065423284.1#LOC135895209
LOC135873863	XM_065398476.1#LOC135873863
LOC135883372	XM_065410442.1#LOC135883372
LOC135883378	XM_065410454.1#LOC135883378
LOC135887615	XM_065415336.1#LOC135887615
LOC135873873	XM_065398486.1#LOC135873873
LOC135895536	XM_065423652.1#LOC135895536
LOC135895541	XM_065423656.1#LOC135895541
LOC135895385	XM_065423476.1#LOC135895385
LOC135895603	XM_065423743.1#LOC135895603
LOC135872994	XM_065397450.1#LOC135872994
LOC135873884	XM_065398496.1#LOC135873884
LOC135890392	XM_065417800.1#LOC135890392
LOC135892861	XM_065420641.1#LOC135892861
LOC135895390	XM_065423491.1#LOC135895390
LOC135885921	XM_065413855.1#LOC135885921
LOC135883656	XM_065410901.1#LOC135883656
LOC135873895	XM_065398507.1#LOC135873895
LOC135895200	XM_065423276.1#LOC135895200
LOC135895455	XM_065423567.1#LOC135895455
LOC135873097	XM_065397575.1#LOC135873097
LOC135895497	XM_065423607.1#LOC135895497
LOC135895573	XM_065423689.1#LOC135895573
LOC135895399	XM_065423499.1#LOC135895399
LOC135874695	XM_065399609.1#LOC135874695
LOC135873906	XM_065398518.1#LOC135873906
LOC135885306	XM_065412984.1#LOC135885306
LOC135883779	XM_065411027.1#LOC135883779
LOC135883742	XM_065410985.1#LOC135883742
LOC135886858	XM_065414650.1#LOC135886858
LOC135892008	XM_065419684.1#LOC135892008
LOC135892163	XM_065419873.1#LOC135892163
LOC135889466	XM_065417338.1#LOC135889466
LOC135895490	XM_065423600.1#LOC135895490
LOC135895715	XM_065423862.1#LOC135895715
LOC135885681	XM_065413576.1#LOC135885681
LOC135886910	XM_065414689.1#LOC135886910
LOC135895259	XM_065423332.1#LOC135895259
LOC135895487	XM_065423597.1#LOC135895487
LOC135873078	XM_065397549.1#LOC135873078
LOC135873925	XM_065398541.1#LOC135873925
LOC135873930	XM_065398555.1#LOC135873930
LOC135873937	XM_065398569.1#LOC135873937
LOC135895472	XM_065423583.1#LOC135895472
LOC135873946	XM_065398581.1#LOC135873946
LOC135873955	XM_065398592.1#LOC135873955
LOC135883788	XM_065411039.1#LOC135883788
LOC135895483	XM_065423594.1#LOC135895483
LOC135873049	XM_065397524.1#LOC135873049
LOC135891796	XM_065419462.1#LOC135891796
LOC135873979	XM_065398624.1#LOC135873979
LOC135891600	XM_065419213.1#LOC135891600
LOC135895149	XM_065423219.1#LOC135895149
LOC135873040	XM_065397508.1#LOC135873040
LOC135883833	XM_065411092.1#LOC135883833
LOC135895161	XM_065423232.1#LOC135895161
LOC135881163	XM_065407713.1#LOC135881163
LOC135891253	XM_065418772.1#LOC135891253
LOC135895635	XM_065423775.1#LOC135895635
LOC135888225	XM_065416037.1#LOC135888225
LOC135875433	XM_065400278.1#LOC135875433
LOC135895354	XM_065423443.1#LOC135895354
LOC135895461	XM_065423572.1#LOC135895461
LOC135876513	XM_065401760.1#LOC135876513
LOC135874613	XM_065399500.1#LOC135874613
LOC135889528	XM_065417393.1#LOC135889528
LOC135875207	XM_065400203.1#LOC135875207
LOC135895712	XM_065423858.1#LOC135895712
LOC135895414	XM_065423521.1#LOC135895414
LOC135895227	XM_065423303.1#LOC135895227
LOC135895177	XM_065423248.1#LOC135895177
LOC135874596	XM_065399476.1#LOC135874596
LOC135872987	XM_065397444.1#LOC135872987
LOC135872947	XM_065397400.1#LOC135872947
LOC135895500	XM_065423609.1#LOC135895500
LOC135873993	XM_065398650.1#LOC135873993
LOC135891377	XM_065418928.1#LOC135891377
LOC135892997	XM_065420785.1#LOC135892997
LOC135887432	XM_065415199.1#LOC135887432
LOC135895166	XM_065423237.1#LOC135895166
LOC135890513	XM_065417936.1#LOC135890513
LOC135893194	XM_065420996.1#LOC135893194
LOC135892049	XM_065419744.1#LOC135892049
LOC135887593	XM_065415316.1#LOC135887593
LOC135895527	XM_065423645.1#LOC135895527
LOC135883909	XM_065411181.1#LOC135883909
LOC135883919	XM_065411192.1#LOC135883919
LOC135874005	XM_065398677.1#LOC135874005
LOC135883951	XM_065411230.1#LOC135883951
LOC135895445	XM_065423557.1#LOC135895445
LOC135883963	XM_065411241.1#LOC135883963
LOC135883963	XM_065411249.1#LOC135883963
LOC135894824	XM_065423197.1#LOC135894824
LOC135883980	XM_065411260.1#LOC135883980
LOC135895660	XM_065423799.1#LOC135895660
LOC135895255	XM_065423330.1#LOC135895255
LOC135891506	XM_065419052.1#LOC135891506
LOC135890369	XM_065417767.1#LOC135890369
LOC135884013	XM_065411295.1#LOC135884013
LOC135895533	XM_065423649.1#LOC135895533
LOC135895134	XM_065423204.1#LOC135895134
LOC135874011	XM_065398690.1#LOC135874011
LOC135884064	XM_065411360.1#LOC135884064
LOC135892555	XM_065420360.1#LOC135892555
LOC135875365	XM_065400272.1#LOC135875365
LOC135873083	XM_065397554.1#LOC135873083
LOC135884095	XM_065411393.1#LOC135884095
LOC135874018	XM_065398700.1#LOC135874018
LOC135874027	XM_065398713.1#LOC135874027
LOC135885837	XM_065413743.1#LOC135885837
LOC135884136	XM_065411431.1#LOC135884136
LOC135884153	XM_065411449.1#LOC135884153
LOC135876238	XM_065401438.1#LOC135876238
LOC135873071	XM_065397544.1#LOC135873071
LOC135884185	XM_065411470.1#LOC135884185
LOC135884201	XM_065411471.1#LOC135884201
LOC135874062	XM_065398758.1#LOC135874062
C1H11orf42	XM_065398770.1#C1H11orf42
FHIP1B	XM_065411543.1#FHIP1B
CNGA4	XM_065398783.1#CNGA4
CCKBR	XM_065423361.1#CCKBR
SMPD1	XM_065398794.1#SMPD1
APBB1	XM_065423664.1#APBB1
HPX	XM_065423665.1#HPX
TRIM3	XM_065423663.1#TRIM3
ARFIP2	XM_065418030.1#ARFIP2
ARFIP2	XM_065418022.1#ARFIP2
ARFIP2	XM_065418005.1#ARFIP2
ARFIP2	XM_065418014.1#ARFIP2
ARFIP2	XM_065417997.1#ARFIP2
ARFIP2	XM_065417989.1#ARFIP2
ARFIP2	XM_065417983.1#ARFIP2
TIMM10B	XM_065419295.1#TIMM10B
DNHD1	XM_065398806.1#DNHD1
LOC135884324	XM_065411631.1#LOC135884324
RRP8	XM_065411642.1#RRP8
ILK	XM_065411654.1#ILK
ILK	XM_065411663.1#ILK
TAF10	XM_065421473.1#TAF10
TPP1	XM_065411705.1#TPP1
DCHS1	XM_065423630.1#DCHS1
LCMT2	XM_065398817.1#LCMT2
LOC135894759	XM_065422856.1#LOC135894759
LOC135894761	XM_065422857.1#LOC135894761
LOC135894763	XM_065422859.1#LOC135894763
LOC135894762	XM_065422858.1#LOC135894762
CCDC166	XM_065397859.1#CCDC166
MAPK15	XM_065399794.1#MAPK15
FAM83H	XM_065399793.1#FAM83H
IQANK1	XM_065399902.1#IQANK1
SCRIB	XM_065397800.1#SCRIB
PUF60	XM_065398198.1#PUF60
PUF60	XM_065398199.1#PUF60
NRBP2	XM_065399354.1#NRBP2
NRBP2	XM_065399355.1#NRBP2
NRBP2	XM_065399353.1#NRBP2
LOC135875117	XM_065400101.1#LOC135875117
EPPK1	XM_065400103.1#EPPK1
LOC135875122	XM_065400108.1#LOC135875122
PLEC	XM_065398575.1#PLEC
PARP10	XM_065399214.1#PARP10
GRINA	XM_065398905.1#GRINA
GRINA	XM_065398906.1#GRINA
SPATC1	XM_065400127.1#SPATC1
LOC135874809	XM_065399744.1#LOC135874809
LOC135874807	XM_065399742.1#LOC135874807
OPLAH	XM_065399401.1#OPLAH
EXOSC4	XM_065399297.1#EXOSC4
GPAA1	XM_065399548.1#GPAA1
LOC135874474	XM_065399300.1#LOC135874474
SHARPIN	XM_065399332.1#SHARPIN
MAF1	XM_065398943.1#MAF1
MAF1	XM_065398940.1#MAF1
MAF1	XM_065398942.1#MAF1
WDR97	XM_065399765.1#WDR97
WDR97	XM_065399767.1#WDR97
LOC135875151	XM_065400144.1#LOC135875151
HGH1	XM_065399992.1#HGH1
LOC135875155	XM_065400148.1#LOC135875155
MROH1	XM_065397867.1#MROH1
BOP1	XM_065400149.1#BOP1
SCX	XM_065399782.1#SCX
HSF1	XM_065397823.1#HSF1
HSF1	XM_065397824.1#HSF1
HSF1	XM_065397825.1#HSF1
LOC135873300	XM_065397705.1#LOC135873300
LOC135873300	XM_065397706.1#LOC135873300
DGAT1	XM_065400155.1#DGAT1
LOC135874699	XM_065399610.1#LOC135874699
LOC135874514	XM_065399361.1#LOC135874514
SCRT1	XM_065399711.1#SCRT1
TMEM249	XM_065400163.1#TMEM249
LOC135873577	XM_065398194.1#LOC135873577
FBXL6	XM_065398243.1#FBXL6
SLC52A2	XM_065399555.1#SLC52A2
LOC135874861	XM_065399804.1#LOC135874861
ADCK5	XM_065399599.1#ADCK5
CPSF1	XM_065398115.1#CPSF1
SLC39A4	XM_065399834.1#SLC39A4
VPS28	XM_065398790.1#VPS28
VPS28	XM_065398791.1#VPS28
TONSL	XM_065399616.1#TONSL
ZFTRAF1	XM_065397820.1#ZFTRAF1
ZFTRAF1	XM_065397821.1#ZFTRAF1
TMEM276	XM_065397822.1#TMEM276
LOC135875180	XM_065400174.1#LOC135875180
KIFC2	XM_065399064.1#KIFC2
LOC135875183	XM_065400177.1#LOC135875183
LOC135875227	XM_065400218.1#LOC135875227
PPP1R16A	XM_065399784.1#PPP1R16A
GPT	XM_065399082.1#GPT
LOC135874670	XM_065399566.1#LOC135874670
LOC135875189	XM_065400183.1#LOC135875189
LOC135875191	XM_065400185.1#LOC135875191
LOC135875193	XM_065400187.1#LOC135875193
LOC135873611	XM_065398244.1#LOC135873611
LOC135875194	XM_065400188.1#LOC135875194
LOC135873612	XM_065398245.1#LOC135873612
MFSD3	XM_065399690.1#MFSD3
RECQL4	XM_065398656.1#RECQL4
LRRC14	XM_065398737.1#LRRC14
LRRC14	XM_065398738.1#LRRC14
LOC135875197	XM_065400190.1#LOC135875197
LRRC24	XM_065400212.1#LRRC24
C2H8orf82	XM_065400192.1#C2H8orf82
ARHGAP39	XM_065400194.1#ARHGAP39
GFUS	XM_065398937.1#GFUS
LOC135875210	XM_065400202.1#LOC135875210
PYCR3	XM_065399287.1#PYCR3
TIGD5	XM_065400196.1#TIGD5
LOC135873553	XM_065398148.1#LOC135873553
LOC135873553	XM_065398149.1#LOC135873553
LOC135873553	XM_065398150.1#LOC135873553
LOC135873553	XM_065398152.1#LOC135873553
LOC135873553	XM_065398151.1#LOC135873553
LOC135873553	XM_065398154.1#LOC135873553
LOC135875203	XM_065400197.1#LOC135875203
NAPRT	XM_065399268.1#NAPRT
LOC135875192	XM_065400186.1#LOC135875192
LOC135875205	XM_065400199.1#LOC135875205
LOC135875238	XM_065400239.1#LOC135875238
LOC135874967	XM_065399928.1#LOC135874967
LOC135875135	XM_065400124.1#LOC135875135
LOC135875190	XM_065400184.1#LOC135875190
LOC135875159	XM_065400153.1#LOC135875159
LOC135874520	XM_065399372.1#LOC135874520
LOC135874120	XM_065398826.1#LOC135874120
MROH6	XM_065400200.1#MROH6
ZC3H3	XM_065398821.1#ZC3H3
MAFA	XM_065399567.1#MAFA
RHPN1	XM_065399426.1#RHPN1
LOC135875216	XM_065400208.1#LOC135875216
TOP1MT	XM_065398210.1#TOP1MT
TOP1MT	XM_065398209.1#TOP1MT
LOC135875179	XM_065400173.1#LOC135875179
LOC135874936	XM_065399890.1#LOC135874936
LOC135874925	XM_065399880.1#LOC135874925
LOC135875217	XM_065400209.1#LOC135875217
LOC135875222	XM_065400213.1#LOC135875222
LOC135874169	XM_065398921.1#LOC135874169
LOC135873630	XM_065398271.1#LOC135873630
LOC135873423	XM_065397895.1#LOC135873423
LOC135874639	XM_065399526.1#LOC135874639
LOC135873422	XM_065397893.1#LOC135873422
LOC135875225	XM_065400217.1#LOC135875225
LOC135875228	XM_065400219.1#LOC135875228
LOC135873244	XM_065397636.1#LOC135873244
PSCA	XM_065397704.1#PSCA
ARC	XM_065400167.1#ARC
ADGRB1	XM_065398580.1#ADGRB1
TSNARE1	XM_065399459.1#TSNARE1
PTP4A3	XM_065399284.1#PTP4A3
PTP4A3	XM_065399285.1#PTP4A3
PTP4A3	XM_065399286.1#PTP4A3
LOC135875240	XM_065400241.1#LOC135875240
GPR20	XM_065400211.1#GPR20
SLC45A4	XM_065399752.1#SLC45A4
DENND3	XM_065399595.1#DENND3
PTK2	XM_065398777.1#PTK2
PTK2	XM_065398773.1#PTK2
PTK2	XM_065398778.1#PTK2
PTK2	XM_065398775.1#PTK2
PTK2	XM_065398774.1#PTK2
RPLP1	XM_065398205.1#RPLP1
AGO2	XM_065397615.1#AGO2
CHRAC1	XM_065398785.1#CHRAC1
TRAPPC9	XM_065398766.1#TRAPPC9
KCNK9	XM_065399987.1#KCNK9
COL22A1	XM_065397620.1#COL22A1
FAM135B	XM_065398959.1#FAM135B
KHDRBS3	XM_065399700.1#KHDRBS3
ZFAT	XM_065398805.1#ZFAT
ST3GAL1	XM_065399489.1#ST3GAL1
NDRG1	XM_065398619.1#NDRG1
CCN4	XM_065397641.1#CCN4
TG	XM_065397852.1#TG
SLA	XM_065398796.1#SLA
PHF20L1	XM_065398255.1#PHF20L1
PHF20L1	XM_065398254.1#PHF20L1
TMEM71	XM_065397647.1#TMEM71
DNAAF11	XM_065399839.1#DNAAF11
KCNQ3	XM_065397818.1#KCNQ3
HHLA1	XM_065397644.1#HHLA1
OC90	XM_065400215.1#OC90
EFR3A	XM_065398651.1#EFR3A
EFR3A	XM_065398649.1#EFR3A
ADCY8	XM_065398532.1#ADCY8
ASAP1	XM_065399859.1#ASAP1
LOC135873551	XM_065398147.1#LOC135873551
CYRIB	XM_065398201.1#CYRIB
CYRIB	XM_065398204.1#CYRIB
CYRIB	XM_065398202.1#CYRIB
MYC	XM_065399292.1#MYC
LRATD2	XM_065400089.1#LRATD2
TRIB1	XM_065399772.1#TRIB1
NSMCE2	XM_065399222.1#NSMCE2
WASHC5	XM_065399131.1#WASHC5
SQLE	XM_065399953.1#SQLE
MTSS1	XM_065398731.1#MTSS1
NDUFB9	XM_065400119.1#NDUFB9
NDUFB9	XM_065400120.1#NDUFB9
TATDN1	XM_065400121.1#TATDN1
TATDN1	XM_065400122.1#TATDN1
TATDN1	XM_065400123.1#TATDN1
RNF139	XM_065400118.1#RNF139
TMEM65	XM_065399869.1#TMEM65
FER1L6	XM_065397689.1#FER1L6
FAM91A1	XM_065399200.1#FAM91A1
ANXA13	XM_065398746.1#ANXA13
KLHL38	XM_065400115.1#KLHL38
FBXO32	XM_065400134.1#FBXO32
NTAQ1	XM_065400137.1#NTAQ1
NTAQ1	XM_065400135.1#NTAQ1
NTAQ1	XM_065400136.1#NTAQ1
ATAD2	XM_065400132.1#ATAD2
ZHX1	XM_065399697.1#ZHX1
C2H8orf76	XM_065399148.1#C2H8orf76
FAM83A	XM_065399919.1#FAM83A
TBC1D31	XM_065398795.1#TBC1D31
DERL1	XM_065397974.1#DERL1
ZHX2	XM_065398742.1#ZHX2
ZHX2	XM_065398743.1#ZHX2
ZHX2	XM_065398741.1#ZHX2
HAS2	XM_065399441.1#HAS2
SNTB1	XM_065399435.1#SNTB1
MTBP	XM_065398620.1#MTBP
MRPL13	XM_065398621.1#MRPL13
MRPL13	XM_065398622.1#MRPL13
COL14A1	XM_065399762.1#COL14A1
DEPTOR	XM_065399763.1#DEPTOR
DSCC1	XM_065398631.1#DSCC1
TAF2	XM_065397709.1#TAF2
ENPP2	XM_065397673.1#ENPP2
ENPP2	XM_065397674.1#ENPP2
ENPP2	XM_065397675.1#ENPP2
CCN3	XM_065399282.1#CCN3
MAL2	XM_065399990.1#MAL2
COLEC10	XM_065399484.1#COLEC10
TNFRSF11B	XM_065397711.1#TNFRSF11B
LOC135875051	XM_065400035.1#LOC135875051
EXT1	XM_065399406.1#EXT1
MED30	XM_065399342.1#MED30
MED30	XM_065399341.1#MED30
MED30	XM_065399344.1#MED30
SLC30A8	XM_065397714.1#SLC30A8
RAD21	XM_065397798.1#RAD21
RAD21	XM_065397799.1#RAD21
UTP23	XM_065398814.1#UTP23
EIF3H	XM_065398055.1#EIF3H
TRPS1	XM_065399704.1#TRPS1
TRPS1	XM_065399705.1#TRPS1
TRPS1	XM_065399703.1#TRPS1
CSMD3	XM_065399724.1#CSMD3
CSMD3	XM_065399725.1#CSMD3
CSMD3	XM_065399726.1#CSMD3
KCNV1	XM_065399785.1#KCNV1
SYBU	XM_065399338.1#SYBU
SYBU	XM_065399339.1#SYBU
EBAG9	XM_065398535.1#EBAG9
EBAG9	XM_065398533.1#EBAG9
ENY2	XM_065399249.1#ENY2
NUDCD1	XM_065398764.1#NUDCD1
TRHR	XM_065399730.1#TRHR
TMEM74	XM_065397683.1#TMEM74
EMC2	XM_065398811.1#EMC2
EMC2	XM_065398812.1#EMC2
EIF3E	XM_065398229.1#EIF3E
EIF3E	XM_065398230.1#EIF3E
EIF3E	XM_065398231.1#EIF3E
RSPO2	XM_065399679.1#RSPO2
RSPO2	XM_065399680.1#RSPO2
ANGPT1	XM_065398962.1#ANGPT1
ABRA	XM_065400072.1#ABRA
OXR1	XM_065397838.1#OXR1
OXR1	XM_065397840.1#OXR1
OXR1	XM_065397839.1#OXR1
ZFPM2	XM_065398289.1#ZFPM2
LRP12	XM_065398825.1#LRP12
DPYS	XM_065397826.1#DPYS
DCSTAMP	XM_065400151.1#DCSTAMP
RIMS2	XM_065398069.1#RIMS2
RIMS2	XM_065398065.1#RIMS2
RIMS2	XM_065398088.1#RIMS2
RIMS2	XM_065398077.1#RIMS2
RIMS2	XM_065398093.1#RIMS2
RIMS2	XM_065398087.1#RIMS2
RIMS2	XM_065398070.1#RIMS2
RIMS2	XM_065398068.1#RIMS2
RIMS2	XM_065398083.1#RIMS2
RIMS2	XM_065398076.1#RIMS2
RIMS2	XM_065398086.1#RIMS2
RIMS2	XM_065398072.1#RIMS2
RIMS2	XM_065398085.1#RIMS2
RIMS2	XM_065398080.1#RIMS2
RIMS2	XM_065398067.1#RIMS2
RIMS2	XM_065398064.1#RIMS2
RIMS2	XM_065398071.1#RIMS2
RIMS2	XM_065398075.1#RIMS2
RIMS2	XM_065398062.1#RIMS2
RIMS2	XM_065398063.1#RIMS2
RIMS2	XM_065398074.1#RIMS2
RIMS2	XM_065398078.1#RIMS2
RIMS2	XM_065398066.1#RIMS2
RIMS2	XM_065398095.1#RIMS2
RIMS2	XM_065398094.1#RIMS2
RIMS2	XM_065398103.1#RIMS2
RIMS2	XM_065398092.1#RIMS2
RIMS2	XM_065398100.1#RIMS2
RIMS2	XM_065398089.1#RIMS2
RIMS2	XM_065398099.1#RIMS2
RIMS2	XM_065398091.1#RIMS2
RIMS2	XM_065398102.1#RIMS2
RIMS2	XM_065398097.1#RIMS2
RIMS2	XM_065398082.1#RIMS2
RIMS2	XM_065398096.1#RIMS2
RIMS2	XM_065398079.1#RIMS2
RIMS2	XM_065398101.1#RIMS2
RIMS2	XM_065398098.1#RIMS2
DCAF13	XM_065398582.1#DCAF13
SLC25A32	XM_065399430.1#SLC25A32
CTHRC1	XM_065399908.1#CTHRC1
FZD6	XM_065398916.1#FZD6
BAALC	XM_065400216.1#BAALC
ATP6V1C1	XM_065398157.1#ATP6V1C1
ATP6V1C1	XM_065398155.1#ATP6V1C1
AZIN1	XM_065399854.1#AZIN1
AZIN1	XM_065399856.1#AZIN1
AZIN1	XM_065399857.1#AZIN1
KLF10	XM_065399613.1#KLF10
ODF1	XM_065397847.1#ODF1
UBR5	XM_065397837.1#UBR5
UBR5	XM_065397836.1#UBR5
RRM2B	XM_065399179.1#RRM2B
NCALD	XM_065398786.1#NCALD
GRHL2	XM_065398290.1#GRHL2
ZNF706	XM_065399468.1#ZNF706
YWHAZ	XM_065397889.1#YWHAZ
YWHAZ	XM_065397890.1#YWHAZ
PABPC1	XM_065399071.1#PABPC1
PABPC1	XM_065399072.1#PABPC1
PABPC1	XM_065399073.1#PABPC1
SNX31	XM_065399927.1#SNX31
ANKRD46	XM_065398302.1#ANKRD46
ANKRD46	XM_065398301.1#ANKRD46
ANKRD46	XM_065398304.1#ANKRD46
ANKRD46	XM_065398303.1#ANKRD46
RNF19A	XM_065399474.1#RNF19A
RNF19A	XM_065399473.1#RNF19A
LOC135874600	XM_065399479.1#LOC135874600
SPAG1	XM_065398852.1#SPAG1
POLR2K	XM_065399478.1#POLR2K
POLR2K	XM_065399477.1#POLR2K
FBXO43	XM_065400056.1#FBXO43
RGS22	XM_065398291.1#RGS22
LOC135874447	XM_065399269.1#LOC135874447
VPS13B	XM_065397834.1#VPS13B
VPS13B	XM_065397833.1#VPS13B
VPS13B	XM_065397835.1#VPS13B
OSR2	XM_065399777.1#OSR2
STK3	XM_065398610.1#STK3
KCNS2	XM_065399878.1#KCNS2
NIPAL2	XM_065399528.1#NIPAL2
POP1	XM_065398292.1#POP1
RIDA	XM_065399485.1#RIDA
RPL30	XM_065398816.1#RPL30
MATN2	XM_065398125.1#MATN2
LAPTM4B	XM_065399795.1#LAPTM4B
MTDH	XM_065398242.1#MTDH
MTDH	XM_065398241.1#MTDH
CPQ	XM_065399948.1#CPQ
SDC2	XM_065399858.1#SDC2
PTDSS1	XM_065399201.1#PTDSS1
MTERF3	XM_065398281.1#MTERF3
MTERF3	XM_065398280.1#MTERF3
LOC135874057	XM_065398749.1#LOC135874057
GDF6	XM_065399556.1#GDF6
CFAP418	XM_065399525.1#CFAP418
PLEKHF2	XM_065398736.1#PLEKHF2
NDUFAF6	XM_065399491.1#NDUFAF6
NDUFAF6	XM_065399492.1#NDUFAF6
TP53INP1	XM_065399099.1#TP53INP1
CCNE2	XM_065399100.1#CCNE2
INTS8	XM_065398124.1#INTS8
LOC135874899	XM_065399850.1#LOC135874899
DPY19L4	XM_065399506.1#DPY19L4
FRAT2	XM_065400107.1#FRAT2
ESRP1	XM_065398950.1#ESRP1
ESRP1	XM_065398951.1#ESRP1
ESRP1	XM_065398949.1#ESRP1
VIRMA	XM_065399301.1#VIRMA
VIRMA	XM_065399302.1#VIRMA
LOC135873316	XM_065397725.1#LOC135873316
RAD54B	XM_065399320.1#RAD54B
FSBP	XM_065399321.1#FSBP
GEM	XM_065399471.1#GEM
CDH17	XM_065399469.1#CDH17
PDP1	XM_065398019.1#PDP1
TMEM67	XM_065399149.1#TMEM67
RBM12B	XM_065399530.1#RBM12B
CIBAR1	XM_065399376.1#CIBAR1
TRIQK	XM_065398688.1#TRIQK
RUNX1T1	XM_065398058.1#RUNX1T1
SLC26A7	XM_065399357.1#SLC26A7
LRRC69	XM_065399667.1#LRRC69
OTUD6B	XM_065398824.1#OTUD6B
PIP4P2	XM_065399753.1#PIP4P2
C2H8orf88	XM_065399437.1#C2H8orf88
NECAB1	XM_065399436.1#NECAB1
TMEM64	XM_065399838.1#TMEM64
CALB1	XM_065399662.1#CALB1
DECR1	XM_065399093.1#DECR1
NBN	XM_065398709.1#NBN
OSGIN2	XM_065399806.1#OSGIN2
OSGIN2	XM_065399805.1#OSGIN2
LOC135873453	XM_065397953.1#LOC135873453
RIPK2	XM_065399897.1#RIPK2
MMP16	XM_065398847.1#MMP16
CNGB3	XM_065398294.1#CNGB3
CPNE3	XM_065400068.1#CPNE3
RMDN1	XM_065399130.1#RMDN1
WWP1	XM_065399876.1#WWP1
WWP1	XM_065399877.1#WWP1
ATP6V0D2	XM_065399600.1#ATP6V0D2
LOC135874607	XM_065399486.1#LOC135874607
LOC135874403	XM_065399211.1#LOC135874403
LOC135874343	XM_065399144.1#LOC135874343
LOC135873967	XM_065398602.1#LOC135873967
LOC135873506	XM_065398050.1#LOC135873506
RBIS	XM_065398134.1#RBIS
E2F5	XM_065398135.1#E2F5
LRRCC1	XM_065398914.1#LRRCC1
SLC7A13	XM_065400152.1#SLC7A13
RALYL	XM_065398747.1#RALYL
RALYL	XM_065398748.1#RALYL
SNX16	XM_065399186.1#SNX16
CHMP4C	XM_065399873.1#CHMP4C
CHMP4C	XM_065399875.1#CHMP4C
ZFAND1	XM_065399818.1#ZFAND1
IMPA1	XM_065399166.1#IMPA1
LOC135873594	XM_065398218.1#LOC135873594
LOC135874666	XM_065399558.1#LOC135874666
LOC135874665	XM_065399557.1#LOC135874665
LOC135874625	XM_065399511.1#LOC135874625
LOC135874625	XM_065399513.1#LOC135874625
LOC135874626	XM_065399514.1#LOC135874626
LOC135873571	XM_065398183.1#LOC135873571
LOC135873522	XM_065398107.1#LOC135873522
LOC135873542	XM_065398137.1#LOC135873542
LOC135874296	XM_065399086.1#LOC135874296
MRPL53	XM_065399443.1#MRPL53
PAG1	XM_065400034.1#PAG1
ZNF704	XM_065399938.1#ZNF704
ZBTB10	XM_065398948.1#ZBTB10
LOC135873347	XM_065397774.1#LOC135873347
LOC135873347	XM_065397770.1#LOC135873347
LOC135873347	XM_065397771.1#LOC135873347
LOC135873347	XM_065397775.1#LOC135873347
LOC135873347	XM_065397773.1#LOC135873347
LOC135873347	XM_065397772.1#LOC135873347
HEY1	XM_065399657.1#HEY1
STMN2	XM_065399004.1#STMN2
IL7	XM_065398573.1#IL7
ZC2HC1A	XM_065399860.1#ZC2HC1A
PKIA	XM_065397672.1#PKIA
PEX2	XM_065399578.1#PEX2
PEX2	XM_065399579.1#PEX2
ZFHX4	XM_065399176.1#ZFHX4
ZFHX4	XM_065399175.1#ZFHX4
HNF4G	XM_065398956.1#HNF4G
CRISPLD1	XM_065399298.1#CRISPLD1
PI15	XM_065400164.1#PI15
GDAP1	XM_065399358.1#GDAP1
GDAP1	XM_065399359.1#GDAP1
JPH1	XM_065398111.1#JPH1
JPH1	XM_065398114.1#JPH1
JPH1	XM_065398112.1#JPH1
LY96	XM_065400206.1#LY96
LY96	XM_065400205.1#LY96
TMEM70	XM_065399158.1#TMEM70
ELOC	XM_065398039.1#ELOC
UBE2W	XM_065397802.1#UBE2W
UBE2W	XM_065397803.1#UBE2W
UBE2W	XM_065397804.1#UBE2W
UBE2W	XM_065397805.1#UBE2W
UBE2W	XM_065397806.1#UBE2W
STAU2	XM_065400130.1#STAU2
RDH10	XM_065398800.1#RDH10
RPL7	XM_065398138.1#RPL7
SBSPON	XM_065400041.1#SBSPON
TERF1	XM_065398295.1#TERF1
KCNB2	XM_065399293.1#KCNB2
TRPA1	XM_065397827.1#TRPA1
MSC	XM_065399896.1#MSC
EYA1	XM_065397610.1#EYA1
EYA1	XM_065397612.1#EYA1
EYA1	XM_065397613.1#EYA1
EYA1	XM_065397607.1#EYA1
EYA1	XM_065397608.1#EYA1
EYA1	XM_065397609.1#EYA1
EYA1	XM_065397611.1#EYA1
EYA1	XM_065397614.1#EYA1
XKR9	XM_065400210.1#XKR9
LACTB2	XM_065398765.1#LACTB2
TRAM1	XM_065400111.1#TRAM1
NCOA2	XM_065397650.1#NCOA2
PRDM14	XM_065398296.1#PRDM14
SLCO5A1	XM_065399810.1#SLCO5A1
SULF1	XM_065397997.1#SULF1
SULF1	XM_065397998.1#SULF1
C2H8orf34	XM_065397933.1#C2H8orf34
PREX2	XM_065397932.1#PREX2
CPA6	XM_065399337.1#CPA6
ARFGEF1	XM_065397696.1#ARFGEF1
ARFGEF1	XM_065397695.1#ARFGEF1
ARFGEF1	XM_065397698.1#ARFGEF1
ARFGEF1	XM_065397697.1#ARFGEF1
ARFGEF1	XM_065397700.1#ARFGEF1
ARFGEF1	XM_065397701.1#ARFGEF1
CSPP1	XM_065398133.1#CSPP1
COPS5	XM_065400222.1#COPS5
PPP1R42	XM_065399958.1#PPP1R42
PPP1R42	XM_065399957.1#PPP1R42
TCF24	XM_065397616.1#TCF24
MCMDC2	XM_065397801.1#MCMDC2
SGK3	XM_065397726.1#SGK3
VCPIP1	XM_065399340.1#VCPIP1
MYBL1	XM_065398543.1#MYBL1
MYBL1	XM_065398544.1#MYBL1
VXN	XM_065397693.1#VXN
ADHFE1	XM_065399605.1#ADHFE1
RRS1	XM_065399883.1#RRS1
CRH	XM_065400162.1#CRH
TRIM55	XM_065399237.1#TRIM55
DNAJC5B	XM_065399499.1#DNAJC5B
PDE7A	XM_065399480.1#PDE7A
MTFR1	XM_065399334.1#MTFR1
ARMC1	XM_065398996.1#ARMC1
LOC135873659	XM_065398297.1#LOC135873659
BHLHE22	XM_065400036.1#BHLHE22
YTHDF3	XM_065398380.1#YTHDF3
TTPA	XM_065399783.1#TTPA
LOC135874767	XM_065399693.1#LOC135874767
LOC135873962	XM_065398597.1#LOC135873962
NKAIN3	XM_065398298.1#NKAIN3
ASPH	XM_065400175.1#ASPH
CLVS1	XM_065399932.1#CLVS1
CHD7	XM_065399593.1#CHD7
RAB2A	XM_065397736.1#RAB2A
CA8	XM_065399774.1#CA8
TOX	XM_065399776.1#TOX
NSMAF	XM_065397786.1#NSMAF
SDCBP	XM_065398221.1#SDCBP
SDCBP	XM_065398220.1#SDCBP
LOC135874930	XM_065399885.1#LOC135874930
UBXN2B	XM_065399463.1#UBXN2B
FAM110B	XM_065400156.1#FAM110B
BPNT2	XM_065398251.1#BPNT2
PENK	XM_065399901.1#PENK
SDR16C5	XM_065399788.1#SDR16C5
LOC135874201	XM_065398958.1#LOC135874201
CHCHD7	XM_065400112.1#CHCHD7
PLAG1	XM_065399101.1#PLAG1
MOS	XM_065400069.1#MOS
RPS20	XM_065397954.1#RPS20
LOC135874723	XM_065399634.1#LOC135874723
LYN	XM_065399265.1#LYN
TGS1	XM_065398574.1#TGS1
LOC135874567	XM_065399442.1#LOC135874567
LOC135874578	XM_065399451.1#LOC135874578
LOC135874615	XM_065399498.1#LOC135874615
LOC135873621	XM_065398257.1#LOC135873621
XKR4	XM_065399747.1#XKR4
RP1	XM_065398305.1#RP1
LOC135874304	XM_065399095.1#LOC135874304
LOC135874361	XM_065399164.1#LOC135874361
MRPL15	XM_065399146.1#MRPL15
LOC135874958	XM_065399913.1#LOC135874958
LOC135874958	XM_065399917.1#LOC135874958
LOC135874958	XM_065399912.1#LOC135874958
RGS20	XM_065399381.1#RGS20
ATP6V1H	XM_065398206.1#ATP6V1H
ATP6V1H	XM_065398208.1#ATP6V1H
ATP6V1H	XM_065398207.1#ATP6V1H
OPRK1	XM_065398566.1#OPRK1
OPRK1	XM_065398567.1#OPRK1
NPBWR1	XM_065398306.1#NPBWR1
RB1CC1	XM_065397745.1#RB1CC1
ALKAL1	XM_065397665.1#ALKAL1
ST18	XM_065398267.1#ST18
ST18	XM_065398269.1#ST18
ST18	XM_065398270.1#ST18
PCMTD1	XM_065398629.1#PCMTD1
PCMTD1	XM_065398630.1#PCMTD1
PXDNL	XM_065398307.1#PXDNL
SNTG1	XM_065398308.1#SNTG1
PPDPFL	XM_065397637.1#PPDPFL
SNAI2	XM_065399640.1#SNAI2
LOC135875242	XM_065400244.1#LOC135875242
UBE2V2	XM_065398192.1#UBE2V2
UBE2V2	XM_065398191.1#UBE2V2
MCM4	XM_065398026.1#MCM4
MCM4	XM_065398025.1#MCM4
PRKDC	XM_065397886.1#PRKDC
CEBPD	XM_065397659.1#CEBPD
SPIDR	XM_065397658.1#SPIDR
LOC135874437	XM_065399255.1#LOC135874437
MAPRE2	XM_065398761.1#MAPRE2
MAPRE2	XM_065398762.1#MAPRE2
MAPRE2	XM_065398760.1#MAPRE2
DTNA	XM_065399382.1#DTNA
DTNA	XM_065399396.1#DTNA
DTNA	XM_065399398.1#DTNA
DTNA	XM_065399395.1#DTNA
DTNA	XM_065399390.1#DTNA
DTNA	XM_065399391.1#DTNA
DTNA	XM_065399393.1#DTNA
DTNA	XM_065399385.1#DTNA
DTNA	XM_065399384.1#DTNA
DTNA	XM_065399389.1#DTNA
DTNA	XM_065399388.1#DTNA
DTNA	XM_065399383.1#DTNA
DTNA	XM_065399394.1#DTNA
DTNA	XM_065399392.1#DTNA
DTNA	XM_065399387.1#DTNA
NOL4	XM_065399159.1#NOL4
NOL4	XM_065399160.1#NOL4
NOL4	XM_065399161.1#NOL4
ASXL3	XM_065399681.1#ASXL3
CCDC178	XM_065399325.1#CCDC178
KLHL14	XM_065399962.1#KLHL14
LOC135875172	XM_065400165.1#LOC135875172
GAREM1	XM_065399323.1#GAREM1
GAREM1	XM_065399324.1#GAREM1
MEP1B	XM_065398309.1#MEP1B
RNF138	XM_065398810.1#RNF138
RNF125	XM_065398311.1#RNF125
TRAPPC8	XM_065398689.1#TRAPPC8
CATSPERD	XM_065397692.1#CATSPERD
LOC135875136	XM_065400125.1#LOC135875136
B4GALT6	XM_065399219.1#B4GALT6
LOC135874554	XM_065399428.1#LOC135874554
LOC135874574	XM_065399448.1#LOC135874574
LOC135875061	XM_065400043.1#LOC135875061
LOC135874751	XM_065399668.1#LOC135874751
DSC1	XM_065398968.1#DSC1
LOC135874415	XM_065399225.1#LOC135874415
CDH2	XM_065398312.1#CDH2
CHST9	XM_065399985.1#CHST9
AQP4	XM_065398228.1#AQP4
KCTD1	XM_065399687.1#KCTD1
KCTD1	XM_065399688.1#KCTD1
TAF4B	XM_065399549.1#TAF4B
PSMA8	XM_065399116.1#PSMA8
SS18	XM_065397746.1#SS18
ZNF521	XM_065398313.1#ZNF521
HRH4	XM_065399617.1#HRH4
IMPACT	XM_065398540.1#IMPACT
IMPACT	XM_065398542.1#IMPACT
IMPACT	XM_065398539.1#IMPACT
OSBPL1A	XM_065397957.1#OSBPL1A
OSBPL1A	XM_065397956.1#OSBPL1A
CABYR	XM_065398987.1#CABYR
CABYR	XM_065398986.1#CABYR
TTC39C	XM_065399543.1#TTC39C
LAMA3	XM_065397793.1#LAMA3
ANKRD29	XM_065398314.1#ANKRD29
NPC1	XM_065398315.1#NPC1
RMC1	XM_065397848.1#RMC1
RIOK3	XM_065398109.1#RIOK3
RIOK3	XM_065398110.1#RIOK3
LOC135873246	XM_065397638.1#LOC135873246
TMEM241	XM_065399764.1#TMEM241
CABLES1	XM_065399665.1#CABLES1
RBBP8	XM_065398407.1#RBBP8
GATA6	XM_065399037.1#GATA6
MIB1	XM_065398373.1#MIB1
ABHD3	XM_065399621.1#ABHD3
ABHD3	XM_065399622.1#ABHD3
ESCO1	XM_065398200.1#ESCO1
GREB1L	XM_065398316.1#GREB1L
ROCK1	XM_065397656.1#ROCK1
USP14	XM_065398047.1#USP14
THOC1	XM_065398827.1#THOC1
COLEC12	XM_065398317.1#COLEC12
CLUL1	XM_065398318.1#CLUL1
TYMS	XM_065398319.1#TYMS
ENOSF1	XM_065399375.1#ENOSF1
YES1	XM_065399701.1#YES1
ADCYAP1	XM_065399847.1#ADCYAP1
METTL4	XM_065397868.1#METTL4
METTL4	XM_065397870.1#METTL4
METTL4	XM_065397871.1#METTL4
NDC80	XM_065397872.1#NDC80
SMCHD1	XM_065397884.1#SMCHD1
EMILIN2	XM_065399664.1#EMILIN2
LPIN2	XM_065397707.1#LPIN2
MYOM1	XM_065397747.1#MYOM1
LOC135874260	XM_065399046.1#LOC135874260
LOC135874260	XM_065399047.1#LOC135874260
LOC135874260	XM_065399045.1#LOC135874260
LOC135874260	XM_065399048.1#LOC135874260
LOC135874260	XM_065399044.1#LOC135874260
LOC135874262	XM_065399049.1#LOC135874262
TGIF1	XM_065399619.1#TGIF1
DLGAP1	XM_065397967.1#DLGAP1
DLGAP1	XM_065397969.1#DLGAP1
AKAIN1	XM_065398321.1#AKAIN1
ZBTB14	XM_065399759.1#ZBTB14
EPB41L3	XM_065398668.1#EPB41L3
EPB41L3	XM_065398664.1#EPB41L3
EPB41L3	XM_065398661.1#EPB41L3
EPB41L3	XM_065398658.1#EPB41L3
EPB41L3	XM_065398669.1#EPB41L3
EPB41L3	XM_065398665.1#EPB41L3
EPB41L3	XM_065398660.1#EPB41L3
EPB41L3	XM_065398666.1#EPB41L3
EPB41L3	XM_065398667.1#EPB41L3
EPB41L3	XM_065398663.1#EPB41L3
EPB41L3	XM_065398662.1#EPB41L3
EPB41L3	XM_065398659.1#EPB41L3
EPB41L3	XM_065398657.1#EPB41L3
TMEM200C	XM_065397634.1#TMEM200C
ARHGAP28	XM_065399157.1#ARHGAP28
LAMA1	XM_065398699.1#LAMA1
LRRC30	XM_065397710.1#LRRC30
PTPRM	XM_065399529.1#PTPRM
RAB12	XM_065398745.1#RAB12
MTCL1	XM_065399251.1#MTCL1
NDUFV2	XM_065398588.1#NDUFV2
ANKRD12	XM_065397810.1#ANKRD12
ANKRD12	XM_065397813.1#ANKRD12
ANKRD12	XM_065397812.1#ANKRD12
ANKRD12	XM_065397811.1#ANKRD12
TWSG1	XM_065399545.1#TWSG1
RALBP1	XM_065399104.1#RALBP1
PPP4R1	XM_065398799.1#PPP4R1
RAB31	XM_065398322.1#RAB31
VAPA	XM_065397860.1#VAPA
APCDD1	XM_065399830.1#APCDD1
NAPG	XM_065398938.1#NAPG
PIEZO2	XM_065398323.1#PIEZO2
GNAL	XM_065398246.1#GNAL
GNAL	XM_065398247.1#GNAL
MPPE1	XM_065399796.1#MPPE1
LOC135874579	XM_065399452.1#LOC135874579
IMPA2	XM_065399429.1#IMPA2
CIDEA	XM_065399577.1#CIDEA
TUBB6	XM_065397873.1#TUBB6
TUBB6	XM_065397874.1#TUBB6
TUBB6	XM_065397877.1#TUBB6
AFG3L2	XM_065397882.1#AFG3L2
PRELID3A	XM_065398912.1#PRELID3A
SPIRE1	XM_065399520.1#SPIRE1
CEP76	XM_065399563.1#CEP76
CEP76	XM_065399562.1#CEP76
PSMG2	XM_065399106.1#PSMG2
PSMG2	XM_065399107.1#PSMG2
PTPN2	XM_065398704.1#PTPN2
PTPN2	XM_065398705.1#PTPN2
PTPN2	XM_065398703.1#PTPN2
SEH1L	XM_065397993.1#SEH1L
SEH1L	XM_065397994.1#SEH1L
CEP192	XM_065398324.1#CEP192
LDLRAD4	XM_065399183.1#LDLRAD4
LDLRAD4	XM_065399184.1#LDLRAD4
FAM210A	XM_065397898.1#FAM210A
FAM210A	XM_065397896.1#FAM210A
FAM210A	XM_065397897.1#FAM210A
FAM210A	XM_065397899.1#FAM210A
RNMT	XM_065397842.1#RNMT
RNMT	XM_065397843.1#RNMT
RNMT	XM_065397844.1#RNMT
RNMT	XM_065397846.1#RNMT
MC5R	XM_065399254.1#MC5R
MC2R	XM_065399695.1#MC2R
LOC135874897	XM_065399848.1#LOC135874897
CDH7	XM_065399412.1#CDH7
CDH19	XM_065399893.1#CDH19
DSEL	XM_065398325.1#DSEL
TMX3	XM_065398917.1#TMX3
CCDC102B	XM_065399851.1#CCDC102B
DOK6	XM_065399655.1#DOK6
DOK6	XM_065399656.1#DOK6
CD226	XM_065400014.1#CD226
RTTN	XM_065398735.1#RTTN
SOCS6	XM_065399801.1#SOCS6
CBLN2	XM_065399661.1#CBLN2
NETO1	XM_065399349.1#NETO1
NETO1	XM_065399348.1#NETO1
FBXO15	XM_065399959.1#FBXO15
TIMM21	XM_065399405.1#TIMM21
LOC135874239	XM_065399006.1#LOC135874239
LOC135873243	XM_065397635.1#LOC135873243
C2H18orf63	XM_065398326.1#C2H18orf63
DIPK1C	XM_065399975.1#DIPK1C
CNDP2	XM_065398682.1#CNDP2
CNDP1	XM_065398753.1#CNDP1
LOC135874058	XM_065398750.1#LOC135874058
ZNF407	XM_065398752.1#ZNF407
PTGR3	XM_065398626.1#PTGR3
TSHZ1	XM_065399174.1#TSHZ1
ZNF516	XM_065399218.1#ZNF516
ZNF236	XM_065398160.1#ZNF236
MBP	XM_065399192.1#MBP
GALR1	XM_065400145.1#GALR1
SALL3	XM_065399182.1#SALL3
ATP9B	XM_065397949.1#ATP9B
NFATC1	XM_065398980.1#NFATC1
NFATC1	XM_065398981.1#NFATC1
CTDP1	XM_065398609.1#CTDP1
KCNG2	XM_065399936.1#KCNG2
SLC66A2	XM_065399642.1#SLC66A2
SLC66A2	XM_065399641.1#SLC66A2
HSBP1L1	XM_065397639.1#HSBP1L1
TXNL4A	XM_065397784.1#TXNL4A
TXNL4A	XM_065397783.1#TXNL4A
TXNL4A	XM_065397785.1#TXNL4A
LOC135873351	XM_065397781.1#LOC135873351
LOC135873351	XM_065397780.1#LOC135873351
LOC135875116	XM_065400100.1#LOC135875116
LOC135874781	XM_065399710.1#LOC135874781
RBFA	XM_065398978.1#RBFA
LOC135874835	XM_065399775.1#LOC135874835
ADNP2	XM_065399552.1#ADNP2
BLOC1S4	XM_065398328.1#BLOC1S4
PARD6G	XM_065399636.1#PARD6G
SCGN	XM_065399923.1#SCGN
CARMIL1	XM_065398768.1#CARMIL1
CARMIL1	XM_065398769.1#CARMIL1
RIPOR2	XM_065398913.1#RIPOR2
ARMH2	XM_065398329.1#ARMH2
GMNN	XM_065398834.1#GMNN
GMNN	XM_065398832.1#GMNN
GMNN	XM_065398833.1#GMNN
C2H6orf62	XM_065399503.1#C2H6orf62
ACOT13	XM_065399195.1#ACOT13
ACOT13	XM_065399197.1#ACOT13
TDP2	XM_065399080.1#TDP2
KIAA0319	XM_065398330.1#KIAA0319
ALDH5A1	XM_065399373.1#ALDH5A1
GPLD1	XM_065399281.1#GPLD1
MRS2	XM_065398021.1#MRS2
DCDC2	XM_065399722.1#DCDC2
NRSN1	XM_065400180.1#NRSN1
PRL	XM_065398969.1#PRL
SOX4	XM_065397866.1#SOX4
CDKAL1	XM_065398726.1#CDKAL1
E2F3	XM_065399553.1#E2F3
MBOAT1	XM_065399203.1#MBOAT1
ID4	XM_065399872.1#ID4
RNF144B	XM_065399684.1#RNF144B
DEK	XM_065398754.1#DEK
DEK	XM_065398756.1#DEK
DEK	XM_065398755.1#DEK
KDM1B	XM_065399318.1#KDM1B
TPMT	XM_065398843.1#TPMT
TPMT	XM_065398844.1#TPMT
NHLRC1	XM_065400159.1#NHLRC1
KIF13A	XM_065397999.1#KIF13A
SIRT5	XM_065397926.1#SIRT5
NOL7	XM_065399234.1#NOL7
RANBP9	XM_065398670.1#RANBP9
MCUR1	XM_065398331.1#MCUR1
RNF182	XM_065400128.1#RNF182
CD83	XM_065397621.1#CD83
JARID2	XM_065398845.1#JARID2
DTNBP1	XM_065398846.1#DTNBP1
MYLIP	XM_065398857.1#MYLIP
GMPR	XM_065398822.1#GMPR
GMPR	XM_065398823.1#GMPR
ATXN1	XM_065399574.1#ATXN1
STMND1	XM_065398487.1#STMND1
RBM24	XM_065398594.1#RBM24
RBM24	XM_065398595.1#RBM24
CAP2	XM_065399015.1#CAP2
CAP2	XM_065399018.1#CAP2
CAP2	XM_065399017.1#CAP2
FAM8A1	XM_065397828.1#FAM8A1
NUP153	XM_065397743.1#NUP153
LOC135873241	XM_065397628.1#LOC135873241
LOC135873241	XM_065397629.1#LOC135873241
LOC135873241	XM_065397632.1#LOC135873241
LOC135873241	XM_065397633.1#LOC135873241
LOC135873241	XM_065397631.1#LOC135873241
LOC135873241	XM_065397627.1#LOC135873241
PAK1IP1	XM_065397625.1#PAK1IP1
PAK1IP1	XM_065397626.1#PAK1IP1
LOC135874008	XM_065398681.1#LOC135874008
GFOD1	XM_065398935.1#GFOD1
TBC1D7	XM_065398853.1#TBC1D7
TBC1D7	XM_065398854.1#TBC1D7
TBC1D7	XM_065398855.1#TBC1D7
TBC1D7	XM_065398856.1#TBC1D7
PHACTR1	XM_065398332.1#PHACTR1
EDN1	XM_065399790.1#EDN1
HIVEP1	XM_065398264.1#HIVEP1
HIVEP1	XM_065398263.1#HIVEP1
ADTRP	XM_065398334.1#ADTRP
TMEM170B	XM_065400189.1#TMEM170B
NEDD9	XM_065399210.1#NEDD9
SMIM13	XM_065397750.1#SMIM13
ELOVL2	XM_065399407.1#ELOVL2
SYCP2L	XM_065398336.1#SYCP2L
GCM2	XM_065397648.1#GCM2
MAK	XM_065399007.1#MAK
MAK	XM_065399008.1#MAK
MAK	XM_065399009.1#MAK
MAK	XM_065399011.1#MAK
MAK	XM_065399010.1#MAK
LOC135874396	XM_065399202.1#LOC135874396
LOC135874696	XM_065399606.1#LOC135874696
TFAP2A	XM_065398839.1#TFAP2A
TFAP2A	XM_065398838.1#TFAP2A
TFAP2A	XM_065398837.1#TFAP2A
LOC135873697	XM_065398337.1#LOC135873697
SLC35B3	XM_065399066.1#SLC35B3
EEF1E1	XM_065398798.1#EEF1E1
BLOC1S5	XM_065397724.1#BLOC1S5
TXNDC5	XM_065399276.1#TXNDC5
BMP6	XM_065397723.1#BMP6
LOC135874200	XM_065398957.1#LOC135874200
DSP	XM_065398965.1#DSP
DSP	XM_065398964.1#DSP
DSP	XM_065398963.1#DSP
RIOK1	XM_065399224.1#RIOK1
SSR1	XM_065397776.1#SSR1
SSR1	XM_065397778.1#SSR1
SSR1	XM_065397777.1#SSR1
RREB1	XM_065397862.1#RREB1
RREB1	XM_065397861.1#RREB1
LY86	XM_065400240.1#LY86
F13A1	XM_065397722.1#F13A1
NRN1	XM_065399918.1#NRN1
LOC135873698	XM_065398338.1#LOC135873698
FARS2	XM_065400011.1#FARS2
LYRM4	XM_065399134.1#LYRM4
PPP1R3G	XM_065397643.1#PPP1R3G
RPP40	XM_065399190.1#RPP40
CDYL	XM_065399416.1#CDYL
ECI2	XM_065399000.1#ECI2
FAM217A	XM_065397654.1#FAM217A
PRP4K	XM_065398579.1#PRP4K
LOC135875160	XM_065400154.1#LOC135875160
PXDC1	XM_065400025.1#PXDC1
SLC22A23	XM_065399714.1#SLC22A23
SLC22A23	XM_065399716.1#SLC22A23
PSMG4	XM_065399639.1#PSMG4
LOC135873934	XM_065398563.1#LOC135873934
LOC135873646	XM_065398286.1#LOC135873646
BPHL	XM_065399967.1#BPHL
RIPK1	XM_065399402.1#RIPK1
DUSP22	XM_065399743.1#DUSP22
IRF4	XM_065399654.1#IRF4
EXOC2	XM_065398970.1#EXOC2
FOXQ1	XM_065400158.1#FOXQ1
FOXF2	XM_065399643.1#FOXF2
FOXC1	XM_065399336.1#FOXC1
GMDS	XM_065399137.1#GMDS
MYLK4	XM_065399991.1#MYLK4
WRNIP1	XM_065398955.1#WRNIP1
LOC135874871	XM_065399816.1#LOC135874871
LOC135875130	XM_065400117.1#LOC135875130
LOC135874080	XM_065398782.1#LOC135874080
LOC135874079	XM_065398781.1#LOC135874079
LOC135874079	XM_065398780.1#LOC135874079
LOC135874636	XM_065399522.1#LOC135874636
LOC135875139	XM_065400129.1#LOC135875139
LOC135875233	XM_065400223.1#LOC135875233
LOC135874485	XM_065399317.1#LOC135874485
LOC135875086	XM_065400065.1#LOC135875086
SERPINB5	XM_065399887.1#SERPINB5
VPS4B	XM_065398061.1#VPS4B
KDSR	XM_065399423.1#KDSR
BCL2	XM_065399631.1#BCL2
LOC135873270	XM_065397660.1#LOC135873270
PHLPP1	XM_065398984.1#PHLPP1
ZCCHC2	XM_065398615.1#ZCCHC2
TNFRSF11A	XM_065399978.1#TNFRSF11A
RELCH	XM_065398797.1#RELCH
PIGN	XM_065398121.1#PIGN
RNF152	XM_065400042.1#RNF152
CDH20	XM_065399799.1#CDH20
LOC135874860	XM_065399803.1#LOC135874860
MC4R	XM_065398966.1#MC4R
C2H5orf22	XM_065398672.1#C2H5orf22
C2H5orf22	XM_065398673.1#C2H5orf22
DROSHA	XM_065397727.1#DROSHA
LOC135874673	XM_065399568.1#LOC135874673
LOC135874673	XM_065399569.1#LOC135874673
CDH9	XM_065399551.1#CDH9
POLB	XM_065397941.1#POLB
DKK4	XM_065397943.1#DKK4
VDAC3	XM_065399172.1#VDAC3
IKBKB	XM_065399171.1#IKBKB
IKBKB	XM_065399170.1#IKBKB
PLAT	XM_065397681.1#PLAT
PLAT	XM_065397682.1#PLAT
AP3M2	XM_065399068.1#AP3M2
KAT6A	XM_065399807.1#KAT6A
KAT6A	XM_065399808.1#KAT6A
ANK1	XM_065397797.1#ANK1
ANK1	XM_065397794.1#ANK1
NKX6-3	XM_065400080.1#NKX6-3
GPAT4	XM_065397741.1#GPAT4
GPAT4	XM_065397742.1#GPAT4
LOC135874484	XM_065399316.1#LOC135874484
GINS4	XM_065399602.1#GINS4
GOLGA7	XM_065398895.1#GOLGA7
GOLGA7	XM_065398897.1#GOLGA7
SFRP1	XM_065399380.1#SFRP1
ZMAT4	XM_065400057.1#ZMAT4
TCIM	XM_065399879.1#TCIM
LOC135875067	XM_065400046.1#LOC135875067
LOC135874911	XM_065399865.1#LOC135874911
LOC135873981	XM_065398623.1#LOC135873981
ADAM9	XM_065398223.1#ADAM9
TM2D2	XM_065399576.1#TM2D2
HTRA4	XM_065399165.1#HTRA4
PLEKHA2	XM_065399493.1#PLEKHA2
TACC1	XM_065398759.1#TACC1
FGFR1	XM_065398236.1#FGFR1
FGFR1	XM_065398238.1#FGFR1
FGFR1	XM_065398239.1#FGFR1
FGFR1	XM_065398240.1#FGFR1
LETM2	XM_065398655.1#LETM2
NSD3	XM_065399950.1#NSD3
DDHD2	XM_065399951.1#DDHD2
PLPP5	XM_065399089.1#PLPP5
BAG4	XM_065398339.1#BAG4
LSM1	XM_065400168.1#LSM1
LOC135873702	XM_065398340.1#LOC135873702
STAR	XM_065397961.1#STAR
ASH2L	XM_065397959.1#ASH2L
ASH2L	XM_065397960.1#ASH2L
NODAL	XM_065398342.1#NODAL
EIF4EBP1	XM_065398583.1#EIF4EBP1
LOC135874483	XM_065399314.1#LOC135874483
ADRB3	XM_065399629.1#ADRB3
LOC135873414	XM_065397885.1#LOC135873414
GOT1L1	XM_065398343.1#GOT1L1
LOC135875103	XM_065400085.1#LOC135875103
RAB11FIP1	XM_065398056.1#RAB11FIP1
RAB11FIP1	XM_065398057.1#RAB11FIP1
BRF2	XM_065399213.1#BRF2
ADGRA2	XM_065399020.1#ADGRA2
PLPBP	XM_065399123.1#PLPBP
ERLIN2	XM_065397686.1#ERLIN2
ZNF703	XM_065399840.1#ZNF703
KCNU1	XM_065398344.1#KCNU1
UNC5D	XM_065398784.1#UNC5D
DUSP26	XM_065399524.1#DUSP26
RNF122	XM_065398345.1#RNF122
TTI2	XM_065399052.1#TTI2
MAK16	XM_065399053.1#MAK16
SLC18A1	XM_065399257.1#SLC18A1
ATP6V1B2	XM_065397649.1#ATP6V1B2
LZTS1	XM_065399862.1#LZTS1
GFRA2	XM_065398346.1#GFRA2
DOK2	XM_065399207.1#DOK2
XPO7	XM_065400098.1#XPO7
PBDC1	XM_065400097.1#PBDC1
NPM2	XM_065399929.1#NPM2
FGF17	XM_065399335.1#FGF17
DMTN	XM_065399882.1#DMTN
LOC135873272	XM_065397662.1#LOC135873272
FHIP2B	XM_065398161.1#FHIP2B
NUDT18	XM_065398927.1#NUDT18
HR	XM_065399921.1#HR
REEP4	XM_065400229.1#REEP4
REEP4	XM_065400228.1#REEP4
REEP4	XM_065400227.1#REEP4
LGI3	XM_065399313.1#LGI3
LOC135873237	XM_065397624.1#LOC135873237
LOC135875198	XM_065400191.1#LOC135875198
BMP1	XM_065397851.1#BMP1
PHYHIP	XM_065399779.1#PHYHIP
POLR3D	XM_065398142.1#POLR3D
POLR3D	XM_065398141.1#POLR3D
LOC135873709	XM_065398347.1#LOC135873709
PIWIL2	XM_065399074.1#PIWIL2
SLC39A14	XM_065399497.1#SLC39A14
PPP3CC	XM_065397986.1#PPP3CC
SORBS3	XM_065399054.1#SORBS3
PDLIM2	XM_065399828.1#PDLIM2
C2H8orf58	XM_065398348.1#C2H8orf58
CCAR2	XM_065397762.1#CCAR2
BIN3	XM_065397763.1#BIN3
EGR3	XM_065399797.1#EGR3
EGR3	XM_065399798.1#EGR3
PEBP4	XM_065400045.1#PEBP4
RHOBTB2	XM_065398992.1#RHOBTB2
RHOBTB2	XM_065398991.1#RHOBTB2
LOC135874228	XM_065398993.1#LOC135874228
CHMP7	XM_065398994.1#CHMP7
LOC135874700	XM_065399611.1#LOC135874700
R3HCC1	XM_065398349.1#R3HCC1
LOXL2	XM_065399002.1#LOXL2
ENTPD4	XM_065398285.1#ENTPD4
SLC25A37	XM_065398528.1#SLC25A37
SLC25A37	XM_065398529.1#SLC25A37
NKX3-1	XM_065399833.1#NKX3-1
NKX2-6	XM_065399821.1#NKX2-6
STC1	XM_065399895.1#STC1
LOC135873436	XM_065397931.1#LOC135873436
NEFM	XM_065398256.1#NEFM
NEFL	XM_065398060.1#NEFL
DOCK5	XM_065398350.1#DOCK5
GNRH1	XM_065399694.1#GNRH1
KCTD9	XM_065397950.1#KCTD9
CDCA2	XM_065400166.1#CDCA2
EBF2	XM_065398351.1#EBF2
PPP2R2A	XM_065399519.1#PPP2R2A
BNIP3L	XM_065398146.1#BNIP3L
DPYSL2	XM_065399791.1#DPYSL2
DPYSL2	XM_065399792.1#DPYSL2
ADRA1A	XM_065399152.1#ADRA1A
LRRTM4	XM_065398352.1#LRRTM4
PRNP	XM_065399972.1#PRNP
PRND	XM_065398036.1#PRND
RASSF2	XM_065398907.1#RASSF2
SLC23A2	XM_065398715.1#SLC23A2
TMEM230	XM_065398789.1#TMEM230
PCNA	XM_065398608.1#PCNA
CDS2	XM_065398159.1#CDS2
ARHGAP25	XM_065398213.1#ARHGAP25
BMP10	XM_065399907.1#BMP10
LOC135875211	XM_065400204.1#LOC135875211
GKN2	XM_065400176.1#GKN2
LOC135874994	XM_065399963.1#LOC135874994
LOC135874980	XM_065399946.1#LOC135874980
LOC135873588	XM_065398211.1#LOC135873588
ANTXR1	XM_065399001.1#ANTXR1
GFPT1	XM_065398691.1#GFPT1
NFU1	XM_065399305.1#NFU1
NFU1	XM_065399304.1#NFU1
LOC135873716	XM_065398353.1#LOC135873716
AAK1	XM_065397973.1#AAK1
ANXA4	XM_065399043.1#ANXA4
GMCL1	XM_065398600.1#GMCL1
LOC135874640	XM_065399527.1#LOC135874640
TGFA	XM_065399685.1#TGFA
LOC135873717	XM_065398354.1#LOC135873717
C2H2orf42	XM_065399824.1#C2H2orf42
TIA1	XM_065397982.1#TIA1
TIA1	XM_065397979.1#TIA1
TIA1	XM_065397977.1#TIA1
TIA1	XM_065397978.1#TIA1
TIA1	XM_065397980.1#TIA1
TIA1	XM_065397984.1#TIA1
PCYOX1	XM_065399505.1#PCYOX1
SNRPG	XM_065399258.1#SNRPG
FAM136A	XM_065398654.1#FAM136A
LOC135873718	XM_065398355.1#LOC135873718
LOC135873482	XM_065398001.1#LOC135873482
MXD1	XM_065398035.1#MXD1
MXD1	XM_065398034.1#MXD1
SNRNP27	XM_065398944.1#SNRNP27
ADD2	XM_065397792.1#ADD2
ADD2	XM_065397791.1#ADD2
ADD2	XM_065397790.1#ADD2
FIGLA	XM_065398356.1#FIGLA
LOC135874939	XM_065399894.1#LOC135874939
TACR1	XM_065399663.1#TACR1
LOC135874779	XM_065399708.1#LOC135874779
SLC4A5	XM_065399333.1#SLC4A5
MTHFD2	XM_065397841.1#MTHFD2
MOB1A	XM_065399460.1#MOB1A
BOLA3	XM_065399461.1#BOLA3
TET3	XM_065398757.1#TET3
DGUOK	XM_065399418.1#DGUOK
DGUOK	XM_065399419.1#DGUOK
ACTG2	XM_065398129.1#ACTG2
ACTG2	XM_065398128.1#ACTG2
ACTG2	XM_065398127.1#ACTG2
ACTG2	XM_065398131.1#ACTG2
ACTG2	XM_065398126.1#ACTG2
ACTG2	XM_065398132.1#ACTG2
STAMBP	XM_065397951.1#STAMBP
STAMBP	XM_065397952.1#STAMBP
DUSP11	XM_065398357.1#DUSP11
C2H2orf78	XM_065398358.1#C2H2orf78
PROM2	XM_065399682.1#PROM2
KCNIP3	XM_065398440.1#KCNIP3
LOC135874122	XM_065398829.1#LOC135874122
LOC135874553	XM_065399427.1#LOC135874553
ADRA2B	XM_065399698.1#ADRA2B
ELMOD3	XM_065399236.1#ELMOD3
RETSAT	XM_065399467.1#RETSAT
LOC135875110	XM_065400093.1#LOC135875110
TGOLN2	XM_065398225.1#TGOLN2
TCF7L1	XM_065400051.1#TCF7L1
DBNL	XM_065397617.1#DBNL
DBNL	XM_065397618.1#DBNL
LOC135874515	XM_065399362.1#LOC135874515
CAPG	XM_065398967.1#CAPG
AEBP1	XM_065398671.1#AEBP1
POLD2	XM_065399085.1#POLD2
GNLY	XM_065399374.1#GNLY
MYL7	XM_065399076.1#MYL7
GCK	XM_065398692.1#GCK
YKT6	XM_065398024.1#YKT6
CAMK2B	XM_065397918.1#CAMK2B
CAMK2B	XM_065397917.1#CAMK2B
CAMK2B	XM_065397914.1#CAMK2B
CAMK2B	XM_065397905.1#CAMK2B
CAMK2B	XM_065397916.1#CAMK2B
CAMK2B	XM_065397912.1#CAMK2B
CAMK2B	XM_065397909.1#CAMK2B
CAMK2B	XM_065397904.1#CAMK2B
CAMK2B	XM_065397915.1#CAMK2B
CAMK2B	XM_065397903.1#CAMK2B
CAMK2B	XM_065397902.1#CAMK2B
NUDCD3	XM_065399515.1#NUDCD3
ASTL	XM_065398359.1#ASTL
DUSP2	XM_065399129.1#DUSP2
STARD7	XM_065399097.1#STARD7
TMEM127	XM_065398858.1#TMEM127
CIAO1	XM_065399729.1#CIAO1
SNRNP200	XM_065399728.1#SNRNP200
LOC135874383	XM_065399189.1#LOC135874383
ITPRIPL1	XM_065399997.1#ITPRIPL1
NCAPH	XM_065399005.1#NCAPH
LOC135874645	XM_065399531.1#LOC135874645
NEURL3	XM_065398360.1#NEURL3
ARID5A	XM_065399096.1#ARID5A
LOC135873725	XM_065398361.1#LOC135873725
LOC135873726	XM_065398363.1#LOC135873726
KANSL3	XM_065398288.1#KANSL3
FER1L5	XM_065398364.1#FER1L5
LMAN2L	XM_065399273.1#LMAN2L
LMAN2L	XM_065399274.1#LMAN2L
CNNM4	XM_065398787.1#CNNM4
LOC135873625	XM_065398261.1#LOC135873625
LOC135873625	XM_065398262.1#LOC135873625
ANKRD23	XM_065398365.1#ANKRD23
ANKRD39	XM_065399993.1#ANKRD39
SEMA4C	XM_065399290.1#SEMA4C
LOC135874609	XM_065399490.1#LOC135874609
ACTR1B	XM_065399275.1#ACTR1B
LOC135874792	XM_065399723.1#LOC135874792
LOC135874830	XM_065399771.1#LOC135874830
PURB	XM_065399889.1#PURB
LOC135873501	XM_065398041.1#LOC135873501
LOC135874881	XM_065399827.1#LOC135874881
POLM	XM_065399591.1#POLM
LOC135873729	XM_065398366.1#LOC135873729
SH2D6	XM_065397623.1#SH2D6
MAT2A	XM_065397992.1#MAT2A
GGCX	XM_065398739.1#GGCX
VAMP8	XM_065398740.1#VAMP8
VAMP5	XM_065399277.1#VAMP5
RNF181	XM_065399614.1#RNF181
TMEM150A	XM_065399507.1#TMEM150A
C2H2orf68	XM_065400116.1#C2H2orf68
USP39	XM_065397702.1#USP39
SFTPB	XM_065398367.1#SFTPB
LOC135873731	XM_065398368.1#LOC135873731
PAX8	XM_065398369.1#PAX8
PSD4	XM_065399060.1#PSD4
LOC135874937	XM_065399891.1#LOC135874937
LOC135874180	XM_065398933.1#LOC135874180
TMED4	XM_065398932.1#TMED4
DDX56	XM_065399270.1#DDX56
NPC1L1	XM_065399084.1#NPC1L1
MRPS24	XM_065399542.1#MRPS24
SLC20A1	XM_065397761.1#SLC20A1
LOC135873572	XM_065398184.1#LOC135873572
CKAP2L	XM_065399462.1#CKAP2L
LOC135874551	XM_065399425.1#LOC135874551
LOC135874550	XM_065399424.1#LOC135874550
LOC135873734	XM_065398370.1#LOC135873734
LOC135873735	XM_065398371.1#LOC135873735
OGDH	XM_065399731.1#OGDH
ZMIZ2	XM_065398646.1#ZMIZ2
ZMIZ2	XM_065398647.1#ZMIZ2
ZMIZ2	XM_065398648.1#ZMIZ2
PPIA	XM_065397645.1#PPIA
LOC135874509	XM_065399351.1#LOC135874509
LOC135873291	XM_065397691.1#LOC135873291
LOC135874675	XM_065399575.1#LOC135874675
CDH12	XM_065399706.1#CDH12
CDH12	XM_065399707.1#CDH12
CDH18	XM_065399560.1#CDH18
BASP1	XM_065399973.1#BASP1
MYO10	XM_065397764.1#MYO10
RETREG1	XM_065400015.1#RETREG1
ZNF622	XM_065397976.1#ZNF622
ZNF622	XM_065397975.1#ZNF622
MARCHF11	XM_065398372.1#MARCHF11
FBXL7	XM_065400095.1#FBXL7
FBXL7	XM_065400096.1#FBXL7
ANKH	XM_065398606.1#ANKH
ANKH	XM_065398603.1#ANKH
ANKH	XM_065398605.1#ANKH
ANKH	XM_065398607.1#ANKH
OTULIN	XM_065398637.1#OTULIN
OTULIN	XM_065398632.1#OTULIN
OTULIN	XM_065398633.1#OTULIN
OTULIN	XM_065398636.1#OTULIN
OTULIN	XM_065398634.1#OTULIN
OTULIN	XM_065398635.1#OTULIN
OTULINL	XM_065399756.1#OTULINL
TRIO	XM_065399163.1#TRIO
DNAH5	XM_065398374.1#DNAH5
LOC135873741	XM_065398376.1#LOC135873741
CTNND2	XM_065399925.1#CTNND2
DAP	XM_065397721.1#DAP
ANKRD33B	XM_065399994.1#ANKRD33B
LOC135873528	XM_065398116.1#LOC135873528
LOC135873509	XM_065398053.1#LOC135873509
ROPN1L	XM_065399813.1#ROPN1L
MARCHF6	XM_065398618.1#MARCHF6
MARCHF6	XM_065398617.1#MARCHF6
LOC135874956	XM_065399911.1#LOC135874956
LOC135874953	XM_065399909.1#LOC135874953
LOC135874954	XM_065399910.1#LOC135874954
LOC135874996	XM_065399965.1#LOC135874996
CCT5	XM_065397944.1#CCT5
ATPSCKMT	XM_065397947.1#ATPSCKMT
ATPSCKMT	XM_065397945.1#ATPSCKMT
SEMA5A	XM_065399065.1#SEMA5A
MTRR	XM_065399271.1#MTRR
FASTKD3	XM_065399626.1#FASTKD3
CFAP90	XM_065397687.1#CFAP90
ADCY2	XM_065398381.1#ADCY2
TENT4A	XM_065397930.1#TENT4A
TENT4A	XM_065397929.1#TENT4A
TENT4A	XM_065397928.1#TENT4A
SRD5A1	XM_065399546.1#SRD5A1
NSUN2	XM_065398836.1#NSUN2
UBE2QL1	XM_065399930.1#UBE2QL1
MED10	XM_065397740.1#MED10
MED10	XM_065397737.1#MED10
MED10	XM_065397738.1#MED10
MED10	XM_065397739.1#MED10
SLC12A7	XM_065400169.1#SLC12A7
NFX1	XM_065397863.1#NFX1
MAJIN	XM_065400048.1#MAJIN
SLC6A19	XM_065400050.1#SLC6A19
LOC135873401	XM_065397864.1#LOC135873401
TERT	XM_065398258.1#TERT
CLPTM1L	XM_065398727.1#CLPTM1L
LPCAT1	XM_065398971.1#LPCAT1
NDUFS6	XM_065399483.1#NDUFS6
IRX4	XM_065399637.1#IRX4
IRX2	XM_065399960.1#IRX2
IRX1	XM_065399644.1#IRX1
ANKS6	XM_065399737.1#ANKS6
GALNT12	XM_065399128.1#GALNT12
GABBR2	XM_065399110.1#GABBR2
ELP2	XM_065398578.1#ELP2
LOC135873750	XM_065398382.1#LOC135873750
CTNNAL1	XM_065399786.1#CTNNAL1
ABITRAM	XM_065399168.1#ABITRAM
SLC39A6	XM_065399246.1#SLC39A6
TMEFF1	XM_065399550.1#TMEFF1
CAVIN4	XM_065400139.1#CAVIN4
LOC135873590	XM_065398212.1#LOC135873590
EXOC3	XM_065398936.1#EXOC3
PDCD6	XM_065398570.1#PDCD6
PDCD6	XM_065398571.1#PDCD6
LOC135874247	XM_065399021.1#LOC135874247
LOC135874247	XM_065399022.1#LOC135874247
AHRR	XM_065399898.1#AHRR
MSANTD3	XM_065400047.1#MSANTD3
LOC135873751	XM_065398383.1#LOC135873751
ZNF189	XM_065398384.1#ZNF189
TEX10	XM_065398841.1#TEX10
INVS	XM_065399241.1#INVS
ERP44	XM_065398531.1#ERP44
STX17	XM_065398252.1#STX17
STX17	XM_065398253.1#STX17
NR4A3	XM_065398979.1#NR4A3
SEC61B	XM_065398333.1#SEC61B
ALG2	XM_065399181.1#ALG2
GLIPR2	XM_065398283.1#GLIPR2
RECK	XM_065399444.1#RECK
TGFBR1	XM_065399370.1#TGFBR1
TGFBR1	XM_065399371.1#TGFBR1
TGFBR1	XM_065399368.1#TGFBR1
TGFBR1	XM_065399367.1#TGFBR1
TGFBR1	XM_065399366.1#TGFBR1
COL15A1	XM_065400013.1#COL15A1
TRIP13	XM_065399814.1#TRIP13
BRD9	XM_065397892.1#BRD9
LOC135875016	XM_065399986.1#LOC135875016
TPPP	XM_065399780.1#TPPP
CEP72	XM_065398385.1#CEP72
SLC9A3	XM_065399056.1#SLC9A3
PLEKHG4B	XM_065399601.1#PLEKHG4B
LRRC14B	XM_065397680.1#LRRC14B
LOC135873756	XM_065398386.1#LOC135873756
LOC135873757	XM_065398387.1#LOC135873757
CCDC127	XM_065398171.1#CCDC127
CCDC127	XM_065398172.1#CCDC127
CCDC127	XM_065398169.1#CCDC127
SDHA	XM_065398108.1#SDHA
FH	XM_065398037.1#FH
FH	XM_065398038.1#FH
CHMP5	XM_065397888.1#CHMP5
BAG1	XM_065398536.1#BAG1
ZNF830	XM_065399055.1#ZNF830
LOC135873627	XM_065398266.1#LOC135873627
LOC135873627	XM_065398265.1#LOC135873627
MOCOS	XM_065397684.1#MOCOS
PTPN3	XM_065398552.1#PTPN3
PTPN3	XM_065398553.1#PTPN3
EPB41L4B	XM_065399132.1#EPB41L4B
FRRS1L	XM_065400017.1#FRRS1L
TMEM245	XM_065399749.1#TMEM245
INO80C	XM_065399970.1#INO80C
GALNT1	XM_065400198.1#GALNT1
C2H18orf21	XM_065399221.1#C2H18orf21
RPRD1A	XM_065398027.1#RPRD1A
RPRD1A	XM_065398028.1#RPRD1A
RPRD1A	XM_065398029.1#RPRD1A
RPRD1A	XM_065398030.1#RPRD1A
FHOD3	XM_065398378.1#FHOD3
FHOD3	XM_065398377.1#FHOD3
LOC135873760	XM_065398388.1#LOC135873760
LOC135874617	XM_065399502.1#LOC135874617
VSTM2A	XM_065400029.1#VSTM2A
VSTM2A	XM_065400030.1#VSTM2A
COBL	XM_065398389.1#COBL
GRB10	XM_065398997.1#GRB10
GRB10	XM_065398998.1#GRB10
GRB10	XM_065398999.1#GRB10
DDC	XM_065397715.1#DDC
FIGNL1	XM_065398945.1#FIGNL1
FIGNL1	XM_065398946.1#FIGNL1
IKZF1	XM_065399944.1#IKZF1
IKZF1	XM_065399943.1#IKZF1
IKZF1	XM_065399942.1#IKZF1
IKZF1	XM_065399941.1#IKZF1
IKZF1	XM_065399940.1#IKZF1
IKZF1	XM_065399939.1#IKZF1
IKZF1	XM_065399945.1#IKZF1
SPMIP7	XM_065398390.1#SPMIP7
ZPBP	XM_065398391.1#ZPBP
VWC2	XM_065399996.1#VWC2
ABCA13	XM_065398392.1#ABCA13
UPP1	XM_065399802.1#UPP1
C2H7orf57	XM_065400060.1#C2H7orf57
SUN3	XM_065400054.1#SUN3
HUS1	XM_065399450.1#HUS1
TNS3	XM_065398054.1#TNS3
IGFBP3	XM_065399618.1#IGFBP3
IGFBP1	XM_065399861.1#IGFBP1
CCDC201	XM_065398394.1#CCDC201
ADCY1	XM_065399454.1#ADCY1
RAMP3	XM_065397606.1#RAMP3
PDIA4	XM_065399075.1#PDIA4
EZH2	XM_065398042.1#EZH2
EZH2	XM_065398043.1#EZH2
EZH2	XM_065398045.1#EZH2
EZH2	XM_065398044.1#EZH2
EZH2	XM_065398046.1#EZH2
CUL1	XM_065397955.1#CUL1
CNTNAP2	XM_065398395.1#CNTNAP2
TPK1	XM_065399761.1#TPK1
SEC61G	XM_065398848.1#SEC61G
LOC135873770	XM_065398396.1#LOC135873770
LOC135873771	XM_065398397.1#LOC135873771
EGFR	XM_065399481.1#EGFR
EGFR	XM_065399482.1#EGFR
LANCL2	XM_065399364.1#LANCL2
VOPP1	XM_065398398.1#VOPP1
BLVRA	XM_065399884.1#BLVRA
LOC135874647	XM_065399540.1#LOC135874647
STK17A	XM_065399741.1#STK17A
HECW1	XM_065398899.1#HECW1
MRPL32	XM_065399133.1#MRPL32
PSMA2	XM_065398701.1#PSMA2
C2H7orf25	XM_065399472.1#C2H7orf25
GLI3	XM_065398399.1#GLI3
INHBA	XM_065399632.1#INHBA
SUGCT	XM_065399115.1#SUGCT
MPLKIP	XM_065398158.1#MPLKIP
CDK13	XM_065397850.1#CDK13
CDK13	XM_065397849.1#CDK13
RALA	XM_065397759.1#RALA
LOC135873775	XM_065398400.1#LOC135873775
YAE1	XM_065399253.1#YAE1
POU6F2	XM_065399712.1#POU6F2
POU6F2	XM_065399713.1#POU6F2
VPS41	XM_065398728.1#VPS41
LOC135874635	XM_065399521.1#LOC135874635
AMPH	XM_065398613.1#AMPH
AMPH	XM_065398614.1#AMPH
STARD3NL	XM_065399217.1#STARD3NL
STARD3NL	XM_065399216.1#STARD3NL
STARD3NL	XM_065399215.1#STARD3NL
EPDR1	XM_065399966.1#EPDR1
SFRP4	XM_065399431.1#SFRP4
NME8	XM_065399740.1#NME8
LOC135874319	XM_065399111.1#LOC135874319
LOC135873780	XM_065398401.1#LOC135873780
ELMO1	XM_065398227.1#ELMO1
AOAH	XM_065399069.1#AOAH
ANLN	XM_065399118.1#ANLN
MATCAP2	XM_065398402.1#MATCAP2
EEPD1	XM_065399447.1#EEPD1
SEPTIN7	XM_065400019.1#SEPTIN7
HERPUD2	XM_065398596.1#HERPUD2
TBX20	XM_065399363.1#TBX20
DPY19L1	XM_065398972.1#DPY19L1
NPSR1	XM_065399408.1#NPSR1
FANCD2OS	XM_065397651.1#FANCD2OS
BMPER	XM_065399446.1#BMPER
BBS9	XM_065399981.1#BBS9
NT5C3A	XM_065398694.1#NT5C3A
NT5C3A	XM_065398693.1#NT5C3A
NT5C3A	XM_065398695.1#NT5C3A
FKBP9	XM_065399982.1#FKBP9
FKBP9	XM_065399983.1#FKBP9
RP9	XM_065399984.1#RP9
LOC135873782	XM_065398403.1#LOC135873782
KBTBD2	XM_065398903.1#KBTBD2
KBTBD2	XM_065398902.1#KBTBD2
KBTBD2	XM_065398904.1#KBTBD2
AVL9	XM_065399455.1#AVL9
LSM5	XM_065398928.1#LSM5
LSM5	XM_065398929.1#LSM5
PDE1C	XM_065398465.1#PDE1C
PDE1C	XM_065398466.1#PDE1C
PPP1R17	XM_065400243.1#PPP1R17
ITPRID1	XM_065399122.1#ITPRID1
NEUROD6	XM_065399541.1#NEUROD6
ITGA9	XM_065399120.1#ITGA9
GOLGA4	XM_065397853.1#GOLGA4
LRRFIP2	XM_065399588.1#LRRFIP2
LRRFIP2	XM_065399589.1#LRRFIP2
LRRFIP2	XM_065399586.1#LRRFIP2
LRRFIP2	XM_065399587.1#LRRFIP2
MLH1	XM_065399582.1#MLH1
MLH1	XM_065399583.1#MLH1
MLH1	XM_065399584.1#MLH1
MLH1	XM_065399581.1#MLH1
MLH1	XM_065399580.1#MLH1
TRANK1	XM_065399113.1#TRANK1
DCLK3	XM_065399625.1#DCLK3
STAC	XM_065399811.1#STAC
ARPP21	XM_065398015.1#ARPP21
ARPP21	XM_065398013.1#ARPP21
ARPP21	XM_065398016.1#ARPP21
ARPP21	XM_065398017.1#ARPP21
ARPP21	XM_065398014.1#ARPP21
ARPP21	XM_065398012.1#ARPP21
ARPP21	XM_065398011.1#ARPP21
ARPP21	XM_065398009.1#ARPP21
ARPP21	XM_065398007.1#ARPP21
ARPP21	XM_065398006.1#ARPP21
ARPP21	XM_065398005.1#ARPP21
ARPP21	XM_065398004.1#ARPP21
ARPP21	XM_065398008.1#ARPP21
ARPP21	XM_065398003.1#ARPP21
ARPP21	XM_065398002.1#ARPP21
PDCD6IP	XM_065398556.1#PDCD6IP
PDCD6IP	XM_065398554.1#PDCD6IP
CLASP2	XM_065398871.1#CLASP2
CLASP2	XM_065398874.1#CLASP2
CLASP2	XM_065398875.1#CLASP2
CLASP2	XM_065398876.1#CLASP2
CLASP2	XM_065398860.1#CLASP2
CLASP2	XM_065398861.1#CLASP2
CLASP2	XM_065398864.1#CLASP2
CLASP2	XM_065398868.1#CLASP2
CLASP2	XM_065398865.1#CLASP2
CLASP2	XM_065398872.1#CLASP2
CLASP2	XM_065398869.1#CLASP2
CLASP2	XM_065398866.1#CLASP2
CLASP2	XM_065398867.1#CLASP2
CLASP2	XM_065398873.1#CLASP2
CLASP2	XM_065398862.1#CLASP2
CLASP2	XM_065398870.1#CLASP2
CLASP2	XM_065398889.1#CLASP2
CLASP2	XM_065398887.1#CLASP2
CLASP2	XM_065398891.1#CLASP2
CLASP2	XM_065398892.1#CLASP2
CLASP2	XM_065398893.1#CLASP2
CLASP2	XM_065398894.1#CLASP2
CLASP2	XM_065398880.1#CLASP2
CLASP2	XM_065398882.1#CLASP2
CLASP2	XM_065398883.1#CLASP2
CLASP2	XM_065398881.1#CLASP2
CLASP2	XM_065398884.1#CLASP2
CLASP2	XM_065398886.1#CLASP2
CLASP2	XM_065398888.1#CLASP2
CLASP2	XM_065398890.1#CLASP2
UBP1	XM_065398589.1#UBP1
UBP1	XM_065398590.1#UBP1
FBXL2	XM_065398813.1#FBXL2
SUSD5	XM_065400225.1#SUSD5
CRTAP	XM_065399445.1#CRTAP
GLB1	XM_065398033.1#GLB1
TMPPE	XM_065400172.1#TMPPE
CCR4	XM_065398196.1#CCR4
LOC135873541	XM_065398136.1#LOC135873541
CX3CR1	XM_065399692.1#CX3CR1
LOC135874372	XM_065399177.1#LOC135874372
LOC135873278	XM_065397676.1#LOC135873278
SLC25A38	XM_065398122.1#SLC25A38
SLC25A38	XM_065398123.1#SLC25A38
RPSA	XM_065398104.1#RPSA
RPSA	XM_065398105.1#RPSA
TMC2	XM_065398404.1#TMC2
MYRIP	XM_065399403.1#MYRIP
MYRIP	XM_065399404.1#MYRIP
EIF1B	XM_065397900.1#EIF1B
CCK	XM_065400010.1#CCK
TRAK1	XM_065398585.1#TRAK1
TRAK1	XM_065398584.1#TRAK1
TRAK1	XM_065398586.1#TRAK1
ULK4	XM_065398954.1#ULK4
CTNNB1	XM_065400033.1#CTNNB1
KIAA1143	XM_065398652.1#KIAA1143
KIF15	XM_065399090.1#KIF15
TGM4	XM_065399886.1#TGM4
TMEM42	XM_065398406.1#TMEM42
ZDHHC3	XM_065398909.1#ZDHHC3
ZDHHC3	XM_065398910.1#ZDHHC3
EXOSC7	XM_065399087.1#EXOSC7
EXOSC7	XM_065399088.1#EXOSC7
CLEC3B	XM_065399904.1#CLEC3B
CDCP1	XM_065399773.1#CDCP1
TMEM158	XM_065397657.1#TMEM158
LARS2	XM_065399470.1#LARS2
LIMD1	XM_065399413.1#LIMD1
SACM1L	XM_065398898.1#SACM1L
SNRPD1	XM_065398818.1#SNRPD1
SLC6A20	XM_065398960.1#SLC6A20
LZTFL1	XM_065398982.1#LZTFL1
LOC135875229	XM_065400220.1#LOC135875229
FYCO1	XM_065398674.1#FYCO1
FYCO1	XM_065398679.1#FYCO1
FYCO1	XM_065398676.1#FYCO1
FYCO1	XM_065398675.1#FYCO1
FYCO1	XM_065398678.1#FYCO1
LOC135875201	XM_065400195.1#LOC135875201
CXCR6	XM_065398680.1#CXCR6
XCR1	XM_065397646.1#XCR1
LOC135874243	XM_065399014.1#LOC135874243
LOC135874583	XM_065399457.1#LOC135874583
LOC135874559	XM_065399433.1#LOC135874559
LOC135875041	XM_065400020.1#LOC135875041
LOC135875041	XM_065400022.1#LOC135875041
LOC135875041	XM_065400021.1#LOC135875041
LOC135875028	XM_065400008.1#LOC135875028
TOPBP1	XM_065398408.1#TOPBP1
CDV3	XM_065398721.1#CDV3
CDV3	XM_065398720.1#CDV3
CDV3	XM_065398722.1#CDV3
CDV3	XM_065398719.1#CDV3
BFSP2	XM_065398409.1#BFSP2
TMEM108	XM_065398410.1#TMEM108
NPHP3	XM_065399242.1#NPHP3
UBA5	XM_065399050.1#UBA5
ACAD11	XM_065399243.1#ACAD11
ACKR4	XM_065399244.1#ACKR4
ACKR4	XM_065399245.1#ACKR4
DNAJC13	XM_065397728.1#DNAJC13
LOC135873795	XM_065398411.1#LOC135873795
LOC135873796	XM_065398412.1#LOC135873796
CPNE4	XM_065397919.1#CPNE4
MRPL3	XM_065399238.1#MRPL3
NEK11	XM_065399194.1#NEK11
ASTE1	XM_065399256.1#ASTE1
ATP2C1	XM_065399126.1#ATP2C1
PIK3R4	XM_065399180.1#PIK3R4
LOC135873797	XM_065398414.1#LOC135873797
LOC135873798	XM_065398415.1#LOC135873798
LOC135873280	XM_065397679.1#LOC135873280
CAPN7	XM_065399032.1#CAPN7
CAPN7	XM_065399034.1#CAPN7
CAPN7	XM_065399035.1#CAPN7
CAPN7	XM_065399033.1#CAPN7
SH3BP5	XM_065397832.1#SH3BP5
SH3BP5	XM_065397829.1#SH3BP5
SH3BP5	XM_065397830.1#SH3BP5
METTL6	XM_065399140.1#METTL6
METTL6	XM_065399141.1#METTL6
EAF1	XM_065397717.1#EAF1
MTURN	XM_065399077.1#MTURN
ZNRF2	XM_065400131.1#ZNRF2
NOD1	XM_065399603.1#NOD1
GGCT	XM_065399868.1#GGCT
ENTPD3	XM_065399267.1#ENTPD3
RPL14	XM_065397948.1#RPL14
GASK1A	XM_065400221.1#GASK1A
POMGNT2	XM_065400049.1#POMGNT2
SNRK	XM_065399414.1#SNRK
ANO10	XM_065399449.1#ANO10
ABHD5	XM_065397760.1#ABHD5
TOPAZ1	XM_065398416.1#TOPAZ1
TCAIM	XM_065399832.1#TCAIM
TRIM71	XM_065400201.1#TRIM71
CNOT10	XM_065398278.1#CNOT10
DYNC1LI1	XM_065398697.1#DYNC1LI1
CMTM6	XM_065398751.1#CMTM6
CMTM7	XM_065399787.1#CMTM7
CMTM8	XM_065400032.1#CMTM8
CMTM8	XM_065400031.1#CMTM8
GPD1L	XM_065399378.1#GPD1L
OSBPL10	XM_065400039.1#OSBPL10
STT3B	XM_065400038.1#STT3B
GADL1	XM_065398018.1#GADL1
TGFBR2	XM_065399310.1#TGFBR2
RBMS3	XM_065399124.1#RBMS3
RBMS3	XM_065399125.1#RBMS3
ZCWPW2	XM_065398417.1#ZCWPW2
AZI2	XM_065398724.1#AZI2
AZI2	XM_065398723.1#AZI2
CMC1	XM_065398831.1#CMC1
EOMES	XM_065399365.1#EOMES
SLC4A7	XM_065398638.1#SLC4A7
NEK10	XM_065399061.1#NEK10
NEK10	XM_065399063.1#NEK10
LRRC3B	XM_065400026.1#LRRC3B
OXSM	XM_065398628.1#OXSM
NGLY1	XM_065398627.1#NGLY1
TOP2B	XM_065399709.1#TOP2B
RARB	XM_065397920.1#RARB
RARB	XM_065397922.1#RARB
RARB	XM_065397921.1#RARB
THRB	XM_065397925.1#THRB
THRB	XM_065397924.1#THRB
NR1D2	XM_065398173.1#NR1D2
RPL15	XM_065397729.1#RPL15
NKIRAS1	XM_065398179.1#NKIRAS1
UBE2E1	XM_065398177.1#UBE2E1
UBE2E1	XM_065398176.1#UBE2E1
LOC135873945	XM_065398577.1#LOC135873945
ZNF385D	XM_065399356.1#ZNF385D
SGO1	XM_065399633.1#SGO1
KAT2B	XM_065398809.1#KAT2B
PP2D1	XM_065398418.1#PP2D1
RAB5A	XM_065397988.1#RAB5A
EFHB	XM_065399672.1#EFHB
KCNH8	XM_065398842.1#KCNH8
SATB1	XM_065397901.1#SATB1
TBC1D5	XM_065398859.1#TBC1D5
PLCL2	XM_065399156.1#PLCL2
DAZL	XM_065399849.1#DAZL
RFTN1	XM_065399592.1#RFTN1
OXNAD1	XM_065399565.1#OXNAD1
OXNAD1	XM_065399564.1#OXNAD1
DPH3	XM_065399307.1#DPH3
DPH3	XM_065399308.1#DPH3
LOC135874477	XM_065399306.1#LOC135874477
GALNT15	XM_065399544.1#GALNT15
ANKRD28	XM_065397814.1#ANKRD28
ANKRD28	XM_065397815.1#ANKRD28
BTD	XM_065399296.1#BTD
HACL1	XM_065399289.1#HACL1
COLQ	XM_065399239.1#COLQ
PLEKHA8	XM_065399198.1#PLEKHA8
FKBP14	XM_065398851.1#FKBP14
SCRN1	XM_065398450.1#SCRN1
WIPF3	XM_065398449.1#WIPF3
PRR15	XM_065397718.1#PRR15
CHN2	XM_065400226.1#CHN2
CPVL	XM_065399627.1#CPVL
TRIL	XM_065399809.1#TRIL
CREB5	XM_065399647.1#CREB5
JAZF1	XM_065399829.1#JAZF1
TAX1BP1	XM_065397972.1#TAX1BP1
TAX1BP1	XM_065397970.1#TAX1BP1
HIBADH	XM_065399147.1#HIBADH
EVX1	XM_065400146.1#EVX1
EVX1	XM_065400147.1#EVX1
HOXA13	XM_065399456.1#HOXA13
HOXA11	XM_065399105.1#HOXA11
HOXA10	XM_065398702.1#HOXA10
HOXA9	XM_065398145.1#HOXA9
HOXA7	XM_065397703.1#HOXA7
HOXA6	XM_065397891.1#HOXA6
HOXA5	XM_065397817.1#HOXA5
HOXA4	XM_065400179.1#HOXA4
HOXA3	XM_065400178.1#HOXA3
HOXA2	XM_065398564.1#HOXA2
HOXA1	XM_065398419.1#HOXA1
SKAP2	XM_065398995.1#SKAP2
SNX10	XM_065398808.1#SNX10
CBX3	XM_065398235.1#CBX3
CBX3	XM_065398234.1#CBX3
CBX3	XM_065398233.1#CBX3
HNRNPA2B1	XM_065398232.1#HNRNPA2B1
NFE2L3	XM_065399689.1#NFE2L3
NPVF	XM_065399926.1#NPVF
SPMIP4	XM_065399949.1#SPMIP4
LOC135873474	XM_065397989.1#LOC135873474
OSBPL3	XM_065398601.1#OSBPL3
GSDME	XM_065398420.1#GSDME
PALS2	XM_065398911.1#PALS2
NPY	XM_065399781.1#NPY
STK31	XM_065400074.1#STK31
FAM221A	XM_065399853.1#FAM221A
CCDC126	XM_065398710.1#CCDC126
CCDC126	XM_065398711.1#CCDC126
CCDC126	XM_065398712.1#CCDC126
CCDC126	XM_065398714.1#CCDC126
TRA2A	XM_065397752.1#TRA2A
TRA2A	XM_065397753.1#TRA2A
TRA2A	XM_065397754.1#TRA2A
TRA2A	XM_065397755.1#TRA2A
TRA2A	XM_065397757.1#TRA2A
TRA2A	XM_065397758.1#TRA2A
IGF2BP3	XM_065400075.1#IGF2BP3
MALSU1	XM_065399956.1#MALSU1
GPNMB	XM_065399615.1#GPNMB
NUP42	XM_065398771.1#NUP42
KLHL7	XM_065398983.1#KLHL7
HYCC1	XM_065399399.1#HYCC1
HYCC1	XM_065399400.1#HYCC1
LOC135873808	XM_065398423.1#LOC135873808
TOMM7	XM_065398616.1#TOMM7
IL6	XM_065398424.1#IL6
RAPGEF5	XM_065399415.1#RAPGEF5
CDCA7L	XM_065399670.1#CDCA7L
CDCA7L	XM_065399669.1#CDCA7L
DNAH11	XM_065398425.1#DNAH11
SP4	XM_065398020.1#SP4
LOC135873811	XM_065398426.1#LOC135873811
SP8	XM_065399624.1#SP8
LOC135874481	XM_065399312.1#LOC135874481
LOC135873812	XM_065398427.1#LOC135873812
LOC135873813	XM_065398428.1#LOC135873813
LOC135873815	XM_065398429.1#LOC135873815
LOC135873816	XM_065398430.1#LOC135873816
LOC135873817	XM_065398431.1#LOC135873817
LOC135873819	XM_065398433.1#LOC135873819
LOC135873820	XM_065398434.1#LOC135873820
LOC135873821	XM_065398435.1#LOC135873821
LOC135873822	XM_065398436.1#LOC135873822
LOC135873823	XM_065398437.1#LOC135873823
LOC135873824	XM_065398438.1#LOC135873824
LOC135873826	XM_065398439.1#LOC135873826
LOC135873829	XM_065398442.1#LOC135873829
LOC135873830	XM_065398443.1#LOC135873830
LOC135873831	XM_065398444.1#LOC135873831
LOC135873832	XM_065398445.1#LOC135873832
LOC135873833	XM_065398446.1#LOC135873833
ITGB8	XM_065399516.1#ITGB8
MACC1	XM_065399757.1#MACC1
MACC1	XM_065399758.1#MACC1
TMEM196	XM_065398447.1#TMEM196
POLR1F	XM_065399209.1#POLR1F
FERD3L	XM_065400076.1#FERD3L
TWIST1	XM_065399770.1#TWIST1
HDAC9	XM_065399534.1#HDAC9
HDAC9	XM_065399533.1#HDAC9
HDAC9	XM_065399536.1#HDAC9
HDAC9	XM_065399532.1#HDAC9
SNX13	XM_065398804.1#SNX13
SNX13	XM_065398803.1#SNX13
AHR	XM_065397653.1#AHR
AGR3	XM_065399979.1#AGR3
AGR2	XM_065400012.1#AGR2
TSPAN13	XM_065399748.1#TSPAN13
BZW2	XM_065399169.1#BZW2
ANKMY2	XM_065399440.1#ANKMY2
LRRC72	XM_065397808.1#LRRC72
SOSTDC1	XM_065399899.1#SOSTDC1
CRPPA	XM_065399871.1#CRPPA
MEOX2	XM_065399870.1#MEOX2
AGMO	XM_065399900.1#AGMO
DGKB	XM_065397765.1#DGKB
DGKB	XM_065397766.1#DGKB
DGKB	XM_065397767.1#DGKB
DGKB	XM_065397769.1#DGKB
ETV1	XM_065398545.1#ETV1
ETV1	XM_065398548.1#ETV1
ETV1	XM_065398547.1#ETV1
ETV1	XM_065398546.1#ETV1
ETV1	XM_065398549.1#ETV1
ETV1	XM_065398551.1#ETV1
ETV1	XM_065398550.1#ETV1
ARL4A	XM_065397690.1#ARL4A
SCIN	XM_065397694.1#SCIN
C2H7orf78	XM_065398448.1#C2H7orf78
VWDE	XM_065398452.1#VWDE
TMEM106B	XM_065398144.1#TMEM106B
TMEM106B	XM_065398143.1#TMEM106B
THSD7A	XM_065399278.1#THSD7A
PHF14	XM_065399294.1#PHF14
NDUFA4	XM_065399187.1#NDUFA4
NXPH1	XM_065399696.1#NXPH1
ICA1	XM_065398744.1#ICA1
GLCCI1	XM_065398216.1#GLCCI1
UMAD1	XM_065398217.1#UMAD1
RPA3	XM_065398792.1#RPA3
MIOS	XM_065399040.1#MIOS
LOC135873841	XM_065398454.1#LOC135873841
COL28A1	XM_065398455.1#COL28A1
C1GALT1	XM_065398725.1#C1GALT1
ASNS	XM_065399212.1#ASNS
TAC1	XM_065399769.1#TAC1
TAC1	XM_065399768.1#TAC1
SDHAF3	XM_065399671.1#SDHAF3
DLX5	XM_065399820.1#DLX5
DLX6	XM_065399608.1#DLX6
SEM1	XM_065399309.1#SEM1
SLC25A13	XM_065398568.1#SLC25A13
DYNC1I1	XM_065397879.1#DYNC1I1
DYNC1I1	XM_065397881.1#DYNC1I1
DYNC1I1	XM_065397880.1#DYNC1I1
DYNC1I1	XM_065397878.1#DYNC1I1
PDK4	XM_065398706.1#PDK4
ASB4	XM_065400066.1#ASB4
LOC135874340	XM_065399138.1#LOC135874340
PPP1R9A	XM_065398139.1#PPP1R9A
SGCE	XM_065398925.1#SGCE
SGCE	XM_065398926.1#SGCE
CASD1	XM_065399108.1#CASD1
COL1A2	XM_065398456.1#COL1A2
LOC135873845	XM_065398457.1#LOC135873845
BET1	XM_065397962.1#BET1
LOC135875084	XM_065400064.1#LOC135875084
LOC135874974	XM_065399935.1#LOC135874974
TFPI2	XM_065399379.1#TFPI2
CALCR	XM_065398458.1#CALCR
VPS50	XM_065398182.1#VPS50
VPS50	XM_065398181.1#VPS50
VPS50	XM_065398180.1#VPS50
HEPACAM2	XM_065399931.1#HEPACAM2
LOC135874102	XM_065398807.1#LOC135874102
CDK6	XM_065398990.1#CDK6
FAM133B	XM_065398459.1#FAM133B
CLXN	XM_065399736.1#CLXN
RBM48	XM_065399735.1#RBM48
PEX1	XM_065399732.1#PEX1
PEX1	XM_065399733.1#PEX1
ACCS	XM_065399734.1#ACCS
LOC135873508	XM_065398052.1#LOC135873508
GATAD1	XM_065398162.1#GATAD1
ANKIB1	XM_065398591.1#ANKIB1
KRIT1	XM_065398698.1#KRIT1
LRRD1	XM_065398461.1#LRRD1
LOC135873576	XM_065398193.1#LOC135873576
AKAP9	XM_065398462.1#AKAP9
MTERF1	XM_065399937.1#MTERF1
FZD1	XM_065398282.1#FZD1
CDK14	XM_065399167.1#CDK14
LOC135873615	XM_065398249.1#LOC135873615
LOC135873615	XM_065398248.1#LOC135873615
CLDN12	XM_065399971.1#CLDN12
GTPBP10	XM_065399102.1#GTPBP10
FAM237B	XM_065397751.1#FAM237B
CFAP69	XM_065399518.1#CFAP69
STEAP2	XM_065399112.1#STEAP2
STEAP1	XM_065399977.1#STEAP1
ZNF804B	XM_065398463.1#ZNF804B
STEAP4	XM_065399223.1#STEAP4
SRI	XM_065397938.1#SRI
SRI	XM_065397939.1#SRI
SRI	XM_065397940.1#SRI
ADAM22	XM_065397640.1#ADAM22
DBF4	XM_065398820.1#DBF4
SLC25A40	XM_065399508.1#SLC25A40
SLC25A40	XM_065399509.1#SLC25A40
RUNDC3B	XM_065399227.1#RUNDC3B
ABCB1	XM_065398464.1#ABCB1
CROT	XM_065399346.1#CROT
OLAH	XM_065400157.1#OLAH
ACBD7	XM_065399607.1#ACBD7
RPP38	XM_065399718.1#RPP38
RPP38	XM_065399717.1#RPP38
NMT2	XM_065399628.1#NMT2
FAM171A1	XM_065399652.1#FAM171A1
ITGA8	XM_065398815.1#ITGA8
MINDY3	XM_065398729.1#MINDY3
PTER	XM_065398900.1#PTER
PTER	XM_065398901.1#PTER
C1QL3	XM_065399822.1#C1QL3
RSU1	XM_065398975.1#RSU1
CUBN	XM_065398849.1#CUBN
TRDMT1	XM_065397964.1#TRDMT1
TRDMT1	XM_065397963.1#TRDMT1
TRDMT1	XM_065397965.1#TRDMT1
VIM	XM_065399721.1#VIM
ST8SIA6	XM_065399660.1#ST8SIA6
HACD1	XM_065399466.1#HACD1
HACD1	XM_065399465.1#HACD1
STAM	XM_065399193.1#STAM
LOC135873632	XM_065398273.1#LOC135873632
LOC135873633	XM_065398275.1#LOC135873633
LOC135873634	XM_065398276.1#LOC135873634
LOC135873635	XM_065398277.1#LOC135873635
LOC135873631	XM_065398272.1#LOC135873631
SLC39A12	XM_065399494.1#SLC39A12
SLC39A12	XM_065399495.1#SLC39A12
SLC39A12	XM_065399496.1#SLC39A12
CACNB2	XM_065399326.1#CACNB2
CACNB2	XM_065399328.1#CACNB2
CACNB2	XM_065399327.1#CACNB2
CACNB2	XM_065399329.1#CACNB2
CACNB2	XM_065399330.1#CACNB2
NSUN6	XM_065397731.1#NSUN6
ARL5B	XM_065397732.1#ARL5B
ARL5B	XM_065397733.1#ARL5B
ARL5B	XM_065397735.1#ARL5B
MALRD1	XM_065399653.1#MALRD1
PLXDC2	XM_065398467.1#PLXDC2
LOC135874010	XM_065398686.1#LOC135874010
LOC135874010	XM_065398685.1#LOC135874010
LOC135874010	XM_065398684.1#LOC135874010
LOC135875074	XM_065400052.1#LOC135875074
SKIDA1	XM_065399078.1#SKIDA1
MLLT10	XM_065397985.1#MLLT10
DNAJC1	XM_065399151.1#DNAJC1
COMMD3	XM_065397749.1#COMMD3
BMI1	XM_065397748.1#BMI1
SPAG6	XM_065399434.1#SPAG6
PIP4K2A	XM_065398140.1#PIP4K2A
ARMC3	XM_065398468.1#ARMC3
MSRB2	XM_065398469.1#MSRB2
PTF1A	XM_065399968.1#PTF1A
C2H10orf67	XM_065400264.1#C2H10orf67
OTUD1	XM_065398219.1#OTUD1
KIAA1217	XM_065398557.1#KIAA1217
KIAA1217	XM_065398560.1#KIAA1217
KIAA1217	XM_065398559.1#KIAA1217
ARHGAP21	XM_065398599.1#ARHGAP21
ARHGAP21	XM_065398598.1#ARHGAP21
PRTFDC1	XM_065399421.1#PRTFDC1
PRTFDC1	XM_065399422.1#PRTFDC1
ENKUR	XM_065400077.1#ENKUR
THNSL1	XM_065400181.1#THNSL1
GPR158	XM_065399964.1#GPR158
MYO3A	XM_065398708.1#MYO3A
MYO3A	XM_065398707.1#MYO3A
GAD2	XM_065397788.1#GAD2
APBB1IP	XM_065398802.1#APBB1IP
APBB1IP	XM_065398801.1#APBB1IP
LOC135875083	XM_065400063.1#LOC135875083
PDSS1	XM_065399233.1#PDSS1
ABI1	XM_065399232.1#ABI1
ABI1	XM_065399231.1#ABI1
ABI1	XM_065399229.1#ABI1
ABI1	XM_065399230.1#ABI1
ABI1	XM_065399228.1#ABI1
ACBD5	XM_065397937.1#ACBD5
MASTL	XM_065397934.1#MASTL
MASTL	XM_065397936.1#MASTL
YME1L1	XM_065398587.1#YME1L1
LOC135873859	XM_065398470.1#LOC135873859
LOC135873860	XM_065398471.1#LOC135873860
RAB18	XM_065397816.1#RAB18
MKX	XM_065399976.1#MKX
ODAD2	XM_065399867.1#ODAD2
MPP7	XM_065398472.1#MPP7
LOC135873862	XM_065398473.1#LOC135873862
WAC	XM_065398120.1#WAC
WAC	XM_065398119.1#WAC
BAMBI	XM_065399350.1#BAMBI
LOC135874462	XM_065399288.1#LOC135874462
MAP3K8	XM_065399852.1#MAP3K8
MTPAP	XM_065399059.1#MTPAP
JCAD	XM_065400044.1#JCAD
SVIL	XM_065400142.1#SVIL
ZNF438	XM_065400143.1#ZNF438
ZEB1	XM_065400081.1#ZEB1
ZEB1	XM_065400082.1#ZEB1
ZEB1	XM_065400084.1#ZEB1
ZEB1	XM_065400083.1#ZEB1
ARHGAP12	XM_065398819.1#ARHGAP12
KIF5B	XM_065397887.1#KIF5B
EPC1	XM_065398952.1#EPC1
ITGB1	XM_065399866.1#ITGB1
NRP1	XM_065398538.1#NRP1
NRP1	XM_065398537.1#NRP1
PARD3	XM_065400237.1#PARD3
PARD3	XM_065400238.1#PARD3
PARD3	XM_065400236.1#PARD3
PARD3	XM_065400235.1#PARD3
PARD3	XM_065400232.1#PARD3
PARD3	XM_065400231.1#PARD3
PARD3	XM_065400234.1#PARD3
PARD3	XM_065400230.1#PARD3
CUL2	XM_065398175.1#CUL2
CREM	XM_065397666.1#CREM
CREM	XM_065397668.1#CREM
CREM	XM_065397667.1#CREM
CREM	XM_065397669.1#CREM
CREM	XM_065397671.1#CREM
CREM	XM_065397670.1#CREM
CCNY	XM_065397661.1#CCNY
GJD4	XM_065397622.1#GJD4
FZD8	XM_065398716.1#FZD8
KLF6	XM_065398767.1#KLF6
PITRM1	XM_065400207.1#PITRM1
PFKP	XM_065399651.1#PFKP
PFKP	XM_065399649.1#PFKP
PFKP	XM_065399648.1#PFKP
PFKP	XM_065399650.1#PFKP
ADARB2	XM_065399295.1#ADARB2
WDR37	XM_065398947.1#WDR37
IDI1	XM_065399142.1#IDI1
GTPBP4	XM_065398576.1#GTPBP4
LARP4B	XM_065398611.1#LARP4B
DIP2C	XM_065397990.1#DIP2C
DIP2C	XM_065397991.1#DIP2C
ZMYND11	XM_065397685.1#ZMYND11
VIPR2	XM_065399058.1#VIPR2
DYNC2I1	XM_065399083.1#DYNC2I1
ESYT2	XM_065400105.1#ESYT2
ESYT2	XM_065400106.1#ESYT2
NCAPG2	XM_065399079.1#NCAPG2
PTPRN2	XM_065400104.1#PTPRN2
DNAJB6	XM_065399846.1#DNAJB6
DNAJB6	XM_065399844.1#DNAJB6
DNAJB6	XM_065399845.1#DNAJB6
DNAJB6	XM_065399841.1#DNAJB6
DNAJB6	XM_065399842.1#DNAJB6
UBE3C	XM_065398772.1#UBE3C
MNX1	XM_065399974.1#MNX1
NOM1	XM_065399250.1#NOM1
LMBR1	XM_065400140.1#LMBR1
RNF32	XM_065400141.1#RNF32
SHH	XM_065399438.1#SHH
RBM33	XM_065397927.1#RBM33
CNPY1	XM_065400018.1#CNPY1
EN2	XM_065399952.1#EN2
INSIG1	XM_065398000.1#INSIG1
HTR5A	XM_065400023.1#HTR5A
PAXIP1	XM_065399145.1#PAXIP1
DPP6	XM_065398032.1#DPP6
ACTR3B	XM_065398919.1#ACTR3B
XRCC2	XM_065398788.1#XRCC2
KMT2C	XM_065399612.1#KMT2C
GALNT11	XM_065397854.1#GALNT11
GALNT11	XM_065397855.1#GALNT11
PRKAG2	XM_065399998.1#PRKAG2
PRKAG2	XM_065400001.1#PRKAG2
PRKAG2	XM_065400002.1#PRKAG2
PRKAG2	XM_065400006.1#PRKAG2
RHEB	XM_065398915.1#RHEB
CRYGN	XM_065399825.1#CRYGN
WDR86	XM_065400037.1#WDR86
NUB1	XM_065398593.1#NUB1
C2H9orf152	XM_065399623.1#C2H9orf152
XYLB	XM_065399155.1#XYLB
ACVR2B	XM_065398474.1#ACVR2B
EXOG	XM_065399955.1#EXOG
LOC135873573	XM_065398186.1#LOC135873573
LOC135873573	XM_065398185.1#LOC135873573
LOC135873573	XM_065398187.1#LOC135873573
LOC135873865	XM_065398475.1#LOC135873865
LOC135873561	XM_065398166.1#LOC135873561
LOC135873561	XM_065398164.1#LOC135873561
LOC135873866	XM_065398477.1#LOC135873866
WDR48	XM_065399042.1#WDR48
WDR48	XM_065399041.1#WDR48
GORASP1	XM_065399699.1#GORASP1
TTC21A	XM_065398625.1#TTC21A
LOC135874624	XM_065399510.1#LOC135874624
CSRNP1	XM_065399815.1#CSRNP1
LOC135873867	XM_065398478.1#LOC135873867
XIRP1	XM_065399745.1#XIRP1
LOC135874693	XM_065399604.1#LOC135874693
OXSR1	XM_065397712.1#OXSR1
OXSR1	XM_065397713.1#OXSR1
MYD88	XM_065399094.1#MYD88
LOC135874973	XM_065399933.1#LOC135874973
LOC135873869	XM_065398479.1#LOC135873869
ACAA1	XM_065398835.1#ACAA1
DLEC1	XM_065399098.1#DLEC1
PLCD1	XM_065398934.1#PLCD1
VILL	XM_065398049.1#VILL
CTDSPL	XM_065398260.1#CTDSPL
CTDSPL	XM_065398259.1#CTDSPL
GARS1	XM_065398197.1#GARS1
LOC135874385	XM_065399191.1#LOC135874385
LOC135873870	XM_065398480.1#LOC135873870
LOC135873871	XM_065398481.1#LOC135873871
LOC135875168	XM_065400161.1#LOC135875168
CRHR2	XM_065399012.1#CRHR2
CRHR2	XM_065399013.1#CRHR2
MINDY4	XM_065399836.1#MINDY4
AQP1	XM_065399837.1#AQP1
GHRHR	XM_065398482.1#GHRHR
LOC135874250	XM_065399031.1#LOC135874250
LOC135874248	XM_065399023.1#LOC135874248
LOC135874248	XM_065399025.1#LOC135874248
LOC135874248	XM_065399027.1#LOC135874248
LOC135874248	XM_065399028.1#LOC135874248
LOC135874248	XM_065399026.1#LOC135874248
LOC135874248	XM_065399029.1#LOC135874248
LOC135874248	XM_065399030.1#LOC135874248
LOC135874248	XM_065399024.1#LOC135874248
LOC135874455	XM_065399279.1#LOC135874455
LOC135874950	XM_065399905.1#LOC135874950
LOC135874443	XM_065399266.1#LOC135874443
VIPR1	XM_065398565.1#VIPR1
SEC22C	XM_065399720.1#SEC22C
NKTR	XM_065398195.1#NKTR
ZBTB47	XM_065399888.1#ZBTB47
KLHL40	XM_065399739.1#KLHL40
HHATL	XM_065399920.1#HHATL
CCDC13	XM_065399817.1#CCDC13
HIGD1A	XM_065398117.1#HIGD1A
HIGD1A	XM_065398118.1#HIGD1A
LOC135874373	XM_065399178.1#LOC135874373
LOC135873637	XM_065398279.1#LOC135873637
LOC135874077	XM_065398779.1#LOC135874077
OBSCN	XM_065399153.1#OBSCN
LOC135874353	XM_065399154.1#LOC135874353
IBA57	XM_065398730.1#IBA57
GJC2	XM_065398988.1#GJC2
GUK1	XM_065398717.1#GUK1
GUK1	XM_065398718.1#GUK1
MRPL55	XM_065399263.1#MRPL55
MRPL55	XM_065399262.1#MRPL55
MRPL55	XM_065399261.1#MRPL55
MRPL55	XM_065399260.1#MRPL55
MRPL55	XM_065399264.1#MRPL55
C2H1orf35	XM_065398641.1#C2H1orf35
C2H1orf35	XM_065398642.1#C2H1orf35
C2H1orf35	XM_065398639.1#C2H1orf35
C2H1orf35	XM_065398644.1#C2H1orf35
C2H1orf35	XM_065398643.1#C2H1orf35
ARF1	XM_065397716.1#ARF1
WNT3A	XM_065397987.1#WNT3A
WNT9A	XM_065399760.1#WNT9A
LOC135873875	XM_065398484.1#LOC135873875
SNAP47	XM_065399091.1#SNAP47
JMJD4	XM_065399645.1#JMJD4
ALS2CL	XM_065399345.1#ALS2CL
TMIE	XM_065397678.1#TMIE
MYL3	XM_065398485.1#MYL3
PTH1R	XM_065399658.1#PTH1R
CCDC12	XM_065398488.1#CCDC12
NBEAL2	XM_065397779.1#NBEAL2
LOC135874880	XM_065399826.1#LOC135874880
SETD2	XM_065399039.1#SETD2
LOC135873355	XM_065397789.1#LOC135873355
KIF9	XM_065398489.1#KIF9
KLHL18	XM_065399517.1#KLHL18
LOC135873264	XM_065397655.1#LOC135873264
LOC135874910	XM_065399864.1#LOC135874910
LOC135874814	XM_065399750.1#LOC135874814
LOC135874815	XM_065399751.1#LOC135874815
LOC135873881	XM_065398490.1#LOC135873881
LOC135873600	XM_065398224.1#LOC135873600
TBRG4	XM_065398168.1#TBRG4
TBRG4	XM_065398167.1#TBRG4
LOC135873882	XM_065398491.1#LOC135873882
CCM2	XM_065398492.1#CCM2
LOC135874215	XM_065398974.1#LOC135874215
MYO1G	XM_065397809.1#MYO1G
LOC135875046	XM_065400027.1#LOC135875046
PTPN23	XM_065398939.1#PTPN23
SCAP	XM_065398493.1#SCAP
ELP6	XM_065399322.1#ELP6
CSPG5	XM_065399686.1#CSPG5
SMARCC1	XM_065398174.1#SMARCC1
LOC135874399	XM_065399206.1#LOC135874399
LOC135874399	XM_065399205.1#LOC135874399
LOC135874399	XM_065399204.1#LOC135874399
DHX30	XM_065399188.1#DHX30
MAP4	XM_065399719.1#MAP4
CDC25A	XM_065399057.1#CDC25A
LOC135874393	XM_065399199.1#LOC135874393
LOC135875255	XM_065400263.1#LOC135875255
LOC135875076	XM_065400055.1#LOC135875076
LOC135873886	XM_065398494.1#LOC135873886
LOC135873887	XM_065398495.1#LOC135873887
LOC135873888	XM_065398497.1#LOC135873888
LOC135873889	XM_065398498.1#LOC135873889
LOC135875079	XM_065400058.1#LOC135875079
LOC135875243	XM_065400245.1#LOC135875243
LOC135873890	XM_065398499.1#LOC135873890
LOC135873891	XM_065398500.1#LOC135873891
LOC135875080	XM_065400059.1#LOC135875080
LOC135875082	XM_065400062.1#LOC135875082
LOC135873892	XM_065398501.1#LOC135873892
LOC135873893	XM_065398502.1#LOC135873893
LOC135873894	XM_065398503.1#LOC135873894
LOC135875254	XM_065400262.1#LOC135875254
LOC135873896	XM_065398504.1#LOC135873896
LOC135875247	XM_065400250.1#LOC135875247
LOC135873897	XM_065398505.1#LOC135873897
LOC135875248	XM_065400252.1#LOC135875248
LOC135875248	XM_065400253.1#LOC135875248
LOC135873898	XM_065398506.1#LOC135873898
ZNF777	XM_065400248.1#ZNF777
LOC135873899	XM_065398508.1#LOC135873899
LOC135873900	XM_065398509.1#LOC135873900
LOC135875244	XM_065400246.1#LOC135875244
LOC135875246	XM_065400249.1#LOC135875246
LOC135873901	XM_065398510.1#LOC135873901
LOC135875088	XM_065400067.1#LOC135875088
LOC135873902	XM_065398511.1#LOC135873902
LOC135875252	XM_065400256.1#LOC135875252
LOC135875252	XM_065400255.1#LOC135875252
LOC135875252	XM_065400254.1#LOC135875252
LOC135875252	XM_065400258.1#LOC135875252
LOC135875253	XM_065400260.1#LOC135875253
LOC135875253	XM_065400259.1#LOC135875253
LOC135875253	XM_065400261.1#LOC135875253
LOC135873903	XM_065398512.1#LOC135873903
LOC135873904	XM_065398513.1#LOC135873904
LOC135873905	XM_065398514.1#LOC135873905
LOC135873907	XM_065398515.1#LOC135873907
LOC135875093	XM_065400071.1#LOC135875093
LOC135875095	XM_065400073.1#LOC135875095
LOC135875100	XM_065400079.1#LOC135875100
LOC135875104	XM_065400087.1#LOC135875104
LOC135875105	XM_065400088.1#LOC135875105
LOC135874172	XM_065398924.1#LOC135874172
LOC135874171	XM_065398923.1#LOC135874171
LRRC61	XM_065398922.1#LRRC61
LOC135875107	XM_065400090.1#LOC135875107
ZNF467	XM_065400091.1#ZNF467
LOC135875109	XM_065400092.1#LOC135875109
LOC135875115	XM_065400099.1#LOC135875115
LOC135873908	XM_065398516.1#LOC135873908
LOC135873909	XM_065398517.1#LOC135873909
LOC135873910	XM_065398519.1#LOC135873910
LOC135873911	XM_065398520.1#LOC135873911
LOC135874473	XM_065399299.1#LOC135874473
LOC135873912	XM_065398521.1#LOC135873912
LOC135873913	XM_065398522.1#LOC135873913
AOC1	XM_065400110.1#AOC1
KCNH2	XM_065400109.1#KCNH2
NOS3	XM_065399596.1#NOS3
ABCB8	XM_065399280.1#ABCB8
LOC135873914	XM_065398523.1#LOC135873914
ASIC3	XM_065398930.1#ASIC3
CDK5	XM_065398793.1#CDK5
SLC4A2	XM_065400009.1#SLC4A2
FASTK	XM_065398524.1#FASTK
TMUB1	XM_065399989.1#TMUB1
LOC135873916	XM_065398525.1#LOC135873916
AGAP3	XM_065399676.1#AGAP3
AGAP3	XM_065399673.1#AGAP3
GBX1	XM_065399678.1#GBX1
ASB10	XM_065398526.1#ASB10
IQCA1L	XM_065398527.1#IQCA1L
LOC135873402	XM_065397865.1#LOC135873402
ABCF2	XM_065398696.1#ABCF2
CHPF2	XM_065398222.1#CHPF2
SMARCD3	XM_065398732.1#SMARCD3
SMARCD3	XM_065398734.1#SMARCD3
LOC135894764	XM_065422861.1#LOC135894764
LOC135894771	XM_065422867.1#LOC135894771
LOC135894772	XM_065422868.1#LOC135894772
LOC135894768	XM_065422863.1#LOC135894768
LOC135894774	XM_065422870.1#LOC135894774
LOC135894774	XM_065422871.1#LOC135894774
SGF29	XM_065422864.1#SGF29
KCTD13	XM_065422865.1#KCTD13
ASPHD1	XM_065422869.1#ASPHD1
LOC135875654	XM_065400605.1#LOC135875654
GPN1	XM_065400591.1#GPN1
GPN1	XM_065400592.1#GPN1
ZNF512	XM_065400971.1#ZNF512
LOC135875590	XM_065400520.1#LOC135875590
GCKR	XM_065401647.1#GCKR
FNDC4	XM_065402124.1#FNDC4
LOC135876883	XM_065402249.1#LOC135876883
IFT172	XM_065400807.1#IFT172
IFT172	XM_065400808.1#IFT172
KRTCAP3	XM_065402129.1#KRTCAP3
NRBP1	XM_065400449.1#NRBP1
PPM1G	XM_065401089.1#PPM1G
ZNF513	XM_065401401.1#ZNF513
SNX17	XM_065400887.1#SNX17
SNX17	XM_065400886.1#SNX17
EIF2B4	XM_065401137.1#EIF2B4
GTF3C2	XM_065401103.1#GTF3C2
SLC30A3	XM_065400607.1#SLC30A3
LOC135875657	XM_065400609.1#LOC135875657
LOC135875680	XM_065400635.1#LOC135875680
LOC135875680	XM_065400636.1#LOC135875680
DNAJC5G	XM_065401334.1#DNAJC5G
TRIM54	XM_065400611.1#TRIM54
UCN	XM_065400612.1#UCN
MPV17	XM_065402116.1#MPV17
CAD	XM_065400291.1#CAD
CAD	XM_065400290.1#CAD
ATRAID	XM_065400613.1#ATRAID
SLC5A6	XM_065401112.1#SLC5A6
TCF23	XM_065400387.1#TCF23
PREB	XM_065401714.1#PREB
PREB	XM_065401715.1#PREB
ABHD1	XM_065400614.1#ABHD1
LOC135875664	XM_065400615.1#LOC135875664
EMILIN1	XM_065402119.1#EMILIN1
LOC135876818	XM_065402167.1#LOC135876818
KHK	XM_065401196.1#KHK
KHK	XM_065401195.1#KHK
CGREF1	XM_065402216.1#CGREF1
TMEM214	XM_065401206.1#TMEM214
AGBL5	XM_065400624.1#AGBL5
AGBL5	XM_065400625.1#AGBL5
OST4	XM_065401847.1#OST4
MAPRE3	XM_065401345.1#MAPRE3
LOC135875998	XM_065401110.1#LOC135875998
DPYSL5	XM_065400407.1#DPYSL5
DNMT3A	XM_065400610.1#DNMT3A
DTNB	XM_065400623.1#DTNB
ASXL2	XM_065401229.1#ASXL2
ASXL2	XM_065401231.1#ASXL2
KIF3C	XM_065401097.1#KIF3C
RAB10	XM_065401536.1#RAB10
GAREM2	XM_065401932.1#GAREM2
HADHA	XM_065400654.1#HADHA
HADHA	XM_065400655.1#HADHA
HADHB	XM_065400687.1#HADHB
ADGRF3	XM_065400626.1#ADGRF3
LOC135875675	XM_065400627.1#LOC135875675
LOC135876838	XM_065402192.1#LOC135876838
LOC135876699	XM_065401990.1#LOC135876699
LOC135876659	XM_065401939.1#LOC135876659
SELENOI	XM_065401376.1#SELENOI
DRC1	XM_065401897.1#DRC1
OTOF	XM_065402251.1#OTOF
CIMIP2C	XM_065402266.1#CIMIP2C
KCNK3	XM_065401957.1#KCNK3
SLC35F6	XM_065401678.1#SLC35F6
CLU	XM_065401837.1#CLU
SCARA3	XM_065402121.1#SCARA3
CCDC25	XM_065400417.1#CCDC25
ESCO2	XM_065401800.1#ESCO2
PBK	XM_065401796.1#PBK
SCARA5	XM_065401840.1#SCARA5
LOC135876521	XM_065401783.1#LOC135876521
LOC135876780	XM_065402118.1#LOC135876780
LOC135876087	XM_065401247.1#LOC135876087
LOC135876083	XM_065401243.1#LOC135876083
CHRNA2	XM_065400564.1#CHRNA2
PTK2B	XM_065400563.1#PTK2B
PTK2B	XM_065400562.1#PTK2B
TRIM35	XM_065402117.1#TRIM35
STMN4	XM_065401115.1#STMN4
STMN4	XM_065401116.1#STMN4
LOC135875695	XM_065400660.1#LOC135875695
POMC	XM_065400783.1#POMC
EFR3B	XM_065400853.1#EFR3B
EFR3B	XM_065400852.1#EFR3B
DNAJC27	XM_065401850.1#DNAJC27
ADCY3	XM_065401043.1#ADCY3
CENPO	XM_065401368.1#CENPO
PTRHD1	XM_065401369.1#PTRHD1
NCOA1	XM_065400622.1#NCOA1
ZNF395	XM_065400707.1#ZNF395
PNOC	XM_065402185.1#PNOC
LOC135876723	XM_065402047.1#LOC135876723
ELP3	XM_065401159.1#ELP3
FBXO16	XM_065402212.1#FBXO16
FZD3	XM_065400621.1#FZD3
EXTL3	XM_065401846.1#EXTL3
INTS9	XM_065400917.1#INTS9
HMBOX1	XM_065401160.1#HMBOX1
KIF13B	XM_065400572.1#KIF13B
MSRA	XM_065401724.1#MSRA
C3H8orf74	XM_065400669.1#C3H8orf74
SOX7	XM_065400951.1#SOX7
PINX1	XM_065400952.1#PINX1
XKR6	XM_065401346.1#XKR6
MTMR9	XM_065401009.1#MTMR9
LOC135876807	XM_065402148.1#LOC135876807
FAM167A	XM_065402220.1#FAM167A
BLK	XM_065401882.1#BLK
GATA4	XM_065401101.1#GATA4
GATA4	XM_065401102.1#GATA4
FDFT1	XM_065401227.1#FDFT1
FDFT1	XM_065401228.1#FDFT1
NEIL2	XM_065400676.1#NEIL2
LOC135876112	XM_065401292.1#LOC135876112
LOC135876112	XM_065401291.1#LOC135876112
CTSB	XM_065401294.1#CTSB
LOC135876864	XM_065402225.1#LOC135876864
LOC135876715	XM_065402011.1#LOC135876715
XKR5	XM_065402016.1#XKR5
TRAM2	XM_065401612.1#TRAM2
EFHC1	XM_065401705.1#EFHC1
PAQR8	XM_065401929.1#PAQR8
MCM3	XM_065400820.1#MCM3
LOC135876592	XM_065401858.1#LOC135876592
LOC135875721	XM_065400695.1#LOC135875721
PKHD1	XM_065401532.1#PKHD1
TFAP2B	XM_065401082.1#TFAP2B
TFAP2B	XM_065401081.1#TFAP2B
TFAP2D	XM_065402087.1#TFAP2D
LOC135875724	XM_065400705.1#LOC135875724
LOC135875725	XM_065400706.1#LOC135875725
LOC135876337	XM_065401518.1#LOC135876337
LOC135876893	XM_065402267.1#LOC135876893
RHAG	XM_065401370.1#RHAG
LOC135876689	XM_065401978.1#LOC135876689
LOC135875498	XM_065400350.1#LOC135875498
LOC135876028	XM_065401151.1#LOC135876028
CENPQ	XM_065401626.1#CENPQ
MMUT	XM_065400932.1#MMUT
LOC135876890	XM_065402264.1#LOC135876890
LOC135875513	XM_065400376.1#LOC135875513
CDC5L	XM_065400601.1#CDC5L
SUPT3H	XM_065400530.1#SUPT3H
SUPT3H	XM_065400529.1#SUPT3H
SUPT3H	XM_065400531.1#SUPT3H
SUPT3H	XM_065400533.1#SUPT3H
RUNX2	XM_065400527.1#RUNX2
RUNX2	XM_065400528.1#RUNX2
CLIC5	XM_065401232.1#CLIC5
ENPP4	XM_065401007.1#ENPP4
ENPP5	XM_065401274.1#ENPP5
RCAN2	XM_065401171.1#RCAN2
RCAN2	XM_065401172.1#RCAN2
LOC135876672	XM_065401954.1#LOC135876672
LOC135876690	XM_065401979.1#LOC135876690
SLC25A27	XM_065401731.1#SLC25A27
SLC25A27	XM_065401730.1#SLC25A27
TDRD6	XM_065402102.1#TDRD6
PLA2G7	XM_065401742.1#PLA2G7
IMP3	XM_065401141.1#IMP3
ANKRD66	XM_065400319.1#ANKRD66
LOC135876785	XM_065402123.1#LOC135876785
MEP1A	XM_065401594.1#MEP1A
LOC135875732	XM_065400711.1#LOC135875732
ADGRF5	XM_065401721.1#ADGRF5
TNFRSF21	XM_065401859.1#TNFRSF21
CD2AP	XM_065401851.1#CD2AP
LOC135876725	XM_065402049.1#LOC135876725
PTCHD4	XM_065401869.1#PTCHD4
PTCHD4	XM_065401870.1#PTCHD4
LOC135876763	XM_065402099.1#LOC135876763
MRPL19	XM_065401511.1#MRPL19
GCFC2	XM_065401296.1#GCFC2
ITSN2	XM_065401027.1#ITSN2
PFN4	XM_065401930.1#PFN4
TP53I3	XM_065402093.1#TP53I3
SF3B6	XM_065400730.1#SF3B6
FKBP1B	XM_065401789.1#FKBP1B
LOC135875736	XM_065400718.1#LOC135875736
LOC135876127	XM_065401309.1#LOC135876127
LOC135876127	XM_065401310.1#LOC135876127
MFSD2B	XM_065400406.1#MFSD2B
UBXN2A	XM_065400775.1#UBXN2A
UBXN2A	XM_065400776.1#UBXN2A
ATAD2B	XM_065401026.1#ATAD2B
KLHL29	XM_065401983.1#KLHL29
TDRD15	XM_065400390.1#TDRD15
APOB	XM_065401111.1#APOB
LDAH	XM_065400744.1#LDAH
GDF7	XM_065401802.1#GDF7
HS1BP3	XM_065402058.1#HS1BP3
RHOB	XM_065400415.1#RHOB
RHOB	XM_065400414.1#RHOB
LOC135876031	XM_065401158.1#LOC135876031
LOC135875750	XM_065400745.1#LOC135875750
PUM2	XM_065402160.1#PUM2
PUM2	XM_065402162.1#PUM2
PUM2	XM_065402161.1#PUM2
SDC1	XM_065400746.1#SDC1
LAPTM4A	XM_065402239.1#LAPTM4A
LAPTM4A	XM_065402240.1#LAPTM4A
LAPTM4A	XM_065402241.1#LAPTM4A
WDR35	XM_065401337.1#WDR35
WDR35	XM_065401338.1#WDR35
TTC32	XM_065400904.1#TTC32
OSR1	XM_065401991.1#OSR1
NT5C1B	XM_065400413.1#NT5C1B
RDH14	XM_065400411.1#RDH14
KCNS3	XM_065401949.1#KCNS3
LOC135875757	XM_065400755.1#LOC135875757
MSGN1	XM_065402258.1#MSGN1
GEN1	XM_065401937.1#GEN1
SMC6	XM_065400934.1#SMC6
VSNL1	XM_065401148.1#VSNL1
VSNL1	XM_065401147.1#VSNL1
CYRIA	XM_065401268.1#CYRIA
MYCN	XM_065401781.1#MYCN
DDX1	XM_065402213.1#DDX1
NBAS	XM_065400708.1#NBAS
NBAS	XM_065400709.1#NBAS
LRATD1	XM_065401130.1#LRATD1
TRIB2	XM_065401673.1#TRIB2
LPIN1	XM_065400976.1#LPIN1
LPIN1	XM_065400975.1#LPIN1
GREB1	XM_065401075.1#GREB1
E2F6	XM_065401177.1#E2F6
E2F6	XM_065401175.1#E2F6
E2F6	XM_065401176.1#E2F6
ROCK2	XM_065401383.1#ROCK2
SLC66A3	XM_065401682.1#SLC66A3
C3H2orf50	XM_065400353.1#C3H2orf50
KCNF1	XM_065402237.1#KCNF1
PDIA6	XM_065400659.1#PDIA6
ATP6V1C2	XM_065401857.1#ATP6V1C2
NOL10	XM_065401384.1#NOL10
ODC1	XM_065402205.1#ODC1
HPCAL1	XM_065400416.1#HPCAL1
RRM2	XM_065401154.1#RRM2
RRM2	XM_065401156.1#RRM2
RRM2	XM_065401157.1#RRM2
CYS1	XM_065400560.1#CYS1
KLF11	XM_065400987.1#KLF11
KLF11	XM_065400988.1#KLF11
GRHL1	XM_065401131.1#GRHL1
TAF1B	XM_065401707.1#TAF1B
TAF1B	XM_065401706.1#TAF1B
YWHAQ	XM_065400418.1#YWHAQ
ADAM17	XM_065401098.1#ADAM17
IAH1	XM_065401665.1#IAH1
CPSF3	XM_065400811.1#CPSF3
ITGB1BP1	XM_065401275.1#ITGB1BP1
ITGB1BP1	XM_065401276.1#ITGB1BP1
ASAP2	XM_065400691.1#ASAP2
ASAP2	XM_065400690.1#ASAP2
MBOAT2	XM_065400620.1#MBOAT2
KIDINS220	XM_065400821.1#KIDINS220
KIDINS220	XM_065400822.1#KIDINS220
KIDINS220	XM_065400823.1#KIDINS220
KIDINS220	XM_065400825.1#KIDINS220
KIDINS220	XM_065400829.1#KIDINS220
ID2	XM_065401834.1#ID2
RNF144A	XM_065401849.1#RNF144A
RSAD2	XM_065400293.1#RSAD2
CMPK2	XM_065400962.1#CMPK2
LOC135876179	XM_065401385.1#LOC135876179
SOX11	XM_065401708.1#SOX11
DCDC2C	XM_065402188.1#DCDC2C
ALLC	XM_065401889.1#ALLC
COLEC11	XM_065401606.1#COLEC11
COLEC11	XM_065401604.1#COLEC11
COLEC11	XM_065401605.1#COLEC11
COLEC11	XM_065401603.1#COLEC11
RPS7	XM_065400812.1#RPS7
RNASEH1	XM_065402281.1#RNASEH1
RNASEH1	XM_065402282.1#RNASEH1
RNASEH1	XM_065402280.1#RNASEH1
ADI1	XM_065401092.1#ADI1
TRAPPC12	XM_065401246.1#TRAPPC12
EIPR1	XM_065402278.1#EIPR1
MYT1L	XM_065400682.1#MYT1L
MYT1L	XM_065400683.1#MYT1L
MYT1L	XM_065400680.1#MYT1L
MYT1L	XM_065400681.1#MYT1L
PXDN	XM_065401091.1#PXDN
TPO	XM_065401039.1#TPO
SNTG2	XM_065401720.1#SNTG2
LOC135876182	XM_065401386.1#LOC135876182
LOC135876183	XM_065401387.1#LOC135876183
LOC135876184	XM_065401388.1#LOC135876184
TMEM18	XM_065401126.1#TMEM18
TMEM18	XM_065401128.1#TMEM18
TMEM18	XM_065401127.1#TMEM18
ALKAL2	XM_065400321.1#ALKAL2
ACP1	XM_065400752.1#ACP1
ACP1	XM_065400751.1#ACP1
SH3YL1	XM_065401390.1#SH3YL1
FAM110C	XM_065402169.1#FAM110C
FBXO25	XM_065400978.1#FBXO25
FBXO25	XM_065400979.1#FBXO25
TDRP	XM_065400288.1#TDRP
ERICH1	XM_065401284.1#ERICH1
DLGAP2	XM_065400541.1#DLGAP2
LOC135876563	XM_065401827.1#LOC135876563
LOC135876716	XM_065402012.1#LOC135876716
LOC135876125	XM_065401307.1#LOC135876125
LOC135876125	XM_065401308.1#LOC135876125
LOC135876380	XM_065401572.1#LOC135876380
LOC135876416	XM_065401617.1#LOC135876416
LOC135876416	XM_065401615.1#LOC135876416
ARHGEF10	XM_065401022.1#ARHGEF10
KBTBD11	XM_065402248.1#KBTBD11
MYOM2	XM_065400738.1#MYOM2
CSMD1	XM_065401391.1#CSMD1
MCPH1	XM_065401927.1#MCPH1
ANGPT2	XM_065401169.1#ANGPT2
ANGPT2	XM_065401168.1#ANGPT2
ANGPT2	XM_065401167.1#ANGPT2
ANGPT2	XM_065401166.1#ANGPT2
AGPAT5	XM_065400398.1#AGPAT5
TMEM14A	XM_065400570.1#TMEM14A
TMEM14A	XM_065400568.1#TMEM14A
TMEM14A	XM_065400569.1#TMEM14A
TMEM14A	XM_065400571.1#TMEM14A
LOC135876425	XM_065401630.1#LOC135876425
LOC135876425	XM_065401629.1#LOC135876425
LOC135876425	XM_065401631.1#LOC135876425
LOC135875961	XM_065401060.1#LOC135875961
LOC135875959	XM_065401056.1#LOC135875959
LOC135875959	XM_065401054.1#LOC135875959
LOC135875959	XM_065401053.1#LOC135875959
LOC135875959	XM_065401059.1#LOC135875959
LOC135875452	XM_065400281.1#LOC135875452
LOC135875452	XM_065400283.1#LOC135875452
LOC135875641	XM_065400597.1#LOC135875641
CILK1	XM_065401676.1#CILK1
FBXO9	XM_065400394.1#FBXO9
FBXO9	XM_065400396.1#FBXO9
FBXO9	XM_065400397.1#FBXO9
FBXO9	XM_065400395.1#FBXO9
GCM1	XM_065402183.1#GCM1
ELOVL5	XM_065400910.1#ELOVL5
GCLC	XM_065400815.1#GCLC
GCLC	XM_065400813.1#GCLC
KLHL31	XM_065402186.1#KLHL31
LOC135876858	XM_065402218.1#LOC135876858
LRRC1	XM_065401732.1#LRRC1
MLIP	XM_065402009.1#MLIP
FAM83B	XM_065402131.1#FAM83B
HCRTR2	XM_065402071.1#HCRTR2
GFRAL	XM_065401392.1#GFRAL
HMGCLL1	XM_065401372.1#HMGCLL1
BMP5	XM_065401010.1#BMP5
LOC135876406	XM_065401602.1#LOC135876406
LOC135876406	XM_065401601.1#LOC135876406
LOC135876190	XM_065401393.1#LOC135876190
DST	XM_065400686.1#DST
LOC135875642	XM_065400598.1#LOC135875642
BEND6	XM_065401394.1#BEND6
ZNF451	XM_065401593.1#ZNF451
BAG2	XM_065402187.1#BAG2
RAB23	XM_065401697.1#RAB23
RAB23	XM_065401696.1#RAB23
PRIM2	XM_065401622.1#PRIM2
KHDRBS2	XM_065401399.1#KHDRBS2
LOC135876641	XM_065401920.1#LOC135876641
LGSN	XM_065401396.1#LGSN
LOC135875601	XM_065400539.1#LOC135875601
LOC135875601	XM_065400540.1#LOC135875601
PTP4A1	XM_065400538.1#PTP4A1
PTP4A1	XM_065400537.1#PTP4A1
PHF3	XM_065402254.1#PHF3
PHF3	XM_065402252.1#PHF3
PHF3	XM_065402257.1#PHF3
PHF3	XM_065402256.1#PHF3
EYS	XM_065401397.1#EYS
ADGRB3	XM_065400780.1#ADGRB3
LMBRD1	XM_065400966.1#LMBRD1
LMBRD1	XM_065400965.1#LMBRD1
COL19A1	XM_065401717.1#COL19A1
COL9A1	XM_065401741.1#COL9A1
FAM135A	XM_065400926.1#FAM135A
SDHAF4	XM_065401654.1#SDHAF4
SMAP1	XM_065400523.1#SMAP1
SMAP1	XM_065400524.1#SMAP1
B3GAT2	XM_065401100.1#B3GAT2
OGFRL1	XM_065401970.1#OGFRL1
ASRGL1	XM_065401538.1#ASRGL1
RIMS1	XM_065400580.1#RIMS1
RIMS1	XM_065400581.1#RIMS1
RIMS1	XM_065400582.1#RIMS1
RIMS1	XM_065400585.1#RIMS1
KCNQ5	XM_065400732.1#KCNQ5
KCNQ5	XM_065400734.1#KCNQ5
KCNQ5	XM_065400737.1#KCNQ5
KCNQ5	XM_065400733.1#KCNQ5
KCNQ5	XM_065400735.1#KCNQ5
DDX43	XM_065401945.1#DDX43
CGAS	XM_065400950.1#CGAS
MTO1	XM_065400949.1#MTO1
EEF1A1	XM_065401286.1#EEF1A1
SLC17A5	XM_065401672.1#SLC17A5
CD109	XM_065401363.1#CD109
COL12A1	XM_065401398.1#COL12A1
LOC135875985	XM_065401094.1#LOC135875985
TMEM30A	XM_065400739.1#TMEM30A
FILIP1	XM_065401270.1#FILIP1
FILIP1	XM_065401269.1#FILIP1
SENP6	XM_065402243.1#SENP6
MYO6	XM_065400855.1#MYO6
MYO6	XM_065400856.1#MYO6
MYO6	XM_065400857.1#MYO6
MYO6	XM_065400858.1#MYO6
MYO6	XM_065400859.1#MYO6
MYO6	XM_065400860.1#MYO6
IMPG1	XM_065402223.1#IMPG1
HTR1B	XM_065401935.1#HTR1B
MEI4	XM_065401400.1#MEI4
IRAK1BP1	XM_065402115.1#IRAK1BP1
PHIP	XM_065402211.1#PHIP
HMGN3	XM_065401341.1#HMGN3
HMGN3	XM_065401340.1#HMGN3
LCA5	XM_065402091.1#LCA5
ELOVL4	XM_065402126.1#ELOVL4
TTK	XM_065401817.1#TTK
LOC135876891	XM_065402265.1#LOC135876891
BCKDHB	XM_065400997.1#BCKDHB
TENT5A	XM_065401234.1#TENT5A
IBTK	XM_065401047.1#IBTK
IBTK	XM_065401046.1#IBTK
TPBG	XM_065402181.1#TPBG
UBE3D	XM_065401736.1#UBE3D
UBE3D	XM_065401735.1#UBE3D
DOP1A	XM_065400549.1#DOP1A
PGM3	XM_065401201.1#PGM3
RWDD2A	XM_065400347.1#RWDD2A
ME1	XM_065400345.1#ME1
ME1	XM_065400346.1#ME1
PRSS35	XM_065402062.1#PRSS35
SNAP91	XM_065402044.1#SNAP91
SNAP91	XM_065402043.1#SNAP91
SNAP91	XM_065402039.1#SNAP91
SNAP91	XM_065402033.1#SNAP91
SNAP91	XM_065402032.1#SNAP91
SNAP91	XM_065402028.1#SNAP91
SNAP91	XM_065402027.1#SNAP91
SNAP91	XM_065402041.1#SNAP91
SNAP91	XM_065402040.1#SNAP91
SNAP91	XM_065402042.1#SNAP91
SNAP91	XM_065402038.1#SNAP91
SNAP91	XM_065402024.1#SNAP91
SNAP91	XM_065402025.1#SNAP91
SNAP91	XM_065402020.1#SNAP91
SNAP91	XM_065402035.1#SNAP91
SNAP91	XM_065402037.1#SNAP91
SNAP91	XM_065402036.1#SNAP91
SNAP91	XM_065402031.1#SNAP91
SNAP91	XM_065402029.1#SNAP91
SNAP91	XM_065402030.1#SNAP91
SNAP91	XM_065402022.1#SNAP91
SNAP91	XM_065402019.1#SNAP91
SNAP91	XM_065402021.1#SNAP91
SNAP91	XM_065402018.1#SNAP91
RIPPLY2	XM_065400576.1#RIPPLY2
LOC135876372	XM_065401561.1#LOC135876372
MRAP2	XM_065402138.1#MRAP2
CEP162	XM_065401402.1#CEP162
TBX18	XM_065401343.1#TBX18
NT5E	XM_065401618.1#NT5E
SNX14	XM_065402231.1#SNX14
SYNCRIP	XM_065401963.1#SYNCRIP
SYNCRIP	XM_065401962.1#SYNCRIP
SYNCRIP	XM_065401961.1#SYNCRIP
SYNCRIP	XM_065401960.1#SYNCRIP
SYNCRIP	XM_065401959.1#SYNCRIP
SYNCRIP	XM_065401965.1#SYNCRIP
SYNCRIP	XM_065401958.1#SYNCRIP
HTR1E	XM_065401926.1#HTR1E
CGA	XM_065401975.1#CGA
ZNF292	XM_065401580.1#ZNF292
GJB7	XM_065401404.1#GJB7
SMIM8	XM_065401804.1#SMIM8
SMIM8	XM_065401805.1#SMIM8
C3H6orf163	XM_065401405.1#C3H6orf163
CFAP206	XM_065402098.1#CFAP206
SLC35A1	XM_065400409.1#SLC35A1
RARS2	XM_065401570.1#RARS2
RARS2	XM_065401571.1#RARS2
ORC3	XM_065400753.1#ORC3
AKIRIN2	XM_065400773.1#AKIRIN2
SPACA1	XM_065400330.1#SPACA1
CNR1	XM_065401972.1#CNR1
RNGTT	XM_065401183.1#RNGTT
RNGTT	XM_065401182.1#RNGTT
LOC135876428	XM_065401636.1#LOC135876428
PNRC1	XM_065400399.1#PNRC1
PM20D2	XM_065401163.1#PM20D2
LOC135875929	XM_065401013.1#LOC135875929
LOC135875929	XM_065401012.1#LOC135875929
LOC135875842	XM_065400894.1#LOC135875842
UBE2J1	XM_065400604.1#UBE2J1
RRAGD	XM_065401795.1#RRAGD
ANKRD6	XM_065400647.1#ANKRD6
ANKRD6	XM_065400648.1#ANKRD6
ANKRD6	XM_065400649.1#ANKRD6
ANKRD6	XM_065400650.1#ANKRD6
LYRM2	XM_065400651.1#LYRM2
MDN1	XM_065400340.1#MDN1
CASP8AP2	XM_065401083.1#CASP8AP2
GJA10	XM_065401406.1#GJA10
BACH2	XM_065401823.1#BACH2
MAP3K7	XM_065400358.1#MAP3K7
MAP3K7	XM_065400356.1#MAP3K7
MAP3K7	XM_065400355.1#MAP3K7
MAP3K7	XM_065400354.1#MAP3K7
MAP3K7	XM_065400359.1#MAP3K7
MAP3K7	XM_065400360.1#MAP3K7
EPHA7	XM_065400674.1#EPHA7
EPHA7	XM_065400673.1#EPHA7
EPHA7	XM_065400671.1#EPHA7
EPHA7	XM_065400672.1#EPHA7
EPHA7	XM_065400670.1#EPHA7
MANEA	XM_065401068.1#MANEA
MANEA	XM_065401069.1#MANEA
FUT9	XM_065401822.1#FUT9
UFL1	XM_065401240.1#UFL1
FHL5	XM_065401640.1#FHL5
GPR63	XM_065401987.1#GPR63
NDUFAF4	XM_065401200.1#NDUFAF4
KLHL32	XM_065401320.1#KLHL32
KLHL32	XM_065401321.1#KLHL32
KLHL32	XM_065401327.1#KLHL32
KLHL32	XM_065401325.1#KLHL32
KLHL32	XM_065401328.1#KLHL32
KLHL32	XM_065401322.1#KLHL32
KLHL32	XM_065401323.1#KLHL32
KLHL32	XM_065401324.1#KLHL32
MMS22L	XM_065401695.1#MMS22L
POU3F2	XM_065401288.1#POU3F2
FBXL4	XM_065400652.1#FBXL4
FAXC	XM_065402191.1#FAXC
COQ3	XM_065401407.1#COQ3
PNISR	XM_065400658.1#PNISR
USP45	XM_065400693.1#USP45
TSTD3	XM_065400903.1#TSTD3
CCNC	XM_065400902.1#CCNC
PRDM13	XM_065401408.1#PRDM13
MCHR2	XM_065402152.1#MCHR2
SIM1	XM_065401746.1#SIM1
ASCC3	XM_065400559.1#ASCC3
GRIK2	XM_065402064.1#GRIK2
LOC135876210	XM_065401409.1#LOC135876210
HACE1	XM_065400729.1#HACE1
HACE1	XM_065400728.1#HACE1
HACE1	XM_065400727.1#HACE1
LIN28B	XM_065402055.1#LIN28B
LIN28B	XM_065402056.1#LIN28B
LIN28B	XM_065402057.1#LIN28B
BVES	XM_065401303.1#BVES
POPDC3	XM_065401304.1#POPDC3
PREP	XM_065400874.1#PREP
PRDM1	XM_065401738.1#PRDM1
PRDM1	XM_065401737.1#PRDM1
ATG5	XM_065400723.1#ATG5
ATG5	XM_065400724.1#ATG5
ATG5	XM_065400725.1#ATG5
CRYBG1	XM_065401831.1#CRYBG1
RTN4IP1	XM_065401728.1#RTN4IP1
QRSL1	XM_065401077.1#QRSL1
MTRES1	XM_065400841.1#MTRES1
MTRES1	XM_065400836.1#MTRES1
MTRES1	XM_065400839.1#MTRES1
MTRES1	XM_065400840.1#MTRES1
MTRES1	XM_065400837.1#MTRES1
MTRES1	XM_065400838.1#MTRES1
BEND3	XM_065402275.1#BEND3
PDSS2	XM_065401139.1#PDSS2
SOBP	XM_065402125.1#SOBP
SCML4	XM_065401973.1#SCML4
SCML4	XM_065401974.1#SCML4
SEC63	XM_065401045.1#SEC63
LOC135876674	XM_065401956.1#LOC135876674
OSTM1	XM_065401982.1#OSTM1
LOC135875531	XM_065400401.1#LOC135875531
NR2E1	XM_065401727.1#NR2E1
SNX3	XM_065400551.1#SNX3
AFG1L	XM_065401410.1#AFG1L
FOXO3	XM_065400895.1#FOXO3
ARMC2	XM_065400631.1#ARMC2
SESN1	XM_065400634.1#SESN1
SESN1	XM_065400633.1#SESN1
SESN1	XM_065400632.1#SESN1
CEP57L1	XM_065401362.1#CEP57L1
LOC135876212	XM_065401412.1#LOC135876212
LOC135876213	XM_065401413.1#LOC135876213
CD164	XM_065400940.1#CD164
PPIL6	XM_065402013.1#PPIL6
ZBTB24	XM_065401414.1#ZBTB24
AK9	XM_065401415.1#AK9
FIG4	XM_065401050.1#FIG4
GPR6	XM_065401888.1#GPR6
WASF1	XM_065401649.1#WASF1
CDC40	XM_065400731.1#CDC40
METTL24	XM_065402233.1#METTL24
DDO	XM_065402065.1#DDO
SLC22A16	XM_065401416.1#SLC22A16
CDK19	XM_065400782.1#CDK19
AMD1	XM_065400694.1#AMD1
GTF3C6	XM_065400999.1#GTF3C6
RPF2	XM_065400998.1#RPF2
SLC16A10	XM_065401204.1#SLC16A10
MFSD4B	XM_065401382.1#MFSD4B
REV3L	XM_065401417.1#REV3L
TRAF3IP2	XM_065401922.1#TRAF3IP2
FYN	XM_065401551.1#FYN
CCN6	XM_065401838.1#CCN6
TUBE1	XM_065401219.1#TUBE1
LAMA4	XM_065400888.1#LAMA4
MARCKS	XM_065401966.1#MARCKS
HDAC2	XM_065402059.1#HDAC2
HS3ST5	XM_065401739.1#HS3ST5
LOC135876218	XM_065401418.1#LOC135876218
FRK	XM_065401419.1#FRK
NT5DC1	XM_065402104.1#NT5DC1
COL10A1	XM_065401591.1#COL10A1
DSE	XM_065401512.1#DSE
LOC135876724	XM_065402048.1#LOC135876724
LOC135876680	XM_065401968.1#LOC135876680
LOC135876367	XM_065401554.1#LOC135876367
TRAPPC3L	XM_065401557.1#TRAPPC3L
TRAPPC3L	XM_065401556.1#TRAPPC3L
LOC135876368	XM_065401555.1#LOC135876368
RWDD1	XM_065400547.1#RWDD1
LOC135876221	XM_065401420.1#LOC135876221
LOC135876547	XM_065401809.1#LOC135876547
LOC135876776	XM_065402114.1#LOC135876776
LOC135876742	XM_065402072.1#LOC135876742
LOC135876797	XM_065402136.1#LOC135876797
LOC135876798	XM_065402137.1#LOC135876798
DHRS1	XM_065401646.1#DHRS1
ZUP1	XM_065400891.1#ZUP1
KPNA5	XM_065400344.1#KPNA5
FAM162B	XM_065402209.1#FAM162B
GPRC6A	XM_065402054.1#GPRC6A
RFX6	XM_065401907.1#RFX6
VGLL2	XM_065402084.1#VGLL2
VGLL2	XM_065402086.1#VGLL2
ROS1	XM_065401421.1#ROS1
DCBLD1	XM_065401423.1#DCBLD1
GOPC	XM_065401892.1#GOPC
GOPC	XM_065401893.1#GOPC
LOC135875576	XM_065400501.1#LOC135875576
NUS1	XM_065401818.1#NUS1
SLC35F1	XM_065401726.1#SLC35F1
CEP85L	XM_065401924.1#CEP85L
PLN	XM_065400381.1#PLN
MCM9	XM_065401614.1#MCM9
ASF1A	XM_065401819.1#ASF1A
FAM184A	XM_065401662.1#FAM184A
FAM184A	XM_065401664.1#FAM184A
FAM184A	XM_065401663.1#FAM184A
MAN1A1	XM_065400578.1#MAN1A1
MAN1A1	XM_065400579.1#MAN1A1
TBC1D32	XM_065401287.1#TBC1D32
GJA1	XM_065400898.1#GJA1
HSF2	XM_065400589.1#HSF2
SERINC1	XM_065400599.1#SERINC1
PKIB	XM_065400590.1#PKIB
FABP7	XM_065400921.1#FABP7
SMPDL3A	XM_065401931.1#SMPDL3A
LOC135875585	XM_065400514.1#LOC135875585
CLVS2	XM_065402133.1#CLVS2
TRDN	XM_065401998.1#TRDN
NKAIN2	XM_065401380.1#NKAIN2
RNF217	XM_065402208.1#RNF217
LOC135876114	XM_065401295.1#LOC135876114
TPD52L1	XM_065401366.1#TPD52L1
HDDC2	XM_065401559.1#HDDC2
HEY2	XM_065401579.1#HEY2
NCOA7	XM_065400740.1#NCOA7
NCOA7	XM_065400741.1#NCOA7
HINT3	XM_065401875.1#HINT3
TRMT11	XM_065400953.1#TRMT11
TRMT11	XM_065400958.1#TRMT11
TRMT11	XM_065400959.1#TRMT11
TRMT11	XM_065400955.1#TRMT11
TRMT11	XM_065400956.1#TRMT11
TRMT11	XM_065400957.1#TRMT11
CENPW	XM_065402073.1#CENPW
RSPO3	XM_065401868.1#RSPO3
RNF146	XM_065400799.1#RNF146
ECHDC1	XM_065401895.1#ECHDC1
KIAA0408	XM_065401424.1#KIAA0408
MTCL3	XM_065401425.1#MTCL3
C3H6orf58	XM_065401563.1#C3H6orf58
THEMIS	XM_065401562.1#THEMIS
PTPRK	XM_065401786.1#PTPRK
LOC135876229	XM_065401427.1#LOC135876229
LAMA2	XM_065401428.1#LAMA2
ARHGAP18	XM_065401135.1#ARHGAP18
TMEM244	XM_065401429.1#TMEM244
L3MBTL3	XM_065400933.1#L3MBTL3
SAMD3	XM_065401934.1#SAMD3
TMEM200A	XM_065400329.1#TMEM200A
LOC135876232	XM_065401431.1#LOC135876232
EPB41L2	XM_065400935.1#EPB41L2
AKAP7	XM_065401184.1#AKAP7
MSH5	XM_065402063.1#MSH5
ARG1	XM_065401107.1#ARG1
LOC135875876	XM_065400938.1#LOC135875876
LOC135875876	XM_065400937.1#LOC135875876
LOC135875485	XM_065400331.1#LOC135875485
LOC135875485	XM_065400332.1#LOC135875485
LOC135875485	XM_065400336.1#LOC135875485
LOC135875485	XM_065400337.1#LOC135875485
LOC135875485	XM_065400334.1#LOC135875485
LOC135875485	XM_065400333.1#LOC135875485
LOC135875485	XM_065400335.1#LOC135875485
ENPP3	XM_065402090.1#ENPP3
ENPP1	XM_065400339.1#ENPP1
CCN2	XM_065401143.1#CCN2
MOXD1	XM_065401999.1#MOXD1
STX7	XM_065401035.1#STX7
LOC135876331	XM_065401509.1#LOC135876331
LOC135876082	XM_065401242.1#LOC135876082
LOC135876061	XM_065401205.1#LOC135876061
LOC135875667	XM_065400619.1#LOC135875667
LOC135876102	XM_065401282.1#LOC135876102
TAAR5	XM_065401070.1#TAAR5
LOC135875763	XM_065400760.1#LOC135875763
LOC135875476	XM_065400320.1#LOC135875476
LOC135875852	XM_065400909.1#LOC135875852
LOC135876234	XM_065401432.1#LOC135876234
LOC135875844	XM_065400897.1#LOC135875844
LOC135875817	XM_065400850.1#LOC135875817
LOC135875784	XM_065400795.1#LOC135875784
LOC135876602	XM_065401873.1#LOC135876602
LOC135876602	XM_065401872.1#LOC135876602
LOC135876597	XM_065401865.1#LOC135876597
LOC135876597	XM_065401864.1#LOC135876597
RPS12	XM_065400556.1#RPS12
LOC135876236	XM_065401433.1#LOC135876236
EYA4	XM_065400311.1#EYA4
EYA4	XM_065400312.1#EYA4
EYA4	XM_065400313.1#EYA4
EYA4	XM_065400314.1#EYA4
EYA4	XM_065400316.1#EYA4
TCF21	XM_065401950.1#TCF21
TBPL1	XM_065400992.1#TBPL1
SLC2A12	XM_065401911.1#SLC2A12
SGK1	XM_065401853.1#SGK1
ALDH8A1	XM_065402177.1#ALDH8A1
ALDH8A1	XM_065402178.1#ALDH8A1
ALDH8A1	XM_065402176.1#ALDH8A1
HBS1L	XM_065402173.1#HBS1L
HBS1L	XM_065402175.1#HBS1L
HBS1L	XM_065402174.1#HBS1L
MYB	XM_065400794.1#MYB
MYB	XM_065400786.1#MYB
MYB	XM_065400792.1#MYB
MYB	XM_065400788.1#MYB
MYB	XM_065400793.1#MYB
MYB	XM_065400787.1#MYB
MYB	XM_065400790.1#MYB
MYB	XM_065400791.1#MYB
AHI1	XM_065401145.1#AHI1
PDE7B	XM_065401825.1#PDE7B
MTFR2	XM_065402168.1#MTFR2
BCLAF1	XM_065400715.1#BCLAF1
BCLAF1	XM_065400716.1#BCLAF1
BCLAF1	XM_065400714.1#BCLAF1
LOC135875518	XM_065400386.1#LOC135875518
MAP7	XM_065401434.1#MAP7
MAP3K5	XM_065400534.1#MAP3K5
PEX7	XM_065401142.1#PEX7
SLC35D3	XM_065402283.1#SLC35D3
IL20RA	XM_065401885.1#IL20RA
IL22RA2	XM_065402242.1#IL22RA2
IFNGR1	XM_065401845.1#IFNGR1
OLIG3	XM_065401967.1#OLIG3
TNFAIP3	XM_065401379.1#TNFAIP3
LOC135876671	XM_065401953.1#LOC135876671
LOC135876673	XM_065401955.1#LOC135876673
ARFGEF3	XM_065401811.1#ARFGEF3
SMIM28	XM_065400475.1#SMIM28
HEBP2	XM_065402159.1#HEBP2
HEBP2	XM_065402157.1#HEBP2
NHSL1	XM_065401109.1#NHSL1
CCDC28A	XM_065400846.1#CCDC28A
ECT2L	XM_065402083.1#ECT2L
REPS1	XM_065400385.1#REPS1
REPS1	XM_065400384.1#REPS1
REPS1	XM_065400383.1#REPS1
REPS1	XM_065400382.1#REPS1
ABRACL	XM_065401575.1#ABRACL
ABRACL	XM_065401574.1#ABRACL
HECA	XM_065400982.1#HECA
TXLNB	XM_065400981.1#TXLNB
CITED2	XM_065401138.1#CITED2
NMBR	XM_065401906.1#NMBR
GJE1	XM_065401435.1#GJE1
VTA1	XM_065400719.1#VTA1
VTA1	XM_065400720.1#VTA1
ADGRG6	XM_065401180.1#ADGRG6
HIVEP2	XM_065400630.1#HIVEP2
AIG1	XM_065400696.1#AIG1
AIG1	XM_065400701.1#AIG1
AIG1	XM_065400698.1#AIG1
AIG1	XM_065400700.1#AIG1
ADAT2	XM_065401596.1#ADAT2
PEX3	XM_065401095.1#PEX3
FUCA2	XM_065401436.1#FUCA2
PHACTR2	XM_065401437.1#PHACTR2
LTV1	XM_065401643.1#LTV1
ZC2HC1B	XM_065401439.1#ZC2HC1B
PLAGL1	XM_065401440.1#PLAGL1
SF3B5	XM_065401778.1#SF3B5
STX11	XM_065401349.1#STX11
UTRN	XM_065401441.1#UTRN
EPM2A	XM_065401971.1#EPM2A
FBXO30	XM_065400916.1#FBXO30
SHPRH	XM_065400525.1#SHPRH
GRM1	XM_065400446.1#GRM1
GRM1	XM_065400447.1#GRM1
GRM1	XM_065400448.1#GRM1
RAB32	XM_065401564.1#RAB32
ADGB	XM_065401716.1#ADGB
STXBP5	XM_065400761.1#STXBP5
STXBP5	XM_065400762.1#STXBP5
STXBP5	XM_065400763.1#STXBP5
STXBP5	XM_065400764.1#STXBP5
LOC135876128	XM_065401311.1#LOC135876128
LOC135876128	XM_065401313.1#LOC135876128
LOC135876128	XM_065401314.1#LOC135876128
LOC135876128	XM_065401315.1#LOC135876128
UST	XM_065401894.1#UST
TAB2	XM_065401285.1#TAB2
ZC3H12D	XM_065402050.1#ZC3H12D
PPIL4	XM_065401114.1#PPIL4
GINM1	XM_065400595.1#GINM1
KATNA1	XM_065400593.1#KATNA1
KATNA1	XM_065400594.1#KATNA1
LATS1	XM_065400505.1#LATS1
LATS1	XM_065400504.1#LATS1
NUP43	XM_065400818.1#NUP43
NUP43	XM_065400817.1#NUP43
PCMT1	XM_065402271.1#PCMT1
PCMT1	XM_065402274.1#PCMT1
PCMT1	XM_065402273.1#PCMT1
PCMT1	XM_065402272.1#PCMT1
LRP11	XM_065402269.1#LRP11
PPP1R14C	XM_065402108.1#PPP1R14C
IYD	XM_065401874.1#IYD
PLEKHG1	XM_065401806.1#PLEKHG1
MTHFD1L	XM_065400405.1#MTHFD1L
AKAP12	XM_065401981.1#AKAP12
ZBTB2	XM_065401024.1#ZBTB2
ZBTB2	XM_065401023.1#ZBTB2
RMND1	XM_065401174.1#RMND1
ARMT1	XM_065400848.1#ARMT1
CCDC170	XM_065401936.1#CCDC170
ESR1	XM_065401317.1#ESR1
LOC135875821	XM_065400861.1#LOC135875821
LOC135876245	XM_065401442.1#LOC135876245
MYCT1	XM_065402081.1#MYCT1
VIP	XM_065401443.1#VIP
FBXO5	XM_065402113.1#FBXO5
MTRF1L	XM_065401788.1#MTRF1L
RGS17	XM_065401644.1#RGS17
OPRM1	XM_065400310.1#OPRM1
IPCEF1	XM_065401444.1#IPCEF1
CNKSR3	XM_065401030.1#CNKSR3
SCAF8	XM_065402134.1#SCAF8
TIAM2	XM_065401211.1#TIAM2
TIAM2	XM_065401212.1#TIAM2
TIAM2	XM_065401213.1#TIAM2
TIAM2	XM_065401214.1#TIAM2
TFB1M	XM_065401600.1#TFB1M
CLDN20	XM_065400300.1#CLDN20
NOX3	XM_065401316.1#NOX3
ARID1B	XM_065400297.1#ARID1B
ARID1B	XM_065400298.1#ARID1B
TMEM242	XM_065401791.1#TMEM242
ZDHHC14	XM_065401329.1#ZDHHC14
ZDHHC14	XM_065401330.1#ZDHHC14
SNX9	XM_065401051.1#SNX9
SYNJ2	XM_065400942.1#SYNJ2
SERAC1	XM_065401855.1#SERAC1
GTF2H5	XM_065401185.1#GTF2H5
TULP4	XM_065401692.1#TULP4
TULP4	XM_065401694.1#TULP4
TULP4	XM_065401693.1#TULP4
TMEM181	XM_065401198.1#TMEM181
DYNLT1	XM_065401598.1#DYNLT1
DYNLT1	XM_065401597.1#DYNLT1
SYTL3	XM_065401670.1#SYTL3
EZR	XM_065400427.1#EZR
RSPH3	XM_065401445.1#RSPH3
TAGAP	XM_065401881.1#TAGAP
FNDC1	XM_065401446.1#FNDC1
SOD2	XM_065400410.1#SOD2
WTAP	XM_065400554.1#WTAP
WTAP	XM_065400553.1#WTAP
WTAP	XM_065400555.1#WTAP
ACAT2	XM_065401209.1#ACAT2
TCP1	XM_065400558.1#TCP1
MRPL18	XM_065401245.1#MRPL18
PNLDC1	XM_065401829.1#PNLDC1
IGF2R	XM_065400441.1#IGF2R
LOC135876099	XM_065401277.1#LOC135876099
LOC135876096	XM_065401272.1#LOC135876096
SLC22A3	XM_065401609.1#SLC22A3
LOC135876251	XM_065401447.1#LOC135876251
MAP3K4	XM_065401448.1#MAP3K4
AGPAT4	XM_065401117.1#AGPAT4
PRKN	XM_065400948.1#PRKN
PACRG	XM_065401832.1#PACRG
QKI	XM_065401352.1#QKI
QKI	XM_065401353.1#QKI
QKI	XM_065401354.1#QKI
QKI	XM_065401355.1#QKI
QKI	XM_065401356.1#QKI
QKI	XM_065401361.1#QKI
QKI	XM_065401358.1#QKI
QKI	XM_065401359.1#QKI
QKI	XM_065401360.1#QKI
C3H6orf118	XM_065402250.1#C3H6orf118
PDE10A	XM_065401635.1#PDE10A
TBXT	XM_065401218.1#TBXT
TBXT	XM_065401216.1#TBXT
TBXT	XM_065401215.1#TBXT
PRR18	XM_065400503.1#PRR18
SFT2D1	XM_065400424.1#SFT2D1
SFT2D1	XM_065400419.1#SFT2D1
MPC1	XM_065400392.1#MPC1
MPC1	XM_065400391.1#MPC1
RPS6KA2	XM_065400516.1#RPS6KA2
RPS6KA2	XM_065400517.1#RPS6KA2
RNASET2	XM_065401613.1#RNASET2
LOC135876857	XM_065402217.1#LOC135876857
CEP43	XM_065401586.1#CEP43
CEP43	XM_065401587.1#CEP43
LOC135876853	XM_065402214.1#LOC135876853
LOC135876836	XM_065402190.1#LOC135876836
GPR31	XM_065400408.1#GPR31
TTLL2	XM_065402184.1#TTLL2
UNC93A	XM_065400865.1#UNC93A
UNC93A	XM_065400863.1#UNC93A
AFDN	XM_065400880.1#AFDN
AFDN	XM_065400877.1#AFDN
AFDN	XM_065400878.1#AFDN
AFDN	XM_065400879.1#AFDN
AFDN	XM_065400881.1#AFDN
AFDN	XM_065400883.1#AFDN
AFDN	XM_065400882.1#AFDN
KIF25	XM_065402180.1#KIF25
FRMD1	XM_065401723.1#FRMD1
DACT2	XM_065402182.1#DACT2
LOC135876424	XM_065401628.1#LOC135876424
LOC135876449	XM_065401667.1#LOC135876449
LOC135876159	XM_065401365.1#LOC135876159
LOC135876358	XM_065401543.1#LOC135876358
LOC135876253	XM_065401450.1#LOC135876253
LOC135876339	XM_065401521.1#LOC135876339
LOC135876347	XM_065401530.1#LOC135876347
LOC135876356	XM_065401542.1#LOC135876356
SMOC2	XM_065401531.1#SMOC2
THBS2	XM_065401451.1#THBS2
WDR27	XM_065401452.1#WDR27
C3H6orf120	XM_065401003.1#C3H6orf120
C3H6orf120	XM_065401002.1#C3H6orf120
C3H6orf120	XM_065401006.1#C3H6orf120
C3H6orf120	XM_065401005.1#C3H6orf120
C3H6orf120	XM_065401004.1#C3H6orf120
PHF10	XM_065401001.1#PHF10
PHF10	XM_065401000.1#PHF10
DYNLT2	XM_065402236.1#DYNLT2
ERMARD	XM_065401704.1#ERMARD
DLL1	XM_065401453.1#DLL1
FAM120B	XM_065401454.1#FAM120B
PSMB1	XM_065400892.1#PSMB1
TBP	XM_065400403.1#TBP
PDCD2	XM_065401699.1#PDCD2
GNPAT	XM_065401173.1#GNPAT
C3H1orf131	XM_065401883.1#C3H1orf131
TRIM67	XM_065401017.1#TRIM67
TRIM67	XM_065401015.1#TRIM67
FAM89A	XM_065402224.1#FAM89A
ARV1	XM_065400657.1#ARV1
TTC13	XM_065400656.1#TTC13
C3H1orf198	XM_065401036.1#C3H1orf198
CAPN9	XM_065402172.1#CAPN9
CAPN9	XM_065402171.1#CAPN9
CAPN9	XM_065402170.1#CAPN9
AGT	XM_065402094.1#AGT
COG2	XM_065401164.1#COG2
PGBD5	XM_065402147.1#PGBD5
GALNT2	XM_065400847.1#GALNT2
URB2	XM_065401938.1#URB2
TAF5L	XM_065401812.1#TAF5L
ABCB10	XM_065400450.1#ABCB10
NUP133	XM_065401266.1#NUP133
ACTA1	XM_065401533.1#ACTA1
ACTA1	XM_065401535.1#ACTA1
CCSAP	XM_065401923.1#CCSAP
RAB4A	XM_065400784.1#RAB4A
RAB4A	XM_065400785.1#RAB4A
RHOU	XM_065400875.1#RHOU
EXOC8	XM_065401125.1#EXOC8
SPRTN	XM_065400542.1#SPRTN
SPRTN	XM_065400543.1#SPRTN
EGLN1	XM_065400546.1#EGLN1
TSNAX	XM_065400872.1#TSNAX
DISC1	XM_065401455.1#DISC1
SIPA1L2	XM_065401456.1#SIPA1L2
LOC135876262	XM_065401457.1#LOC135876262
MAP10	XM_065401627.1#MAP10
NTPCR	XM_065400662.1#NTPCR
NTPCR	XM_065400661.1#NTPCR
PCNX2	XM_065401279.1#PCNX2
PCNX2	XM_065401278.1#PCNX2
MAP3K21	XM_065401333.1#MAP3K21
KCNK1	XM_065401871.1#KCNK1
SLC35F3	XM_065401833.1#SLC35F3
LOC135876169	XM_065401375.1#LOC135876169
LOC135876169	XM_065401373.1#LOC135876169
TARBP1	XM_065401541.1#TARBP1
IRF2BP2	XM_065400375.1#IRF2BP2
IRF2BP2	XM_065400374.1#IRF2BP2
TOMM20	XM_065400712.1#TOMM20
RBM34	XM_065401019.1#RBM34
ARID4B	XM_065401912.1#ARID4B
GGPS1	XM_065401918.1#GGPS1
TBCE	XM_065401914.1#TBCE
B3GALNT2	XM_065401917.1#B3GALNT2
B3GALNT2	XM_065401915.1#B3GALNT2
GNG4	XM_065401803.1#GNG4
LYST	XM_065400871.1#LYST
NID1	XM_065401136.1#NID1
GPR137B	XM_065401140.1#GPR137B
ERO1B	XM_065400704.1#ERO1B
EDARADD	XM_065402221.1#EDARADD
LGALS8	XM_065400805.1#LGALS8
LGALS8	XM_065400806.1#LGALS8
HEATR1	XM_065400985.1#HEATR1
ACTN2	XM_065401263.1#ACTN2
ACTN2	XM_065401251.1#ACTN2
ACTN2	XM_065401250.1#ACTN2
ACTN2	XM_065401254.1#ACTN2
ACTN2	XM_065401257.1#ACTN2
ACTN2	XM_065401259.1#ACTN2
ACTN2	XM_065401261.1#ACTN2
ACTN2	XM_065401260.1#ACTN2
ACTN2	XM_065401262.1#ACTN2
ACTN2	XM_065401256.1#ACTN2
ACTN2	XM_065401255.1#ACTN2
ACTN2	XM_065401264.1#ACTN2
MTR	XM_065400849.1#MTR
RYR2	XM_065401458.1#RYR2
CHRM3	XM_065401528.1#CHRM3
FMN2	XM_065401668.1#FMN2
GREM2	XM_065402097.1#GREM2
RGS7	XM_065400366.1#RGS7
RGS7	XM_065400369.1#RGS7
RGS7	XM_065400367.1#RGS7
RGS7	XM_065400368.1#RGS7
RGS7	XM_065400365.1#RGS7
RGS7	XM_065400364.1#RGS7
PIGM	XM_065401610.1#PIGM
OPN3	XM_065401985.1#OPN3
WDR64	XM_065401461.1#WDR64
EXO1	XM_065401652.1#EXO1
MAP1LC3C	XM_065401733.1#MAP1LC3C
LOC135876266	XM_065401462.1#LOC135876266
LOC135876267	XM_065401463.1#LOC135876267
PLD5	XM_065401866.1#PLD5
LOC135876268	XM_065401464.1#LOC135876268
CEP170	XM_065401011.1#CEP170
SDCCAG8	XM_065401267.1#SDCCAG8
AKT3	XM_065400868.1#AKT3
AKT3	XM_065400869.1#AKT3
ZBTB18	XM_065401660.1#ZBTB18
ZBTB18	XM_065401659.1#ZBTB18
SPMIP3	XM_065400774.1#SPMIP3
ADSS2	XM_065400679.1#ADSS2
CATSPERE	XM_065400678.1#CATSPERE
LOC135876269	XM_065401465.1#LOC135876269
DESI2	XM_065401989.1#DESI2
LOC135875898	XM_065400972.1#LOC135875898
HNRNPU	XM_065402151.1#HNRNPU
HNRNPU	XM_065402150.1#HNRNPU
EFCAB2	XM_065401466.1#EFCAB2
KIF26B	XM_065401573.1#KIF26B
SMYD3	XM_065401517.1#SMYD3
TFB2M	XM_065401588.1#TFB2M
CNST	XM_065401038.1#CNST
SCCPDH	XM_065401233.1#SCCPDH
LOC135876272	XM_065401467.1#LOC135876272
AHCTF1	XM_065400919.1#AHCTF1
SRD5A2	XM_065402089.1#SRD5A2
MEMO1	XM_065400842.1#MEMO1
DPY30	XM_065401289.1#DPY30
DPY30	XM_065401290.1#DPY30
SPAST	XM_065400778.1#SPAST
SPAST	XM_065400779.1#SPAST
SLC30A6	XM_065400768.1#SLC30A6
QPCT	XM_065401347.1#QPCT
PRKD3	XM_065400796.1#PRKD3
PRKD3	XM_065400797.1#PRKD3
PRKD3	XM_065400798.1#PRKD3
NDUFAF7	XM_065401342.1#NDUFAF7
CEBPZ	XM_065400432.1#CEBPZ
CEBPZ	XM_065400433.1#CEBPZ
CEBPZ	XM_065400431.1#CEBPZ
CEBPZOS	XM_065400435.1#CEBPZOS
CEBPZOS	XM_065400436.1#CEBPZOS
CEBPZOS	XM_065400440.1#CEBPZOS
CEBPZOS	XM_065400437.1#CEBPZOS
CEBPZOS	XM_065400438.1#CEBPZOS
SULT6B1	XM_065401378.1#SULT6B1
CRIM1	XM_065401910.1#CRIM1
FEZ2	XM_065401113.1#FEZ2
LOC135875586	XM_065400515.1#LOC135875586
LOC135875467	XM_065400305.1#LOC135875467
VIT	XM_065401583.1#VIT
STRN	XM_065400689.1#STRN
HEATR5B	XM_065400371.1#HEATR5B
GPATCH11	XM_065400373.1#GPATCH11
GPATCH11	XM_065400372.1#GPATCH11
EIF2AK2	XM_065401187.1#EIF2AK2
EIF2AK2	XM_065401189.1#EIF2AK2
EIF2AK2	XM_065401191.1#EIF2AK2
EIF2AK2	XM_065401190.1#EIF2AK2
LOC135876101	XM_065401280.1#LOC135876101
LOC135876139	XM_065401335.1#LOC135876139
NANP	XM_065401106.1#NANP
LOC135876459	XM_065401675.1#LOC135876459
RMDN2	XM_065401469.1#RMDN2
CDC42EP3	XM_065401905.1#CDC42EP3
YIPF4	XM_065400800.1#YIPF4
YIPF4	XM_065400801.1#YIPF4
BIRC6	XM_065402120.1#BIRC6
TTC27	XM_065401810.1#TTC27
LTBP1	XM_065401641.1#LTBP1
RASGRP3	XM_065401470.1#RASGRP3
FAM98A	XM_065401207.1#FAM98A
ZNF318	XM_065401044.1#ZNF318
ABCC10	XM_065400461.1#ABCC10
DLK2	XM_065402046.1#DLK2
TJAP1	XM_065401886.1#TJAP1
LRRC73	XM_065402103.1#LRRC73
YIPF3	XM_065400862.1#YIPF3
POLR1C	XM_065400646.1#POLR1C
XPO5	XM_065400750.1#XPO5
XPO5	XM_065400749.1#XPO5
POLH	XM_065401210.1#POLH
GTPBP2	XM_065400867.1#GTPBP2
MAD2L1BP	XM_065401856.1#MAD2L1BP
LOC135875626	XM_065400574.1#LOC135875626
RSPH9	XM_065402110.1#RSPH9
RSPH9	XM_065402111.1#RSPH9
MRPS18A	XM_065401192.1#MRPS18A
VEGFA	XM_065400770.1#VEGFA
VEGFA	XM_065400771.1#VEGFA
VEGFA	XM_065400772.1#VEGFA
MRPL14	XM_065401537.1#MRPL14
TMEM63B	XM_065401639.1#TMEM63B
CAPN11	XM_065401072.1#CAPN11
LOC135876276	XM_065401471.1#LOC135876276
SLC29A1	XM_065400361.1#SLC29A1
HSP90AB1	XM_065401878.1#HSP90AB1
SLC35B2	XM_065401239.1#SLC35B2
SLC35B2	XM_065401238.1#SLC35B2
NFKBIE	XM_065402015.1#NFKBIE
TMEM151B	XM_065401472.1#TMEM151B
TCTE1	XM_065402080.1#TCTE1
AARS2	XM_065401042.1#AARS2
RNF8	XM_065401836.1#RNF8
CMTR1	XM_065400769.1#CMTR1
CCDC167	XM_065401568.1#CCDC167
CCDC167	XM_065401567.1#CCDC167
MDGA1	XM_065401807.1#MDGA1
ZFAND3	XM_065400535.1#ZFAND3
ZFAND3	XM_065400536.1#ZFAND3
BTBD9	XM_065401988.1#BTBD9
GLO1	XM_065400767.1#GLO1
GLO1	XM_065400766.1#GLO1
DNAH8	XM_065401473.1#DNAH8
GLP1R	XM_065401474.1#GLP1R
SAYSD1	XM_065400296.1#SAYSD1
KCNK5	XM_065402052.1#KCNK5
KCNK17	XM_065401589.1#KCNK17
KCNK16	XM_065401590.1#KCNK16
KIF6	XM_065401377.1#KIF6
DAAM2	XM_065401898.1#DAAM2
DAAM2	XM_065401899.1#DAAM2
DAAM2	XM_065401900.1#DAAM2
MOCS1	XM_065401901.1#MOCS1
MOCS1	XM_065401904.1#MOCS1
MOCS1	XM_065401903.1#MOCS1
LRFN2	XM_065401671.1#LRFN2
SUPT7L	XM_065400710.1#SUPT7L
SLC4A1AP	XM_065400980.1#SLC4A1AP
LOC135875505	XM_065400362.1#LOC135875505
MRPL33	XM_065401298.1#MRPL33
RBKS	XM_065401790.1#RBKS
BABAM2	XM_065400929.1#BABAM2
BABAM2	XM_065400928.1#BABAM2
FOSL2	XM_065401835.1#FOSL2
PPP1CB	XM_065401599.1#PPP1CB
SPDYA	XM_065402095.1#SPDYA
TRMT61B	XM_065401969.1#TRMT61B
WDR43	XM_065401475.1#WDR43
TOGARAM2	XM_065401909.1#TOGARAM2
PCARE	XM_065400352.1#PCARE
CLIP4	XM_065401301.1#CLIP4
ALK	XM_065401476.1#ALK
LOC135876744	XM_065402078.1#LOC135876744
LOC135876744	XM_065402075.1#LOC135876744
LOC135876744	XM_065402077.1#LOC135876744
LOC135876744	XM_065402079.1#LOC135876744
LOC135876744	XM_065402074.1#LOC135876744
LOC135876744	XM_065402076.1#LOC135876744
LOC135876881	XM_065402247.1#LOC135876881
DEGS1	XM_065400995.1#DEGS1
NVL	XM_065400758.1#NVL
NVL	XM_065400757.1#NVL
CNIH4	XM_065401650.1#CNIH4
CNIH4	XM_065401651.1#CNIH4
WDR26	XM_065400445.1#WDR26
CNIH3	XM_065401861.1#CNIH3
CNIH3	XM_065401863.1#CNIH3
DNAH14	XM_065401478.1#DNAH14
LBR	XM_065401942.1#LBR
LBR	XM_065401941.1#LBR
ENAH	XM_065401940.1#ENAH
SRP9	XM_065400781.1#SRP9
EPHX1	XM_065400480.1#EPHX1
TMEM63A	XM_065400430.1#TMEM63A
LOC135876765	XM_065402101.1#LOC135876765
SDE2	XM_065401244.1#SDE2
LOC135876712	XM_065402007.1#LOC135876712
LOC135876712	XM_065402006.1#LOC135876712
ACBD3	XM_065400974.1#ACBD3
MIXL1	XM_065401479.1#MIXL1
LIN9	XM_065400947.1#LIN9
LIN9	XM_065400945.1#LIN9
LIN9	XM_065400944.1#LIN9
LIN9	XM_065400943.1#LIN9
PARP1	XM_065400754.1#PARP1
STUM	XM_065401480.1#STUM
ITPKB	XM_065401611.1#ITPKB
PSEN2	XM_065400400.1#PSEN2
COQ8A	XM_065400684.1#COQ8A
COQ8A	XM_065400685.1#COQ8A
CDC42BPA	XM_065400287.1#CDC42BPA
CDC42BPA	XM_065400286.1#CDC42BPA
CDC42BPA	XM_065400285.1#CDC42BPA
CDC42BPA	XM_065400284.1#CDC42BPA
XDH	XM_065400548.1#XDH
EHD3	XM_065401049.1#EHD3
CAPN14	XM_065402109.1#CAPN14
GALNT14	XM_065401302.1#GALNT14
CAPN13	XM_065401481.1#CAPN13
LCLAT1	XM_065401896.1#LCLAT1
LBH	XM_065401099.1#LBH
LOC135876463	XM_065401680.1#LOC135876463
YPEL5	XM_065400463.1#YPEL5
YPEL5	XM_065400471.1#YPEL5
YPEL5	XM_065400473.1#YPEL5
YPEL5	XM_065400470.1#YPEL5
YPEL5	XM_065400469.1#YPEL5
YPEL5	XM_065400468.1#YPEL5
YPEL5	XM_065400466.1#YPEL5
YPEL5	XM_065400464.1#YPEL5
YPEL5	XM_065400467.1#YPEL5
YPEL5	XM_065400462.1#YPEL5
YPEL5	XM_065400474.1#YPEL5
YPEL5	XM_065400472.1#YPEL5
LOC135875497	XM_065400348.1#LOC135875497
LOC135876804	XM_065402143.1#LOC135876804
LOC135876804	XM_065402145.1#LOC135876804
LOC135876804	XM_065402144.1#LOC135876804
LOC135876770	XM_065402105.1#LOC135876770
FBXO28	XM_065401344.1#FBXO28
TP53BP2	XM_065400573.1#TP53BP2
CAPN2	XM_065401351.1#CAPN2
LOC135876118	XM_065401299.1#LOC135876118
SUSD4	XM_065401816.1#SUSD4
TLR5	XM_065401529.1#TLR5
DISP1	XM_065401592.1#DISP1
FAM177B	XM_065400292.1#FAM177B
BROX	XM_065401348.1#BROX
AIDA	XM_065401681.1#AIDA
MIA3	XM_065400939.1#MIA3
TAF1A	XM_065400977.1#TAF1A
HHIPL2	XM_065401780.1#HHIPL2
DUSP10	XM_065401181.1#DUSP10
HLX	XM_065401921.1#HLX
LOC135876043	XM_065401179.1#LOC135876043
PFN3	XM_065400280.1#PFN3
C3H1orf115	XM_065400512.1#C3H1orf115
MARK1	XM_065401712.1#MARK1
MARK1	XM_065401713.1#MARK1
RAB3GAP2	XM_065401104.1#RAB3GAP2
RAB3GAP2	XM_065401105.1#RAB3GAP2
IARS2	XM_065401074.1#IARS2
BPNT1	XM_065401084.1#BPNT1
EPRS1	XM_065400476.1#EPRS1
SLC30A10	XM_065402051.1#SLC30A10
LYPLAL1	XM_065401336.1#LYPLAL1
TGFB2	XM_065400991.1#TGFB2
RRP15	XM_065401560.1#RRP15
LOC135875648	XM_065400603.1#LOC135875648
SPATA17	XM_065401691.1#SPATA17
GPATCH2	XM_065401688.1#GPATCH2
GPATCH2	XM_065401690.1#GPATCH2
ESRRG	XM_065400566.1#ESRRG
ESRRG	XM_065400565.1#ESRRG
ESRRG	XM_065400567.1#ESRRG
USH2A	XM_065401740.1#USH2A
KCTD3	XM_065401482.1#KCTD3
VASH2	XM_065401876.1#VASH2
VASH2	XM_065401877.1#VASH2
ANGEL2	XM_065401086.1#ANGEL2
ANGEL2	XM_065401087.1#ANGEL2
RPS6KC1	XM_065401221.1#RPS6KC1
RPS6KC1	XM_065401222.1#RPS6KC1
RPS6KC1	XM_065401224.1#RPS6KC1
RPS6KC1	XM_065401225.1#RPS6KC1
RPS6KC1	XM_065401223.1#RPS6KC1
PROX1	XM_065401952.1#PROX1
SMYD2	XM_065401645.1#SMYD2
PTPN14	XM_065401516.1#PTPN14
KCNK2	XM_065401332.1#KCNK2
FLVCR1	XM_065401799.1#FLVCR1
LOC135876385	XM_065401578.1#LOC135876385
LOC135875895	XM_065400969.1#LOC135875895
LOC135875895	XM_065400968.1#LOC135875895
LOC135875895	XM_065400967.1#LOC135875895
NSL1	XM_065401021.1#NSL1
BATF3	XM_065402128.1#BATF3
ATF3	XM_065401826.1#ATF3
NENF	XM_065401522.1#NENF
PACC1	XM_065400307.1#PACC1
PACC1	XM_065400308.1#PACC1
PACC1	XM_065400309.1#PACC1
PPP2R5A	XM_065400306.1#PPP2R5A
DTL	XM_065401619.1#DTL
INTS7	XM_065400638.1#INTS7
INTS7	XM_065400637.1#INTS7
INTS7	XM_065400639.1#INTS7
INTS7	XM_065400640.1#INTS7
LPGAT1	XM_065401725.1#LPGAT1
NEK2	XM_065401813.1#NEK2
NEK2	XM_065401814.1#NEK2
NEK2	XM_065401815.1#NEK2
SLC30A1	XM_065401029.1#SLC30A1
RD3	XM_065400318.1#RD3
LOC135875916	XM_065400994.1#LOC135875916
TRAF5	XM_065401880.1#TRAF5
RCOR3	XM_065402198.1#RCOR3
RCOR3	XM_065402200.1#RCOR3
RCOR3	XM_065402199.1#RCOR3
RCOR3	XM_065402201.1#RCOR3
RCOR3	XM_065402202.1#RCOR3
RCOR3	XM_065402203.1#RCOR3
RCOR3	XM_065402204.1#RCOR3
KCNH1	XM_065401041.1#KCNH1
HHAT	XM_065401658.1#HHAT
HHAT	XM_065401657.1#HHAT
HHAT	XM_065401656.1#HHAT
HHAT	XM_065401655.1#HHAT
SERTAD4	XM_065400289.1#SERTAD4
SYT14	XM_065400833.1#SYT14
SYT14	XM_065400832.1#SYT14
SYT14	XM_065400831.1#SYT14
UTP25	XM_065401318.1#UTP25
MRPS10	XM_065401150.1#MRPS10
TRERF1	XM_065400608.1#TRERF1
UBR2	XM_065400322.1#UBR2
PRPH2	XM_065401993.1#PRPH2
TBCC	XM_065400629.1#TBCC
BICRAL	XM_065401052.1#BICRAL
PKDCC	XM_065401884.1#PKDCC
EML4	XM_065402276.1#EML4
LOC135875738	XM_065400721.1#LOC135875738
LOC135875738	XM_065400722.1#LOC135875738
KCNG3	XM_065402154.1#KCNG3
KCNG3	XM_065402153.1#KCNG3
MTA3	XM_065400884.1#MTA3
OXER1	XM_065400506.1#OXER1
HAAO	XM_065401674.1#HAAO
ZFP36L2	XM_065400577.1#ZFP36L2
THADA	XM_065400810.1#THADA
PLEKHH2	XM_065401584.1#PLEKHH2
DYNC2LI1	XM_065401633.1#DYNC2LI1
DYNC2LI1	XM_065401632.1#DYNC2LI1
ABCG5	XM_065402215.1#ABCG5
ABCG8	XM_065401722.1#ABCG8
LRPPRC	XM_065401034.1#LRPPRC
PPM1B	XM_065400429.1#PPM1B
PPM1B	XM_065400428.1#PPM1B
SLC3A1	XM_065401552.1#SLC3A1
PREPL	XM_065401801.1#PREPL
CAMKMT	XM_065401271.1#CAMKMT
SIX3	XM_065401539.1#SIX3
SIX3	XM_065401540.1#SIX3
SIX2	XM_065401638.1#SIX2
SIX2	XM_065401637.1#SIX2
SRBD1	XM_065401220.1#SRBD1
PRKCE	XM_065400343.1#PRKCE
EPAS1	XM_065401544.1#EPAS1
EPAS1	XM_065401545.1#EPAS1
TMEM247	XM_065400561.1#TMEM247
RHOQ	XM_065402194.1#RHOQ
RHOQ	XM_065402195.1#RHOQ
PIGF	XM_065402193.1#PIGF
CRIPT	XM_065402196.1#CRIPT
LOC135876462	XM_065401679.1#LOC135876462
SOCS5	XM_065401794.1#SOCS5
MCFD2	XM_065400747.1#MCFD2
TTC7A	XM_065400900.1#TTC7A
TTC7A	XM_065400899.1#TTC7A
STPG4	XM_065400317.1#STPG4
CALM2	XM_065400393.1#CALM2
EPCAM	XM_065401669.1#EPCAM
MSH2	XM_065400327.1#MSH2
MSH2	XM_065400328.1#MSH2
KCNK12	XM_065402229.1#KCNK12
SPTBN1	XM_065401235.1#SPTBN1
SPTBN1	XM_065401236.1#SPTBN1
C3H2orf73	XM_065402146.1#C3H2orf73
ACYP2	XM_065401860.1#ACYP2
PSME4	XM_065400759.1#PSME4
GPR75	XM_065402139.1#GPR75
ERLEC1	XM_065401028.1#ERLEC1
ASB3	XM_065401193.1#ASB3
CHAC2	XM_065401194.1#CHAC2
NRXN1	XM_065401750.1#NRXN1
NRXN1	XM_065401752.1#NRXN1
NRXN1	XM_065401753.1#NRXN1
NRXN1	XM_065401755.1#NRXN1
NRXN1	XM_065401766.1#NRXN1
NRXN1	XM_065401759.1#NRXN1
NRXN1	XM_065401758.1#NRXN1
NRXN1	XM_065401761.1#NRXN1
NRXN1	XM_065401767.1#NRXN1
NRXN1	XM_065401756.1#NRXN1
NRXN1	XM_065401757.1#NRXN1
NRXN1	XM_065401762.1#NRXN1
NRXN1	XM_065401754.1#NRXN1
NRXN1	XM_065401769.1#NRXN1
NRXN1	XM_065401765.1#NRXN1
NRXN1	XM_065401768.1#NRXN1
NRXN1	XM_065401770.1#NRXN1
NRXN1	XM_065401771.1#NRXN1
NRXN1	XM_065401773.1#NRXN1
NRXN1	XM_065401774.1#NRXN1
NRXN1	XM_065401775.1#NRXN1
FSHR	XM_065400920.1#FSHR
GTF2A1L	XM_065401527.1#GTF2A1L
STON1	XM_065401525.1#STON1
PPP1R21	XM_065400986.1#PPP1R21
FOXN2	XM_065401996.1#FOXN2
FBXO11	XM_065400459.1#FBXO11
FBXO11	XM_065400460.1#FBXO11
MSH6	XM_065400452.1#MSH6
EML6	XM_065401031.1#EML6
EML6	XM_065401032.1#EML6
RTN4	XM_065402226.1#RTN4
RTN4	XM_065402228.1#RTN4
RTN4	XM_065402227.1#RTN4
CLHC1	XM_065400893.1#CLHC1
RPS27A	XM_065400742.1#RPS27A
RPS27A	XM_065400743.1#RPS27A
MTIF2	XM_065401319.1#MTIF2
CCDC88A	XM_065400912.1#CCDC88A
CCDC88A	XM_065400913.1#CCDC88A
CCDC88A	XM_065400911.1#CCDC88A
CFAP36	XM_065400889.1#CFAP36
PPP4R3B	XM_065402235.1#PPP4R3B
PPP4R3B	XM_065402234.1#PPP4R3B
PNPT1	XM_065400983.1#PNPT1
EFEMP1	XM_065401550.1#EFEMP1
CCDC85A	XM_065401841.1#CCDC85A
CCDC85A	XM_065401842.1#CCDC85A
CCDC85A	XM_065401844.1#CCDC85A
VRK2	XM_065400521.1#VRK2
FANCL	XM_065400522.1#FANCL
BCL11A	XM_065400990.1#BCL11A
BCL11A	XM_065400989.1#BCL11A
PAPOLG	XM_065401489.1#PAPOLG
REL	XM_065401490.1#REL
PUS10	XM_065401524.1#PUS10
PEX13	XM_065401146.1#PEX13
SANBR	XM_065401743.1#SANBR
LOC135876312	XM_065401491.1#LOC135876312
LOC135876619	XM_065401891.1#LOC135876619
USP34	XM_065400557.1#USP34
XPO1	XM_065400809.1#XPO1
FAM161A	XM_065401928.1#FAM161A
CCT4	XM_065400388.1#CCT4
SNRPB2	XM_065400930.1#SNRPB2
SNRPB2	XM_065400931.1#SNRPB2
OTOR	XM_065400351.1#OTOR
PCSK2	XM_065401063.1#PCSK2
PCSK2	XM_065401064.1#PCSK2
BFSP1	XM_065401986.1#BFSP1
PROKR1	XM_065402222.1#PROKR1
APLF	XM_065401553.1#APLF
FBXO48	XM_065401621.1#FBXO48
LOC135875582	XM_065400508.1#LOC135875582
LOC135875582	XM_065400510.1#LOC135875582
LOC135875582	XM_065400511.1#LOC135875582
LOC135875582	XM_065400509.1#LOC135875582
PLEK	XM_065401237.1#PLEK
CNRIP1	XM_065402207.1#CNRIP1
PPP3R1	XM_065400666.1#PPP3R1
PNO1	XM_065401062.1#PNO1
DNAAF10	XM_065400663.1#DNAAF10
C1D	XM_065400443.1#C1D
C1D	XM_065400442.1#C1D
C1D	XM_065400444.1#C1D
ETAA1	XM_065401997.1#ETAA1
MEIS1	XM_065402245.1#MEIS1
SPRED2	XM_065401492.1#SPRED2
ACTR2	XM_065401701.1#ACTR2
RAB1A	XM_065402268.1#RAB1A
CEP68	XM_065402142.1#CEP68
SLC1A4	XM_065402244.1#SLC1A4
SERTAD2	XM_065401607.1#SERTAD2
AFTPH	XM_065400379.1#AFTPH
AFTPH	XM_065400377.1#AFTPH
LGALSL	XM_065401848.1#LGALSL
PELI1	XM_065401549.1#PELI1
VPS54	XM_065401133.1#VPS54
VPS54	XM_065401134.1#VPS54
UGP2	XM_065401548.1#UGP2
MDH1	XM_065400642.1#MDH1
MDH1	XM_065400644.1#MDH1
MDH1	XM_065400645.1#MDH1
MDH1	XM_065400643.1#MDH1
WDPCP	XM_065402010.1#WDPCP
OTX1	XM_065401486.1#OTX1
OTX1	XM_065401483.1#OTX1
EHBP1	XM_065400845.1#EHBP1
TMEM17	XM_065402155.1#TMEM17
B3GNT2	XM_065401202.1#B3GNT2
COMMD1	XM_065401118.1#COMMD1
COMMD1	XM_065401124.1#COMMD1
KIF16B	XM_065401493.1#KIF16B
MACROD2	XM_065401494.1#MACROD2
FLRT3	XM_065401703.1#FLRT3
SEL1L2	XM_065401852.1#SEL1L2
NDUFAF5	XM_065401162.1#NDUFAF5
ESF1	XM_065401071.1#ESF1
TASP1	XM_065401129.1#TASP1
ISM1	XM_065402106.1#ISM1
SPTLC3	XM_065401821.1#SPTLC3
BTBD3	XM_065401566.1#BTBD3
JAG1	XM_065400941.1#JAG1
SLX4IP	XM_065401711.1#SLX4IP
SLX4IP	XM_065401709.1#SLX4IP
LOC135875865	XM_065400923.1#LOC135875865
LOC135875866	XM_065400925.1#LOC135875866
MKKS	XM_065400922.1#MKKS
SNAP25	XM_065401623.1#SNAP25
SNAP25	XM_065401624.1#SNAP25
ANKEF1	XM_065401887.1#ANKEF1
LOC135875515	XM_065400380.1#LOC135875515
PAK5	XM_065400816.1#PAK5
LAMP5	XM_065402164.1#LAMP5
PLCB4	XM_065400906.1#PLCB4
PLCB4	XM_065400905.1#PLCB4
PLCB4	XM_065400908.1#PLCB4
PLCB4	XM_065400907.1#PLCB4
PLCB1	XM_065400502.1#PLCB1
TMX4	XM_065402163.1#TMX4
HAO1	XM_065401793.1#HAO1
BMP2	XM_065401037.1#BMP2
FERMT1	XM_065401197.1#FERMT1
LRRN4	XM_065400616.1#LRRN4
CRLS1	XM_065400618.1#CRLS1
MCM8	XM_065401496.1#MCM8
TRMT6	XM_065401520.1#TRMT6
CHGB	XM_065401719.1#CHGB
GPCPD1	XM_065401576.1#GPCPD1
NAPB	XM_065401514.1#NAPB
NAPB	XM_065401513.1#NAPB
NAPB	XM_065401515.1#NAPB
GZF1	XM_065401830.1#GZF1
LOC135876640	XM_065401919.1#LOC135876640
LOC135876321	XM_065401497.1#LOC135876321
CD93	XM_065401977.1#CD93
THBD	XM_065402092.1#THBD
SSTR4	XM_065401797.1#SSTR4
LOC135875584	XM_065400513.1#LOC135875584
LOC135876524	XM_065401785.1#LOC135876524
DSTN	XM_065400873.1#DSTN
RRBP1	XM_065401498.1#RRBP1
BANF2	XM_065401744.1#BANF2
SNX5	XM_065400363.1#SNX5
MGME1	XM_065401792.1#MGME1
OVOL2	XM_065401992.1#OVOL2
LOC135875490	XM_065400341.1#LOC135875490
KAT14	XM_065401683.1#KAT14
KAT14	XM_065401686.1#KAT14
KAT14	XM_065401684.1#KAT14
LOC135875633	XM_065400587.1#LOC135875633
DZANK1	XM_065400586.1#DZANK1
POLR3F	XM_065401076.1#POLR3F
RBBP9	XM_065401944.1#RBBP9
SEC23B	XM_065402135.1#SEC23B
DTD1	XM_065401779.1#DTD1
SLC24A3	XM_065401305.1#SLC24A3
RIN2	XM_065401499.1#RIN2
NAA20	XM_065400668.1#NAA20
CRNKL1	XM_065400667.1#CRNKL1
CFAP61	XM_065401500.1#CFAP61
INSM1	XM_065402232.1#INSM1
RALGAPA2	XM_065401648.1#RALGAPA2
KIZ	XM_065401784.1#KIZ
XRN2	XM_065402100.1#XRN2
NKX2-4	XM_065401908.1#NKX2-4
NKX2-2	XM_065402082.1#NKX2-2
PAX1	XM_065401501.1#PAX1
FOXA2	XM_065401460.1#FOXA2
MALL	XM_065402001.1#MALL
MALL	XM_065402000.1#MALL
NPHP1	XM_065401581.1#NPHP1
NPHP1	XM_065401582.1#NPHP1
MTLN	XM_065400518.1#MTLN
LOC135876752	XM_065402088.1#LOC135876752
TMEM178A	XM_065402132.1#TMEM178A
MAP4K3	XM_065400303.1#MAP4K3
MAP4K3	XM_065400301.1#MAP4K3
MAP4K3	XM_065400304.1#MAP4K3
SOS1	XM_065401014.1#SOS1
ARHGEF33	XM_065401504.1#ARHGEF33
MORN2	XM_065401505.1#MORN2
DHX57	XM_065401093.1#DHX57
TTBK1	XM_065401734.1#TTBK1
LOC135875868	XM_065400927.1#LOC135875868
SRF	XM_065401777.1#SRF
PTK7	XM_065401506.1#PTK7
LOC135875893	XM_065400964.1#LOC135875893
LOC135875893	XM_065400963.1#LOC135875893
KLC4	XM_065401947.1#KLC4
KLC4	XM_065401946.1#KLC4
MRPL2	XM_065400918.1#MRPL2
CUL7	XM_065401297.1#CUL7
LOC135876029	XM_065401153.1#LOC135876029
LOC135876844	XM_065402206.1#LOC135876844
RRP36	XM_065400478.1#RRP36
LOC135875491	XM_065400342.1#LOC135875491
KLHDC3	XM_065400477.1#KLHDC3
MEA1	XM_065402070.1#MEA1
PPP2R5D	XM_065402066.1#PPP2R5D
PPP2R5D	XM_065402068.1#PPP2R5D
PEX6	XM_065401507.1#PEX6
GNMT	XM_065401066.1#GNMT
GNMT	XM_065401065.1#GNMT
CNPY3	XM_065401067.1#CNPY3
PTCRA	XM_065402140.1#PTCRA
POLR1B	XM_065400804.1#POLR1B
POLR1B	XM_065400802.1#POLR1B
TTL	XM_065401090.1#TTL
ZC3H6	XM_065400692.1#ZC3H6
FBLN7	XM_065402017.1#FBLN7
MERTK	XM_065401508.1#MERTK
ANAPC1	XM_065400993.1#ANAPC1
BCL2L11	XM_065401839.1#BCL2L11
BUB1	XM_065401698.1#BUB1
SYNDIG1	XM_065402127.1#SYNDIG1
CST7	XM_065402165.1#CST7
APMAP	XM_065401523.1#APMAP
ACSS1	XM_065400819.1#ACSS1
VSX1	XM_065401994.1#VSX1
ENTPD6	XM_065400961.1#ENTPD6
PYGB	XM_065402259.1#PYGB
PYGB	XM_065402260.1#PYGB
PYGB	XM_065402261.1#PYGB
ABHD12	XM_065402262.1#ABHD12
GINS1	XM_065401283.1#GINS1
NINL	XM_065401782.1#NINL
EIF4A3	XM_065400295.1#EIF4A3
ATL2	XM_065400870.1#ATL2
GALM	XM_065401306.1#GALM
LOC135875609	XM_065400550.1#LOC135875609
GEMIN6	XM_065401367.1#GEMIN6
LOC135875810	XM_065400843.1#LOC135875810
MAL	XM_065402002.1#MAL
MAL	XM_065402003.1#MAL
MAL	XM_065402004.1#MAL
MAL	XM_065402005.1#MAL
MRPS5	XM_065401248.1#MRPS5
SLC8A1	XM_065400495.1#SLC8A1
SLC8A1	XM_065400496.1#SLC8A1
SLC8A1	XM_065400499.1#SLC8A1
SLC8A1	XM_065400482.1#SLC8A1
SLC8A1	XM_065400484.1#SLC8A1
SLC8A1	XM_065400486.1#SLC8A1
SLC8A1	XM_065400491.1#SLC8A1
SLC8A1	XM_065400483.1#SLC8A1
SLC8A1	XM_065400489.1#SLC8A1
SLC8A1	XM_065400497.1#SLC8A1
SLC8A1	XM_065400500.1#SLC8A1
SLC8A1	XM_065400493.1#SLC8A1
SLC8A1	XM_065400485.1#SLC8A1
SLC8A1	XM_065400487.1#SLC8A1
SLC8A1	XM_065400492.1#SLC8A1
SLC8A1	XM_065400488.1#SLC8A1
SLC8A1	XM_065400490.1#SLC8A1
SLC8A1	XM_065400498.1#SLC8A1
THUMPD2	XM_065401371.1#THUMPD2
LOC135894777	XM_065422872.1#LOC135894777
LOC135894779	XM_065422873.1#LOC135894779
LRFN5	XM_065403957.1#LRFN5
C4H14orf28	XM_065403624.1#C4H14orf28
KLHL28	XM_065404304.1#KLHL28
TOGARAM1	XM_065402506.1#TOGARAM1
PRPF39	XM_065403056.1#PRPF39
FKBP3	XM_065403514.1#FKBP3
FANCM	XM_065402508.1#FANCM
LOC135878315	XM_065403944.1#LOC135878315
MIS18BP1	XM_065404400.1#MIS18BP1
LOC135877157	XM_065402509.1#LOC135877157
MDGA2	XM_065403864.1#MDGA2
MDGA2	XM_065403863.1#MDGA2
RPS29	XM_065402357.1#RPS29
LRR1	XM_065403623.1#LRR1
MGAT2	XM_065402456.1#MGAT2
DNAAF2	XM_065403772.1#DNAAF2
POLE2	XM_065403616.1#POLE2
KLHDC1	XM_065404141.1#KLHDC1
KLHDC2	XM_065403227.1#KLHDC2
NEMF	XM_065402698.1#NEMF
ARF6	XM_065402632.1#ARF6
VCPKMT	XM_065403859.1#VCPKMT
SOS2	XM_065402381.1#SOS2
L2HGDH	XM_065403217.1#L2HGDH
DMAC2L	XM_065403219.1#DMAC2L
DMAC2L	XM_065403218.1#DMAC2L
CDKL1	XM_065403935.1#CDKL1
CDKL1	XM_065403934.1#CDKL1
CDKL1	XM_065403933.1#CDKL1
MAP4K5	XM_065404299.1#MAP4K5
ATL1	XM_065403073.1#ATL1
ATL1	XM_065403074.1#ATL1
SAV1	XM_065402928.1#SAV1
NIN	XM_065403007.1#NIN
NIN	XM_065403008.1#NIN
ABHD12B	XM_065402292.1#ABHD12B
PYGL	XM_065404246.1#PYGL
TRIM9	XM_065403238.1#TRIM9
TMX1	XM_065403782.1#TMX1
FRMD6	XM_065403905.1#FRMD6
FRMD6	XM_065403906.1#FRMD6
GNG2	XM_065402965.1#GNG2
GNG2	XM_065402966.1#GNG2
RTRAF	XM_065402610.1#RTRAF
NID2	XM_065403163.1#NID2
PTGDR	XM_065404195.1#PTGDR
PTGER2	XM_065403884.1#PTGER2
TXNDC16	XM_065402319.1#TXNDC16
GPR137C	XM_065402320.1#GPR137C
ERO1A	XM_065402914.1#ERO1A
PSMC6	XM_065402527.1#PSMC6
STYX	XM_065403702.1#STYX
GNPNAT1	XM_065403673.1#GNPNAT1
GNPNAT1	XM_065403672.1#GNPNAT1
FERMT2	XM_065403256.1#FERMT2
FERMT2	XM_065403255.1#FERMT2
DDHD1	XM_065403611.1#DDHD1
BMP4	XM_065403549.1#BMP4
BMP4	XM_065403548.1#BMP4
CDKN3	XM_065404170.1#CDKN3
CNIH1	XM_065402380.1#CNIH1
GMFB	XM_065403602.1#GMFB
CGRRF1	XM_065403139.1#CGRRF1
SAMD4A	XM_065403693.1#SAMD4A
SAMD4A	XM_065403694.1#SAMD4A
GCH1	XM_065403983.1#GCH1
WDHD1	XM_065403762.1#WDHD1
SOCS4	XM_065402960.1#SOCS4
SOCS4	XM_065402961.1#SOCS4
MAPK1IP1L	XM_065403096.1#MAPK1IP1L
LGALS3	XM_065403834.1#LGALS3
DLGAP5	XM_065403095.1#DLGAP5
FBXO34	XM_065403662.1#FBXO34
ATG14	XM_065404072.1#ATG14
TBPL2	XM_065403892.1#TBPL2
KTN1	XM_065402429.1#KTN1
PELI2	XM_065403648.1#PELI2
TMEM260	XM_065403546.1#TMEM260
OTX2	XM_065403688.1#OTX2
EXOC5	XM_065402932.1#EXOC5
AP5M1	XM_065403253.1#AP5M1
NAA30	XM_065402733.1#NAA30
CCDC198	XM_065404278.1#CCDC198
SLC35F4	XM_065404139.1#SLC35F4
SLC35F4	XM_065404138.1#SLC35F4
ARMH4	XM_065404248.1#ARMH4
ACTR10	XM_065402446.1#ACTR10
PSMA3	XM_065402596.1#PSMA3
ARID4A	XM_065402696.1#ARID4A
TOMM20L	XM_065402562.1#TOMM20L
TIMM9	XM_065403541.1#TIMM9
TIMM9	XM_065403537.1#TIMM9
TIMM9	XM_065403539.1#TIMM9
TIMM9	XM_065403540.1#TIMM9
KIAA0586	XM_065402626.1#KIAA0586
DACT1	XM_065404225.1#DACT1
DAAM1	XM_065403022.1#DAAM1
GPR135	XM_065402336.1#GPR135
L3HYPDH	XM_065403918.1#L3HYPDH
JKAMP	XM_065402937.1#JKAMP
JKAMP	XM_065402938.1#JKAMP
JKAMP	XM_065402939.1#JKAMP
JKAMP	XM_065402936.1#JKAMP
CCDC175	XM_065402565.1#CCDC175
RTN1	XM_065403210.1#RTN1
RTN1	XM_065403211.1#RTN1
LRRC9	XM_065404084.1#LRRC9
PCNX4	XM_065403886.1#PCNX4
DHRS7	XM_065403080.1#DHRS7
PPM1A	XM_065402363.1#PPM1A
C4H14orf39	XM_065402569.1#C4H14orf39
SIX6	XM_065403773.1#SIX6
LOC135878125	XM_065403704.1#LOC135878125
LOC135878125	XM_065403703.1#LOC135878125
LOC135877222	XM_065402611.1#LOC135877222
MNAT1	XM_065402612.1#MNAT1
TRMT5	XM_065403656.1#TRMT5
SLC38A6	XM_065403687.1#SLC38A6
PRKCH	XM_065402572.1#PRKCH
HIF1A	XM_065402700.1#HIF1A
HIF1A	XM_065402699.1#HIF1A
SNAPC1	XM_065403971.1#SNAPC1
SYT16	XM_065403898.1#SYT16
KCNH5	XM_065403569.1#KCNH5
RHOJ	XM_065402715.1#RHOJ
GPHB5	XM_065404389.1#GPHB5
PPP2R5E	XM_065404256.1#PPP2R5E
WDR89	XM_065404240.1#WDR89
SGPP1	XM_065404007.1#SGPP1
LOC135877153	XM_065402504.1#LOC135877153
SYNE2	XM_065404096.1#SYNE2
ESR2	XM_065404288.1#ESR2
MTHFD1	XM_065402495.1#MTHFD1
AKAP5	XM_065402306.1#AKAP5
ZBTB25	XM_065404273.1#ZBTB25
ZBTB1	XM_065403808.1#ZBTB1
HSPA2	XM_065404307.1#HSPA2
PPP1R36	XM_065404440.1#PPP1R36
BRF1	XM_065402496.1#BRF1
BRF1	XM_065402497.1#BRF1
BTBD6	XM_065403544.1#BTBD6
NUDT14	XM_065404247.1#NUDT14
JAG2	XM_065402579.1#JAG2
GPR132	XM_065404447.1#GPR132
LOC135878117	XM_065403690.1#LOC135878117
LOC135878603	XM_065404309.1#LOC135878603
CLBA1	XM_065404266.1#CLBA1
LOC135878361	XM_065404002.1#LOC135878361
PLD4	XM_065404019.1#PLD4
CEP170B	XM_065402580.1#CEP170B
ZBTB42	XM_065404234.1#ZBTB42
AKT1	XM_065404502.1#AKT1
SIVA1	XM_065403590.1#SIVA1
ADSS1	XM_065404515.1#ADSS1
INF2	XM_065403741.1#INF2
TMEM179	XM_065404539.1#TMEM179
C4H14orf180	XM_065402943.1#C4H14orf180
KIF26A	XM_065403730.1#KIF26A
ASPG	XM_065404277.1#ASPG
TDRD9	XM_065403724.1#TDRD9
RD3L	XM_065403726.1#RD3L
PPP1R13B	XM_065402337.1#PPP1R13B
ZFYVE21	XM_065403014.1#ZFYVE21
ZFYVE21	XM_065403013.1#ZFYVE21
XRCC3	XM_065404197.1#XRCC3
KLC1	XM_065403899.1#KLC1
LOC135877212	XM_065402597.1#LOC135877212
BAG5	XM_065403717.1#BAG5
BAG5	XM_065403718.1#BAG5
BAG5	XM_065403720.1#BAG5
BAG5	XM_065403719.1#BAG5
TRMT61A	XM_065403785.1#TRMT61A
CKB	XM_065402735.1#CKB
CKB	XM_065402734.1#CKB
MARK3	XM_065404475.1#MARK3
MARK3	XM_065404474.1#MARK3
EIF5	XM_065403728.1#EIF5
LOC135877104	XM_065402453.1#LOC135877104
TNFAIP2	XM_065404118.1#TNFAIP2
EXOC3L4	XM_065402325.1#EXOC3L4
CDC42BPB	XM_065404075.1#CDC42BPB
AMN	XM_065404383.1#AMN
TRAF3	XM_065403711.1#TRAF3
TRAF3	XM_065403715.1#TRAF3
TRAF3	XM_065403713.1#TRAF3
TRAF3	XM_065403712.1#TRAF3
TRAF3	XM_065403714.1#TRAF3
RCOR1	XM_065403744.1#RCOR1
ANKRD9	XM_065402493.1#ANKRD9
ANKRD9	XM_065402494.1#ANKRD9
TECPR2	XM_065404399.1#TECPR2
CINP	XM_065403848.1#CINP
CINP	XM_065403849.1#CINP
CINP	XM_065403847.1#CINP
ZNF839	XM_065403667.1#ZNF839
MOK	XM_065403986.1#MOK
WDR20	XM_065402911.1#WDR20
HSP90AA1	XM_065402317.1#HSP90AA1
LOC135877483	XM_065402924.1#LOC135877483
LOC135877484	XM_065402925.1#LOC135877484
LOC135877485	XM_065402926.1#LOC135877485
LOC135877486	XM_065402927.1#LOC135877486
PPP2R5C	XM_065402392.1#PPP2R5C
PPP2R5C	XM_065402393.1#PPP2R5C
DIO3	XM_065404121.1#DIO3
DLK1	XM_065404098.1#DLK1
BEGAIN	XM_065402613.1#BEGAIN
WDR25	XM_065403740.1#WDR25
WARS1	XM_065403603.1#WARS1
SLC25A47	XM_065404216.1#SLC25A47
SLC25A29	XM_065403627.1#SLC25A29
YY1	XM_065403128.1#YY1
DEGS2	XM_065403981.1#DEGS2
EVL	XM_065403706.1#EVL
EML1	XM_065404518.1#EML1
EML1	XM_065404517.1#EML1
LOC135878536	XM_065404233.1#LOC135878536
LOC135878335	XM_065403969.1#LOC135878335
HHIPL1	XM_065404018.1#HHIPL1
CCDC85C	XM_065404104.1#CCDC85C
CCNK	XM_065402486.1#CCNK
CCNK	XM_065402487.1#CCNK
SETD3	XM_065402573.1#SETD3
BCL11B	XM_065403526.1#BCL11B
BCL11B	XM_065403528.1#BCL11B
BCL11B	XM_065403527.1#BCL11B
BCL11B	XM_065403530.1#BCL11B
VRK1	XM_065403125.1#VRK1
VRK1	XM_065403126.1#VRK1
PAPOLA	XM_065404370.1#PAPOLA
PAPOLA	XM_065404369.1#PAPOLA
AK7	XM_065403897.1#AK7
GSKIP	XM_065402633.1#GSKIP
GSKIP	XM_065402635.1#GSKIP
GSKIP	XM_065402634.1#GSKIP
ATG2B	XM_065404472.1#ATG2B
BDKRB1	XM_065402618.1#BDKRB1
BDKRB2	XM_065404526.1#BDKRB2
C4H14orf132	XM_065402620.1#C4H14orf132
TUNAR	XM_065402686.1#TUNAR
LOC135877236	XM_065402625.1#LOC135877236
GLRX5	XM_065402705.1#GLRX5
SYNE3	XM_065403165.1#SYNE3
CLMN	XM_065404244.1#CLMN
DICER1	XM_065404308.1#DICER1
GSC	XM_065404398.1#GSC
LOC135878488	XM_065404169.1#LOC135878488
LOC135878382	XM_065404033.1#LOC135878382
LOC135878006	XM_065403536.1#LOC135878006
LOC135877285	XM_065402694.1#LOC135877285
LOC135877285	XM_065402695.1#LOC135877285
LOC135877490	XM_065402933.1#LOC135877490
LOC135877275	XM_065402682.1#LOC135877275
SERPINA10	XM_065404371.1#SERPINA10
PPP4R4	XM_065403997.1#PPP4R4
DDX24	XM_065403701.1#DDX24
CCDC197	XM_065402369.1#CCDC197
ASB2	XM_065404292.1#ASB2
FAM181A	XM_065404482.1#FAM181A
PRIMA1	XM_065404456.1#PRIMA1
UNC79	XM_065403675.1#UNC79
UNC79	XM_065403674.1#UNC79
UNC79	XM_065403677.1#UNC79
BTBD7	XM_065403634.1#BTBD7
UBR7	XM_065403183.1#UBR7
LOC135878056	XM_065403619.1#LOC135878056
LYSET	XM_065403154.1#LYSET
ITPK1	XM_065403550.1#ITPK1
ITPK1	XM_065403558.1#ITPK1
CHGA	XM_065404022.1#CHGA
GOLGA5	XM_065403278.1#GOLGA5
LGMN	XM_065402728.1#LGMN
LGMN	XM_065402727.1#LGMN
RIN3	XM_065402629.1#RIN3
LOC135877241	XM_065402630.1#LOC135877241
SLC24A4	XM_065403722.1#SLC24A4
CPSF2	XM_065403736.1#CPSF2
CPSF2	XM_065403734.1#CPSF2
NDUFB1	XM_065403174.1#NDUFB1
ATXN3	XM_065403635.1#ATXN3
ATXN3	XM_065403636.1#ATXN3
ATXN3	XM_065403637.1#ATXN3
ATXN3	XM_065403638.1#ATXN3
TRIP11	XM_065403090.1#TRIP11
FBLN5	XM_065403655.1#FBLN5
TC2N	XM_065404212.1#TC2N
TC2N	XM_065404213.1#TC2N
CATSPERB	XM_065402639.1#CATSPERB
PPP4R3A	XM_065402543.1#PPP4R3A
PPP4R3A	XM_065402547.1#PPP4R3A
PPP4R3A	XM_065402544.1#PPP4R3A
PPP4R3A	XM_065402545.1#PPP4R3A
CCDC88C	XM_065402640.1#CCDC88C
DGLUCY	XM_065402643.1#DGLUCY
RPS6KA5	XM_065404223.1#RPS6KA5
TTC7B	XM_065403071.1#TTC7B
TTC7B	XM_065403072.1#TTC7B
CALM1	XM_065404281.1#CALM1
NRDE2	XM_065403633.1#NRDE2
PSMC1	XM_065404445.1#PSMC1
KCNK13	XM_065404379.1#KCNK13
TDP1	XM_065403143.1#TDP1
EFCAB11	XM_065403533.1#EFCAB11
EFCAB11	XM_065403535.1#EFCAB11
EFCAB11	XM_065403534.1#EFCAB11
EFCAB11	XM_065403531.1#EFCAB11
EFCAB11	XM_065403532.1#EFCAB11
FOXN3	XM_065403643.1#FOXN3
FOXN3	XM_065403644.1#FOXN3
FOXN3	XM_065403645.1#FOXN3
TTC8	XM_065403699.1#TTC8
TTC8	XM_065403698.1#TTC8
TTC8	XM_065403697.1#TTC8
TTC8	XM_065403696.1#TTC8
TTC8	XM_065403695.1#TTC8
EML5	XM_065403925.1#EML5
EML5	XM_065403928.1#EML5
EML5	XM_065403927.1#EML5
EML5	XM_065403926.1#EML5
ZC3H14	XM_065403929.1#ZC3H14
PTPN21	XM_065403679.1#PTPN21
SPATA7	XM_065402654.1#SPATA7
KCNK10	XM_065403942.1#KCNK10
GPR65	XM_065402290.1#GPR65
GALC	XM_065403043.1#GALC
FLRT2	XM_065404045.1#FLRT2
LOC135877727	XM_065403282.1#LOC135877727
LOC135877003	XM_065402321.1#LOC135877003
SEL1L	XM_065403594.1#SEL1L
STON2	XM_065404316.1#STON2
GTF2A1	XM_065404318.1#GTF2A1
GTF2A1	XM_065404317.1#GTF2A1
TSHR	XM_065403505.1#TSHR
CEP128	XM_065403283.1#CEP128
DIO2	XM_065404095.1#DIO2
NRXN3	XM_065404047.1#NRXN3
NRXN3	XM_065404046.1#NRXN3
NRXN3	XM_065404048.1#NRXN3
NRXN3	XM_065404055.1#NRXN3
NRXN3	XM_065404054.1#NRXN3
NRXN3	XM_065404062.1#NRXN3
NRXN3	XM_065404060.1#NRXN3
NRXN3	XM_065404056.1#NRXN3
NRXN3	XM_065404057.1#NRXN3
NRXN3	XM_065404061.1#NRXN3
NRXN3	XM_065404059.1#NRXN3
NRXN3	XM_065404058.1#NRXN3
NRXN3	XM_065404053.1#NRXN3
NRXN3	XM_065404050.1#NRXN3
NRXN3	XM_065404051.1#NRXN3
NRXN3	XM_065404049.1#NRXN3
NRXN3	XM_065404064.1#NRXN3
NRXN3	XM_065404066.1#NRXN3
NRXN3	XM_065404065.1#NRXN3
ADCK1	XM_065404067.1#ADCK1
SNW1	XM_065402827.1#SNW1
SLIRP	XM_065402828.1#SLIRP
ALKBH1	XM_065403097.1#ALKBH1
SPTLC2	XM_065403816.1#SPTLC2
ISM2	XM_065404243.1#ISM2
AHSA1	XM_065403831.1#AHSA1
VIPAS39	XM_065402466.1#VIPAS39
VIPAS39	XM_065402467.1#VIPAS39
NOXRED1	XM_065404286.1#NOXRED1
TMED8	XM_065404354.1#TMED8
GSTZ1	XM_065403879.1#GSTZ1
GSTZ1	XM_065403878.1#GSTZ1
POMT2	XM_065402840.1#POMT2
NGB	XM_065404443.1#NGB
TMEM63C	XM_065403685.1#TMEM63C
ZDHHC22	XM_065404501.1#ZDHHC22
CIPC	XM_065403285.1#CIPC
IRF2BPL	XM_065403591.1#IRF2BPL
LRRC74A	XM_065404347.1#LRRC74A
ANGEL1	XM_065403963.1#ANGEL1
VASH1	XM_065404116.1#VASH1
ESRRB	XM_065402989.1#ESRRB
ESRRB	XM_065402988.1#ESRRB
ESRRB	XM_065402987.1#ESRRB
ESRRB	XM_065402990.1#ESRRB
GPATCH2L	XM_065403865.1#GPATCH2L
IFT43	XM_065404376.1#IFT43
TGFB3	XM_065403801.1#TGFB3
TTLL5	XM_065403286.1#TTLL5
ERG28	XM_065403160.1#ERG28
ERG28	XM_065403162.1#ERG28
ERG28	XM_065403159.1#ERG28
ERG28	XM_065403157.1#ERG28
ERG28	XM_065403161.1#ERG28
FLVCR2	XM_065403156.1#FLVCR2
FLVCR2	XM_065403155.1#FLVCR2
BATF	XM_065404471.1#BATF
JDP2	XM_065404035.1#JDP2
FOS	XM_065403622.1#FOS
TMED10	XM_065402996.1#TMED10
NEK9	XM_065403596.1#NEK9
ZC2HC1C	XM_065404481.1#ZC2HC1C
ACYP1	XM_065403666.1#ACYP1
ACYP1	XM_065403665.1#ACYP1
MLH3	XM_065403632.1#MLH3
EIF2B2	XM_065402968.1#EIF2B2
EIF2B2	XM_065402970.1#EIF2B2
EIF2B2	XM_065402969.1#EIF2B2
PGF	XM_065403287.1#PGF
RPS6KL1	XM_065404222.1#RPS6KL1
DLST	XM_065402431.1#DLST
DLST	XM_065402433.1#DLST
PROX2	XM_065403288.1#PROX2
YLPM1	XM_065402615.1#YLPM1
FCF1	XM_065403222.1#FCF1
AREL1	XM_065403127.1#AREL1
LTBP2	XM_065404166.1#LTBP2
NPC2	XM_065402645.1#NPC2
ISCA2	XM_065403229.1#ISCA2
LOC135877734	XM_065403289.1#LOC135877734
SYNDIG1L	XM_065404374.1#SYNDIG1L
VRTN	XM_065404446.1#VRTN
ABCD4	XM_065403268.1#ABCD4
LOC135877688	XM_065403223.1#LOC135877688
VSX2	XM_065403269.1#VSX2
LIN52	XM_065403258.1#LIN52
LIN52	XM_065403257.1#LIN52
ALDH6A1	XM_065402934.1#ALDH6A1
BBOF1	XM_065404255.1#BBOF1
BBOF1	XM_065404254.1#BBOF1
ENTPD5	XM_065404421.1#ENTPD5
COQ6	XM_065404419.1#COQ6
COQ6	XM_065404420.1#COQ6
COQ6	XM_065404418.1#COQ6
FAM161B	XM_065404189.1#FAM161B
ZNF410	XM_065403030.1#ZNF410
ZNF410	XM_065403029.1#ZNF410
FBXO33	XM_065402704.1#FBXO33
MIA2	XM_065404422.1#MIA2
PNN	XM_065403140.1#PNN
TRAPPC6B	XM_065403868.1#TRAPPC6B
TRAPPC6B	XM_065403867.1#TRAPPC6B
GEMIN2	XM_065403067.1#GEMIN2
GEMIN2	XM_065403066.1#GEMIN2
SEC23A	XM_065402399.1#SEC23A
CLEC14A	XM_065404365.1#CLEC14A
SSTR1	XM_065403955.1#SSTR1
TTC6	XM_065403290.1#TTC6
FOXA1	XM_065403738.1#FOXA1
MIPOL1	XM_065403050.1#MIPOL1
SLC25A21	XM_065403051.1#SLC25A21
PAX9	XM_065403291.1#PAX9
NKX2-8	XM_065404375.1#NKX2-8
NKX2-1	XM_065404137.1#NKX2-1
MBIP	XM_065403978.1#MBIP
BRMS1L	XM_065403640.1#BRMS1L
RALGAPA1	XM_065403818.1#RALGAPA1
RALGAPA1	XM_065403817.1#RALGAPA1
RALGAPA1	XM_065403820.1#RALGAPA1
RALGAPA1	XM_065403819.1#RALGAPA1
RALGAPA1	XM_065403822.1#RALGAPA1
RALGAPA1	XM_065403821.1#RALGAPA1
INSM2	XM_065404320.1#INSM2
NFKBIA	XM_065402660.1#NFKBIA
PSMA6	XM_065402309.1#PSMA6
PSMA6	XM_065402307.1#PSMA6
PSMA6	XM_065402308.1#PSMA6
PRORP	XM_065403178.1#PRORP
PPP2R3C	XM_065403835.1#PPP2R3C
LOC135877161	XM_065402519.1#LOC135877161
LOC135877161	XM_065402518.1#LOC135877161
LOC135878507	XM_065404192.1#LOC135878507
LOC135878507	XM_065404193.1#LOC135878507
BAZ1A	XM_065402920.1#BAZ1A
BAZ1A	XM_065402918.1#BAZ1A
BAZ1A	XM_065402919.1#BAZ1A
CFL2	XM_065403977.1#CFL2
SNX6	XM_065402617.1#SNX6
EAPP	XM_065402703.1#EAPP
SPTSSA	XM_065402981.1#SPTSSA
EGLN3	XM_065403766.1#EGLN3
NPAS3	XM_065403876.1#NPAS3
AKAP6	XM_065404219.1#AKAP6
ARHGAP5	XM_065403798.1#ARHGAP5
NUBPL	XM_065403508.1#NUBPL
NUBPL	XM_065403507.1#NUBPL
NUBPL	XM_065403506.1#NUBPL
DTD2	XM_065404105.1#DTD2
HEATR5A	XM_065402944.1#HEATR5A
HECTD1	XM_065402935.1#HECTD1
AP4S1	XM_065404211.1#AP4S1
STRN3	XM_065404210.1#STRN3
COCH	XM_065404037.1#COCH
SCFD1	XM_065402604.1#SCFD1
G2E3	XM_065403543.1#G2E3
PRKD1	XM_065403098.1#PRKD1
PRKD1	XM_065403099.1#PRKD1
FOXG1	XM_065404146.1#FOXG1
NOVA1	XM_065403960.1#NOVA1
NOVA1	XM_065403962.1#NOVA1
NOVA1	XM_065403961.1#NOVA1
STXBP6	XM_065404232.1#STXBP6
GJD2	XM_065403809.1#GJD2
ACTC1	XM_065402665.1#ACTC1
ACTC1	XM_065402666.1#ACTC1
ACTC1	XM_065402667.1#ACTC1
ACTC1	XM_065402662.1#ACTC1
AQR	XM_065402921.1#AQR
ZNF770	XM_065404032.1#ZNF770
DPH6	XM_065403700.1#DPH6
CDIN1	XM_065403293.1#CDIN1
MEIS2	XM_065404504.1#MEIS2
MEIS2	XM_065404503.1#MEIS2
MEIS2	XM_065404505.1#MEIS2
SPRED1	XM_065403294.1#SPRED1
FAM98B	XM_065403737.1#FAM98B
RASGRP1	XM_065402817.1#RASGRP1
ARHGAP11A	XM_065403777.1#ARHGAP11A
SCG5	XM_065403778.1#SCG5
GREM1	XM_065404289.1#GREM1
GREM1	XM_065404290.1#GREM1
GREM1	XM_065404291.1#GREM1
FMN1	XM_065403678.1#FMN1
RYR3	XM_065402721.1#RYR3
AVEN	XM_065403295.1#AVEN
CHRM5	XM_065403862.1#CHRM5
EMC7	XM_065403588.1#EMC7
KATNBL1	XM_065403783.1#KATNBL1
THBS1	XM_065404251.1#THBS1
FSIP1	XM_065404378.1#FSIP1
GPR176	XM_065404425.1#GPR176
EIF2AK4	XM_065404270.1#EIF2AK4
SRP14	XM_065403213.1#SRP14
LOC135877743	XM_065403296.1#LOC135877743
BMF	XM_065404250.1#BMF
BUB1B	XM_065403723.1#BUB1B
PAK6	XM_065403589.1#PAK6
LOC135878473	XM_065404150.1#LOC135878473
LOC135878564	XM_065404268.1#LOC135878564
PLCB2	XM_065404271.1#PLCB2
INAFM2	XM_065402388.1#INAFM2
DISP2	XM_065404276.1#DISP2
KNSTRN	XM_065403297.1#KNSTRN
IVD	XM_065403791.1#IVD
BAHD1	XM_065404133.1#BAHD1
CHST14	XM_065403721.1#CHST14
LOC135877746	XM_065403298.1#LOC135877746
CCDC32	XM_065404023.1#CCDC32
LOC135877534	XM_065403003.1#LOC135877534
LOC135877534	XM_065403004.1#LOC135877534
LOC135877534	XM_065403001.1#LOC135877534
LOC135877534	XM_065403000.1#LOC135877534
LOC135877534	XM_065403006.1#LOC135877534
LOC135877534	XM_065403005.1#LOC135877534
RPUSD2	XM_065404165.1#RPUSD2
KNL1	XM_065404119.1#KNL1
RAD51	XM_065403151.1#RAD51
RAD51	XM_065403153.1#RAD51
LOC135878179	XM_065403768.1#LOC135878179
RMDN3	XM_065402685.1#RMDN3
GCHFR	XM_065402975.1#GCHFR
DNAJC17	XM_065402972.1#DNAJC17
C4H15orf62	XM_065402974.1#C4H15orf62
ZFYVE19	XM_065403686.1#ZFYVE19
PPP1R14D	XM_065404427.1#PPP1R14D
SPINT1	XM_065404043.1#SPINT1
RHOV	XM_065402998.1#RHOV
VPS18	XM_065403841.1#VPS18
DLL4	XM_065403299.1#DLL4
CHAC1	XM_065403300.1#CHAC1
INO80	XM_065403615.1#INO80
EXD1	XM_065404205.1#EXD1
CHP1	XM_065403065.1#CHP1
OIP5	XM_065402364.1#OIP5
NUSAP1	XM_065404226.1#NUSAP1
NDUFAF1	XM_065403751.1#NDUFAF1
RTF1	XM_065403123.1#RTF1
ITPKA	XM_065404261.1#ITPKA
LTK	XM_065403647.1#LTK
RPAP1	XM_065403187.1#RPAP1
LOC135878731	XM_065404465.1#LOC135878731
TYRO3	XM_065403855.1#TYRO3
MGA	XM_065402659.1#MGA
MAPKBP1	XM_065402294.1#MAPKBP1
LOC135878286	XM_065403903.1#LOC135878286
JMJD7	XM_065402740.1#JMJD7
LOC135878294	XM_065403914.1#LOC135878294
LOC135877749	XM_065403302.1#LOC135877749
SPTBN5	XM_065403795.1#SPTBN5
EHD4	XM_065402295.1#EHD4
LOC135877750	XM_065403303.1#LOC135877750
LOC135877751	XM_065403304.1#LOC135877751
LOC135878147	XM_065403731.1#LOC135878147
LOC135878099	XM_065403668.1#LOC135878099
LOC135877204	XM_065402583.1#LOC135877204
LOC135877752	XM_065403305.1#LOC135877752
LOC135877205	XM_065402585.1#LOC135877205
LOC135878068	XM_065403631.1#LOC135878068
VPS39	XM_065404462.1#VPS39
VPS39	XM_065404463.1#VPS39
TMEM87A	XM_065403105.1#TMEM87A
GANC	XM_065403192.1#GANC
CAPN3	XM_065403985.1#CAPN3
CAPN3	XM_065403984.1#CAPN3
ZNF106	XM_065402945.1#ZNF106
SNAP23	XM_065402608.1#SNAP23
LRRC57	XM_065402607.1#LRRC57
LRRC57	XM_065402605.1#LRRC57
HAUS2	XM_065403794.1#HAUS2
CDAN1	XM_065402756.1#CDAN1
TTBK2	XM_065403081.1#TTBK2
LOC135878596	XM_065404301.1#LOC135878596
UBR1	XM_065404224.1#UBR1
TMEM62	XM_065403839.1#TMEM62
TMEM62	XM_065403840.1#TMEM62
PTGR2	XM_065404024.1#PTGR2
MIDEAS	XM_065403573.1#MIDEAS
DNAL1	XM_065404106.1#DNAL1
LOC135877308	XM_065402725.1#LOC135877308
LOC135877604	XM_065403101.1#LOC135877604
LOC135878192	XM_065403781.1#LOC135878192
HEATR4	XM_065404282.1#HEATR4
RIOX1	XM_065404345.1#RIOX1
NUMB	XM_065403575.1#NUMB
NUMB	XM_065403576.1#NUMB
PAPLN	XM_065403306.1#PAPLN
PSEN1	XM_065403745.1#PSEN1
RBM25	XM_065403574.1#RBM25
ZFYVE1	XM_065404403.1#ZFYVE1
DCAF4	XM_065404405.1#DCAF4
DPF3	XM_065402481.1#DPF3
RGS6	XM_065403307.1#RGS6
SIPA1L1	XM_065403277.1#SIPA1L1
PCNX1	XM_065404495.1#PCNX1
PCNX1	XM_065404494.1#PCNX1
MAP3K9	XM_065403250.1#MAP3K9
TTC9	XM_065404258.1#TTC9
MED6	XM_065402986.1#MED6
LOC135878064	XM_065403626.1#LOC135878064
SYNJ2BP	XM_065403093.1#SYNJ2BP
LOC135877757	XM_065403308.1#LOC135877757
LOC135877596	XM_065403092.1#LOC135877596
SLC8A3	XM_065403137.1#SLC8A3
SLC8A3	XM_065403134.1#SLC8A3
SLC8A3	XM_065403133.1#SLC8A3
SLC8A3	XM_065403132.1#SLC8A3
SLC8A3	XM_065403135.1#SLC8A3
SLC8A3	XM_065403136.1#SLC8A3
SMOC1	XM_065403309.1#SMOC1
SLC10A1	XM_065403311.1#SLC10A1
SRSF5	XM_065402602.1#SRSF5
SRSF5	XM_065402600.1#SRSF5
SRSF5	XM_065402601.1#SRSF5
SRSF5	XM_065402603.1#SRSF5
SUSD6	XM_065402449.1#SUSD6
CCDC177	XM_065402344.1#CCDC177
PLEKHD1	XM_065404298.1#PLEKHD1
SLC39A9	XM_065403068.1#SLC39A9
ERH	XM_065403235.1#ERH
ERH	XM_065403236.1#ERH
GALNT16	XM_065403230.1#GALNT16
EXD2	XM_065404214.1#EXD2
DCAF5	XM_065403680.1#DCAF5
ACTN1	XM_065404027.1#ACTN1
ACTN1	XM_065404029.1#ACTN1
ACTN1	XM_065404030.1#ACTN1
LOC135877245	XM_065402637.1#LOC135877245
LOC135877245	XM_065402638.1#LOC135877245
ZFP36L1	XM_065403100.1#ZFP36L1
RAD51B	XM_065403312.1#RAD51B
TMEM229B	XM_065403561.1#TMEM229B
TMEM229B	XM_065403562.1#TMEM229B
PLEKHH1	XM_065403793.1#PLEKHH1
PIGH	XM_065403025.1#PIGH
PIGH	XM_065403023.1#PIGH
ARG2	XM_065403313.1#ARG2
VTI1B	XM_065402359.1#VTI1B
LOC135877028	XM_065402358.1#LOC135877028
ZFYVE26	XM_065402946.1#ZFYVE26
LOC135877689	XM_065403224.1#LOC135877689
PLEK2	XM_065404386.1#PLEK2
EIF2S1	XM_065403228.1#EIF2S1
ATP6V1D	XM_065402409.1#ATP6V1D
PALS1	XM_065402729.1#PALS1
GARIN2	XM_065403314.1#GARIN2
GPHN	XM_065404477.1#GPHN
GPHN	XM_065404478.1#GPHN
FUT8	XM_065402719.1#FUT8
C1QTNF4	XM_065403315.1#C1QTNF4
FAM180B	XM_065402300.1#FAM180B
NDUFS3	XM_065403497.1#NDUFS3
KBTBD4	XM_065403572.1#KBTBD4
PTPMT1	XM_065403651.1#PTPMT1
CELF1	XM_065403630.1#CELF1
RAPSN	XM_065404235.1#RAPSN
RAPSN	XM_065404236.1#RAPSN
PSMC3	XM_065402353.1#PSMC3
PSMC3	XM_065402354.1#PSMC3
PSMC3	XM_065402352.1#PSMC3
LOC135877025	XM_065402355.1#LOC135877025
SLC39A13	XM_065403110.1#SLC39A13
SPI1	XM_065403729.1#SPI1
MYBPC3	XM_065404411.1#MYBPC3
MADD	XM_065402368.1#MADD
NR1H3	XM_065402687.1#NR1H3
ACP2	XM_065402411.1#ACP2
ACP2	XM_065402412.1#ACP2
ACP2	XM_065402413.1#ACP2
DDB2	XM_065403800.1#DDB2
PACSIN3	XM_065403032.1#PACSIN3
PACSIN3	XM_065403031.1#PACSIN3
ARFGAP2	XM_065402839.1#ARFGAP2
CSTPP1	XM_065402688.1#CSTPP1
LRP4	XM_065402622.1#LRP4
CKAP5	XM_065402314.1#CKAP5
F2	XM_065403771.1#F2
ARHGAP1	XM_065402994.1#ARHGAP1
ARHGAP1	XM_065402995.1#ARHGAP1
ATG13	XM_065402917.1#ATG13
HARBI1	XM_065404036.1#HARBI1
AMBRA1	XM_065402400.1#AMBRA1
AMBRA1	XM_065402401.1#AMBRA1
AMBRA1	XM_065402402.1#AMBRA1
AMBRA1	XM_065402403.1#AMBRA1
AMBRA1	XM_065402404.1#AMBRA1
CHRM4	XM_065404017.1#CHRM4
MDK	XM_065404135.1#MDK
MDK	XM_065404134.1#MDK
DGKZ	XM_065402582.1#DGKZ
DGKZ	XM_065402581.1#DGKZ
CREB3L1	XM_065404107.1#CREB3L1
PHF21A	XM_065403270.1#PHF21A
LARGE2	XM_065403663.1#LARGE2
PEX16	XM_065403639.1#PEX16
MAPK8IP1	XM_065403681.1#MAPK8IP1
CRY2	XM_065404384.1#CRY2
SLC35C1	XM_065403824.1#SLC35C1
SLC35C1	XM_065403823.1#SLC35C1
CHST1	XM_065402296.1#CHST1
LOC135878581	XM_065404285.1#LOC135878581
LOC135877765	XM_065403317.1#LOC135877765
LOC135877766	XM_065403318.1#LOC135877766
LOC135877767	XM_065403319.1#LOC135877767
SYT13	XM_065404359.1#SYT13
SYT13	XM_065404360.1#SYT13
PRDM11	XM_065404120.1#PRDM11
TP53I11	XM_065404147.1#TP53I11
TSPAN18	XM_065404145.1#TSPAN18
CD82	XM_065403117.1#CD82
ALX4	XM_065404093.1#ALX4
EXT2	XM_065403525.1#EXT2
C4H11orf96	XM_065402326.1#C4H11orf96
ALKBH3	XM_065403760.1#ALKBH3
ALKBH3	XM_065403761.1#ALKBH3
HSD17B12	XM_065404110.1#HSD17B12
TTC17	XM_065403195.1#TTC17
TTC17	XM_065403196.1#TTC17
API5	XM_065402349.1#API5
LRRC4C	XM_065404156.1#LRRC4C
IFTAP	XM_065404469.1#IFTAP
RAG2	XM_065404100.1#RAG2
RAG2	XM_065404099.1#RAG2
RAG1	XM_065403320.1#RAG1
TRAF6	XM_065403909.1#TRAF6
PRR5L	XM_065404132.1#PRR5L
COMMD9	XM_065403179.1#COMMD9
COMMD9	XM_065403180.1#COMMD9
LDLRAD3	XM_065403980.1#LDLRAD3
TRIM44	XM_065404181.1#TRIM44
FJX1	XM_065404431.1#FJX1
PAMR1	XM_065403988.1#PAMR1
PAMR1	XM_065403989.1#PAMR1
PAMR1	XM_065403990.1#PAMR1
PAMR1	XM_065403991.1#PAMR1
SLC1A2	XM_065402485.1#SLC1A2
CD44	XM_065403321.1#CD44
PDHX	XM_065403860.1#PDHX
APIP	XM_065403234.1#APIP
EHF	XM_065403913.1#EHF
EHF	XM_065403912.1#EHF
EHF	XM_065403911.1#EHF
ELF5	XM_065403787.1#ELF5
ELF5	XM_065403788.1#ELF5
ELF5	XM_065403789.1#ELF5
CAT	XM_065402836.1#CAT
ABTB2	XM_065403266.1#ABTB2
NAT10	XM_065403028.1#NAT10
CAPRIN1	XM_065402379.1#CAPRIN1
LMO2	XM_065403034.1#LMO2
LMO2	XM_065403035.1#LMO2
FBXO3	XM_065402378.1#FBXO3
LOC135877040	XM_065402372.1#LOC135877040
LOC135877502	XM_065402951.1#LOC135877502
LOC135877502	XM_065402949.1#LOC135877502
LOC135877502	XM_065402950.1#LOC135877502
LOC135877502	XM_065402953.1#LOC135877502
LOC135877570	XM_065403058.1#LOC135877570
LOC135877208	XM_065402588.1#LOC135877208
LOC135877208	XM_065402592.1#LOC135877208
LOC135877208	XM_065402589.1#LOC135877208
LOC135877208	XM_065402590.1#LOC135877208
LOC135877208	XM_065402591.1#LOC135877208
LOC135877208	XM_065402593.1#LOC135877208
SHANK2	XM_065403513.1#SHANK2
CTTN	XM_065403119.1#CTTN
CTTN	XM_065403120.1#CTTN
CTTN	XM_065403118.1#CTTN
PPFIA1	XM_065404451.1#PPFIA1
FADD	XM_065403922.1#FADD
ANO1	XM_065402743.1#ANO1
ANO1	XM_065402742.1#ANO1
ANO1	XM_065402747.1#ANO1
ANO1	XM_065402746.1#ANO1
ANO1	XM_065402745.1#ANO1
ANO1	XM_065402744.1#ANO1
FGF3	XM_065404040.1#FGF3
FGF4	XM_065404346.1#FGF4
FGF19	XM_065404413.1#FGF19
LTO1	XM_065402616.1#LTO1
CCND1	XM_065403689.1#CCND1
TPCN2	XM_065403883.1#TPCN2
NADSYN1	XM_065403902.1#NADSYN1
DHCR7	XM_065403930.1#DHCR7
ZDHHC13	XM_065402707.1#ZDHHC13
CSRP3	XM_065403748.1#CSRP3
E2F8	XM_065404196.1#E2F8
NAV2	XM_065404227.1#NAV2
NAV2	XM_065404228.1#NAV2
NAV2	XM_065404229.1#NAV2
DBX1	XM_065404500.1#DBX1
HTATIP2	XM_065404103.1#HTATIP2
PRMT3	XM_065403650.1#PRMT3
SLC6A5	XM_065404387.1#SLC6A5
NELL1	XM_065402716.1#NELL1
NELL1	XM_065402717.1#NELL1
NELL1	XM_065402718.1#NELL1
ANO5	XM_065403062.1#ANO5
ANO5	XM_065403063.1#ANO5
LOC135877258	XM_065402652.1#LOC135877258
SLC17A6	XM_065403209.1#SLC17A6
FANCF	XM_065404542.1#FANCF
GAS2	XM_065404432.1#GAS2
SVIP	XM_065404073.1#SVIP
LOC135877770	XM_065403322.1#LOC135877770
LUZP2	XM_065404319.1#LUZP2
ANO3	XM_065402303.1#ANO3
MUC15	XM_065402500.1#MUC15
SLC5A12	XM_065402305.1#SLC5A12
FIBIN	XM_065402410.1#FIBIN
BBOX1	XM_065404279.1#BBOX1
CCDC34	XM_065404357.1#CCDC34
LGR4	XM_065403496.1#LGR4
LIN7C	XM_065402992.1#LIN7C
LIN7C	XM_065402991.1#LIN7C
BDNF	XM_065403649.1#BDNF
KIF18A	XM_065403923.1#KIF18A
METTL15	XM_065404157.1#METTL15
KCNA4	XM_065403599.1#KCNA4
FSHB	XM_065404071.1#FSHB
ARL14EP	XM_065403560.1#ARL14EP
LOC135877771	XM_065403325.1#LOC135877771
MPPED2	XM_065404021.1#MPPED2
DCDC1	XM_065403326.1#DCDC1
DNAJC24	XM_065404179.1#DNAJC24
DNAJC24	XM_065404180.1#DNAJC24
IMMP1L	XM_065403755.1#IMMP1L
IMMP1L	XM_065403754.1#IMMP1L
ELP4	XM_065403949.1#ELP4
PAX6	XM_065404330.1#PAX6
PAX6	XM_065404333.1#PAX6
PAX6	XM_065404331.1#PAX6
PAX6	XM_065404328.1#PAX6
PAX6	XM_065404332.1#PAX6
PAX6	XM_065404329.1#PAX6
PAX6	XM_065404327.1#PAX6
PAX6	XM_065404325.1#PAX6
PAX6	XM_065404324.1#PAX6
RCN1	XM_065403612.1#RCN1
WT1	XM_065403245.1#WT1
WT1	XM_065403247.1#WT1
WT1	XM_065403248.1#WT1
WT1	XM_065403244.1#WT1
WT1	XM_065403243.1#WT1
EIF3M	XM_065402711.1#EIF3M
EIF3M	XM_065402712.1#EIF3M
CCDC73	XM_065403327.1#CCDC73
PRRG4	XM_065404430.1#PRRG4
QSER1	XM_065403330.1#QSER1
DEPDC7	XM_065403964.1#DEPDC7
TCP11L1	XM_065404034.1#TCP11L1
CSTF3	XM_065402954.1#CSTF3
HIPK3	XM_065402374.1#HIPK3
KIAA1549L	XM_065404300.1#KIAA1549L
C4H11orf91	XM_065403328.1#C4H11orf91
SPON1	XM_065403212.1#SPON1
SYT9	XM_065403895.1#SYT9
OLFML1	XM_065404464.1#OLFML1
PPFIBP2	XM_065402713.1#PPFIBP2
LOC135878178	XM_065403767.1#LOC135878178
OVCH2	XM_065404231.1#OVCH2
FAR1	XM_065403501.1#FAR1
PTH	XM_065404541.1#PTH
BTBD10	XM_065403150.1#BTBD10
BTBD10	XM_065403149.1#BTBD10
BTBD10	XM_065403148.1#BTBD10
BMAL1	XM_065404534.1#BMAL1
RASSF10	XM_065404455.1#RASSF10
LOC135877167	XM_065402526.1#LOC135877167
TEAD1	XM_065402395.1#TEAD1
PARVA	XM_065402394.1#PARVA
MICAL2	XM_065402505.1#MICAL2
DKK3	XM_065403882.1#DKK3
USP47	XM_065402484.1#USP47
GALNT18	XM_065403832.1#GALNT18
GALNT18	XM_065403833.1#GALNT18
EIF4G2	XM_065403915.1#EIF4G2
CTR9	XM_065403500.1#CTR9
IRAG1	XM_065403220.1#IRAG1
LYVE1	XM_065402922.1#LYVE1
RNF141	XM_065402676.1#RNF141
AMPD3	XM_065404126.1#AMPD3
AMPD3	XM_065404124.1#AMPD3
AMPD3	XM_065404123.1#AMPD3
AMPD3	XM_065404122.1#AMPD3
AMPD3	XM_065404129.1#AMPD3
AMPD3	XM_065404127.1#AMPD3
AMPD3	XM_065404128.1#AMPD3
ADM	XM_065404535.1#ADM
SBF2	XM_065403329.1#SBF2
SWAP70	XM_065403873.1#SWAP70
WEE1	XM_065403239.1#WEE1
ZNF143	XM_065403089.1#ZNF143
IPO7	XM_065402980.1#IPO7
TMEM41B	XM_065403251.1#TMEM41B
DENND5A	XM_065402648.1#DENND5A
DENND5A	XM_065402649.1#DENND5A
DENND5A	XM_065402650.1#DENND5A
SCUBE2	XM_065403221.1#SCUBE2
NRIP3	XM_065403331.1#NRIP3
LOC135877026	XM_065402356.1#LOC135877026
TMEM9B	XM_065403241.1#TMEM9B
TMEM9B	XM_065403242.1#TMEM9B
ASCL3	XM_065404352.1#ASCL3
AKIP1	XM_065403851.1#AKIP1
AKIP1	XM_065403850.1#AKIP1
DENND2B	XM_065402327.1#DENND2B
DENND2B	XM_065402328.1#DENND2B
DENND2B	XM_065402330.1#DENND2B
DENND2B	XM_065402331.1#DENND2B
DENND2B	XM_065402332.1#DENND2B
LOC135877272	XM_065402675.1#LOC135877272
LOC135877554	XM_065403039.1#LOC135877554
TRIM66	XM_065404305.1#TRIM66
STK33	XM_065404115.1#STK33
LMO1	XM_065403881.1#LMO1
RIC3	XM_065403856.1#RIC3
TUB	XM_065403837.1#TUB
LOC135877152	XM_065402503.1#LOC135877152
RRAS2	XM_065402684.1#RRAS2
COPB1	XM_065402834.1#COPB1
PSMA1	XM_065402502.1#PSMA1
PDE3B	XM_065402627.1#PDE3B
LOC135878288	XM_065403907.1#LOC135878288
CALCA	XM_065404267.1#CALCA
INSC	XM_065402628.1#INSC
SOX6	XM_065404484.1#SOX6
SOX6	XM_065404489.1#SOX6
SOX6	XM_065404492.1#SOX6
SOX6	XM_065404486.1#SOX6
SOX6	XM_065404488.1#SOX6
SOX6	XM_065404483.1#SOX6
SOX6	XM_065404490.1#SOX6
SOX6	XM_065404485.1#SOX6
SOX6	XM_065404491.1#SOX6
C4H11orf58	XM_065402671.1#C4H11orf58
C4H11orf58	XM_065402672.1#C4H11orf58
PLEKHA7	XM_065403332.1#PLEKHA7
RPS13	XM_065404512.1#RPS13
PIK3C2A	XM_065402916.1#PIK3C2A
NUCB2	XM_065403333.1#NUCB2
LOC135878640	XM_065404362.1#LOC135878640
LOC135877391	XM_065402819.1#LOC135877391
LOC135877783	XM_065403335.1#LOC135877783
LOC135877784	XM_065403336.1#LOC135877784
LOC135877394	XM_065402822.1#LOC135877394
LOC135877392	XM_065402820.1#LOC135877392
LOC135877786	XM_065403337.1#LOC135877786
PGGHG	XM_065404151.1#PGGHG
IFITM5	XM_065404086.1#IFITM5
LOC135877633	XM_065403147.1#LOC135877633
LOC135877191	XM_065402570.1#LOC135877191
LOC135878665	XM_065404390.1#LOC135878665
B4GALNT4	XM_065403888.1#B4GALNT4
PKP3	XM_065403966.1#PKP3
SIGIRR	XM_065403338.1#SIGIRR
ANO9	XM_065403339.1#ANO9
PTDSS2	XM_065404178.1#PTDSS2
SYT12	XM_065404182.1#SYT12
SYT12	XM_065404185.1#SYT12
IGHMBP2	XM_065403919.1#IGHMBP2
MRPL21	XM_065403999.1#MRPL21
MRPL21	XM_065403998.1#MRPL21
LOC135878743	XM_065404479.1#LOC135878743
LOC135878773	XM_065404520.1#LOC135878773
CPT1A	XM_065404441.1#CPT1A
TESMIN	XM_065403341.1#TESMIN
LOC135877790	XM_065403342.1#LOC135877790
PPP6R3	XM_065404344.1#PPP6R3
LRP5	XM_065402655.1#LRP5
LRP5	XM_065402657.1#LRP5
LRP5	XM_065402656.1#LRP5
GAL	XM_065404364.1#GAL
C4H11orf24	XM_065404041.1#C4H11orf24
KMT5B	XM_065402730.1#KMT5B
CHKA	XM_065403756.1#CHKA
CHKA	XM_065403758.1#CHKA
CHKA	XM_065403757.1#CHKA
LOC135877184	XM_065402563.1#LOC135877184
RNH1	XM_065403516.1#RNH1
LOC135878502	XM_065404188.1#LOC135878502
HRAS	XM_065404537.1#HRAS
HRAS	XM_065404538.1#HRAS
LRRC56	XM_065404531.1#LRRC56
LMNTD2	XM_065402673.1#LMNTD2
RASSF7	XM_065404280.1#RASSF7
PHRF1	XM_065403184.1#PHRF1
LOC135877014	XM_065402339.1#LOC135877014
IRF7	XM_065402549.1#IRF7
CDHR5	XM_065404513.1#CDHR5
SCT	XM_065402434.1#SCT
DRD4	XM_065404077.1#DRD4
DEAF1	XM_065402709.1#DEAF1
DEAF1	XM_065402708.1#DEAF1
DEAF1	XM_065402710.1#DEAF1
TMEM80	XM_065403799.1#TMEM80
EPS8L2	XM_065402435.1#EPS8L2
TALDO1	XM_065402978.1#TALDO1
GATD1	XM_065402832.1#GATD1
GATD1	XM_065402830.1#GATD1
CEND1	XM_065402351.1#CEND1
SLC25A22	XM_065403890.1#SLC25A22
SLC25A22	XM_065403889.1#SLC25A22
LOC135877791	XM_065403343.1#LOC135877791
LOC135877792	XM_065403344.1#LOC135877792
LOC135878314	XM_065403943.1#LOC135878314
RPLP2	XM_065403345.1#RPLP2
LOC135878633	XM_065404353.1#LOC135878633
PNPLA2	XM_065402520.1#PNPLA2
CRACR2B	XM_065404241.1#CRACR2B
LOC135878150	XM_065403733.1#LOC135878150
CD151	XM_065403779.1#CD151
POLR2L	XM_065402521.1#POLR2L
TSPAN4	XM_065404001.1#TSPAN4
CHID1	XM_065403952.1#CHID1
AP2A2	XM_065402477.1#AP2A2
AP2A2	XM_065402478.1#AP2A2
MUC6	XM_065403346.1#MUC6
MUC2	XM_065403347.1#MUC2
LOC135877797	XM_065403348.1#LOC135877797
MUC5AC	XM_065402609.1#MUC5AC
LOC135877798	XM_065403349.1#LOC135877798
TOLLIP	XM_065403206.1#TOLLIP
TOLLIP	XM_065403205.1#TOLLIP
BRSK2	XM_065403041.1#BRSK2
BRSK2	XM_065403042.1#BRSK2
MOB2	XM_065402642.1#MOB2
MOB2	XM_065402641.1#MOB2
DUSP8	XM_065404026.1#DUSP8
IFITM10	XM_065404108.1#IFITM10
CTSD	XM_065403617.1#CTSD
LOC135878565	XM_065404269.1#LOC135878565
SYT8	XM_065403732.1#SYT8
LOC135878401	XM_065404070.1#LOC135878401
TNNI2	XM_065403769.1#TNNI2
LSP1	XM_065402513.1#LSP1
LSP1	XM_065402514.1#LSP1
LSP1	XM_065402517.1#LSP1
LSP1	XM_065402515.1#LSP1
TNNT3	XM_065403350.1#TNNT3
MRPL23	XM_065403260.1#MRPL23
MRPL23	XM_065403261.1#MRPL23
MRPL23	XM_065403262.1#MRPL23
IGF2	XM_065404006.1#IGF2
INS	XM_065403901.1#INS
TH	XM_065403198.1#TH
ASCL2	XM_065404356.1#ASCL2
TSPAN32	XM_065402754.1#TSPAN32
TSPAN32	XM_065402755.1#TSPAN32
CD81	XM_065402750.1#CD81
TSSC4	XM_065402347.1#TSSC4
TSSC4	XM_065402348.1#TSSC4
TSSC4	XM_065402345.1#TSSC4
TSSC4	XM_065402346.1#TSSC4
TRPM5	XM_065402947.1#TRPM5
KCNQ1	XM_065403597.1#KCNQ1
CDKN1C	XM_065402963.1#CDKN1C
CDKN1C	XM_065402962.1#CDKN1C
LOC135878639	XM_065404361.1#LOC135878639
LOC135877986	XM_065403504.1#LOC135877986
LOC135877984	XM_065403502.1#LOC135877984
LOC135877984	XM_065403503.1#LOC135877984
LOC135877802	XM_065403352.1#LOC135877802
SLC22A18	XM_065403842.1#SLC22A18
PHLDA2	XM_065403846.1#PHLDA2
NAP1L4	XM_065403843.1#NAP1L4
NAP1L4	XM_065403844.1#NAP1L4
CARS1	XM_065402958.1#CARS1
LOC135878583	XM_065404287.1#LOC135878583
OSBPL5	XM_065403141.1#OSBPL5
LOC135877803	XM_065403353.1#LOC135877803
PTPN5	XM_065403354.1#PTPN5
IGSF22	XM_065404468.1#IGSF22
TMEM86A	XM_065403355.1#TMEM86A
LOC135878368	XM_065404012.1#LOC135878368
LOC135878368	XM_065404010.1#LOC135878368
LOC135877049	XM_065402384.1#LOC135877049
LOC135877049	XM_065402383.1#LOC135877049
SPTY2D1	XM_065402690.1#SPTY2D1
UEVLD	XM_065403064.1#UEVLD
TSG101	XM_065402736.1#TSG101
LOC135877182	XM_065402561.1#LOC135877182
GTF2H1	XM_065403172.1#GTF2H1
HPS5	XM_065403146.1#HPS5
LOC135877698	XM_065403233.1#LOC135877698
LOC135877697	XM_065403232.1#LOC135877697
SAAL1	XM_065403669.1#SAAL1
TPH1	XM_065403654.1#TPH1
SERGEF	XM_065403356.1#SERGEF
KCNC1	XM_065403605.1#KCNC1
KCNC1	XM_065403604.1#KCNC1
KCNC1	XM_065403608.1#KCNC1
KCNC1	XM_065403606.1#KCNC1
MYOD1	XM_065403838.1#MYOD1
LOC135877043	XM_065402375.1#LOC135877043
OTOG	XM_065403357.1#OTOG
USH1C	XM_065403359.1#USH1C
ABCC8	XM_065402566.1#ABCC8
ABCC8	XM_065402568.1#ABCC8
KCNJ11	XM_065403188.1#KCNJ11
LOC135877384	XM_065402815.1#LOC135877384
LOC135877812	XM_065403360.1#LOC135877812
PSMD13	XM_065402371.1#PSMD13
SIRT3	XM_065403910.1#SIRT3
RIC8A	XM_065403786.1#RIC8A
BET1L	XM_065402825.1#BET1L
CIMAP1A	XM_065404082.1#CIMAP1A
CIMAP1A	XM_065404081.1#CIMAP1A
LOC135878310	XM_065403941.1#LOC135878310
LOC135878229	XM_065403826.1#LOC135878229
FTH1	XM_065403660.1#FTH1
BEST1	XM_065403659.1#BEST1
RAB3IL1	XM_065404109.1#RAB3IL1
LOC135878483	XM_065404162.1#LOC135878483
LOC135878484	XM_065404164.1#LOC135878484
LOC135878316	XM_065403946.1#LOC135878316
FEN1	XM_065403670.1#FEN1
TMEM258	XM_065403142.1#TMEM258
MYRF	XM_065403361.1#MYRF
DAGLA	XM_065404117.1#DAGLA
SYT7	XM_065403362.1#SYT7
LRRC10B	XM_065402288.1#LRRC10B
SAXO4	XM_065404158.1#SAXO4
SDHAF2	XM_065403515.1#SDHAF2
CPSF7	XM_065402741.1#CPSF7
LOC135876972	XM_065402289.1#LOC135876972
TMEM216	XM_065403363.1#TMEM216
TMEM138	XM_065403106.1#TMEM138
LOC135877214	XM_065402599.1#LOC135877214
TKFC	XM_065402598.1#TKFC
DDB1	XM_065404417.1#DDB1
VWCE	XM_065404191.1#VWCE
LOC135878400	XM_065404069.1#LOC135878400
LOC135877820	XM_065403364.1#LOC135877820
LOC135877085	XM_065402436.1#LOC135877085
VPS37C	XM_065403759.1#VPS37C
CD5	XM_065403994.1#CD5
CD6	XM_065403365.1#CD6
SLC15A3	XM_065404080.1#SLC15A3
TMEM132A	XM_065403968.1#TMEM132A
PRPF19	XM_065402739.1#PRPF19
ZP1	XM_065403367.1#ZP1
LOC135877169	XM_065402529.1#LOC135877169
LOC135877169	XM_065402530.1#LOC135877169
LOC135878505	XM_065404190.1#LOC135878505
LOC135877825	XM_065403368.1#LOC135877825
LOC135878425	XM_065404094.1#LOC135878425
CCDC86	XM_065403369.1#CCDC86
LOC135877569	XM_065403057.1#LOC135877569
LOC135877827	XM_065403370.1#LOC135877827
LOC135877010	XM_065402333.1#LOC135877010
LOC135877828	XM_065403371.1#LOC135877828
LOC135876987	XM_065402302.1#LOC135876987
LOC135878762	XM_065404510.1#LOC135878762
LOC135877077	XM_065402428.1#LOC135877077
LOC135878784	XM_065404532.1#LOC135878784
LOC135878423	XM_065404092.1#LOC135878423
LOC135877087	XM_065402437.1#LOC135877087
LOC135877830	XM_065403372.1#LOC135877830
LOC135878276	XM_065403894.1#LOC135878276
LOC135878772	XM_065404519.1#LOC135878772
MRPL16	XM_065403111.1#MRPL16
STX3	XM_065402560.1#STX3
LOC135878612	XM_065404322.1#LOC135878612
LOC135878668	XM_065404393.1#LOC135878668
LOC135878726	XM_065404458.1#LOC135878726
LOC135877831	XM_065403373.1#LOC135877831
PATL1	XM_065403018.1#PATL1
PATL1	XM_065403020.1#PATL1
PATL1	XM_065403019.1#PATL1
OSBP	XM_065402646.1#OSBP
LOC135878733	XM_065404467.1#LOC135878733
LOC135878658	XM_065404382.1#LOC135878658
ACY3	XM_065404239.1#ACY3
LOC135878766	XM_065404514.1#LOC135878766
LOC135877833	XM_065403375.1#LOC135877833
LOC135878118	XM_065403691.1#LOC135878118
CABP4	XM_065403376.1#CABP4
LOC135877145	XM_065402492.1#LOC135877145
CORO1B	XM_065402491.1#CORO1B
CORO1B	XM_065402489.1#CORO1B
PTPRCAP	XM_065403109.1#PTPRCAP
RPS6KB2	XM_065402959.1#RPS6KB2
CARNS1	XM_065402571.1#CARNS1
TBC1D10C	XM_065403658.1#TBC1D10C
PPP1CA	XM_065404527.1#PPP1CA
RAD9A	XM_065403900.1#RAD9A
CLCF1	XM_065403377.1#CLCF1
LOC135878591	XM_065404296.1#LOC135878591
POLD4	XM_065403953.1#POLD4
LOC135878408	XM_065404076.1#LOC135878408
SSH3	XM_065403951.1#SSH3
ANKRD13D	XM_065402523.1#ANKRD13D
GRK2	XM_065402525.1#GRK2
KDM2A	XM_065402651.1#KDM2A
RHOD	XM_065403044.1#RHOD
LOC135877056	XM_065402396.1#LOC135877056
LOC135877057	XM_065402398.1#LOC135877057
LOC135878200	XM_065403790.1#LOC135878200
LOC135877847	XM_065403379.1#LOC135877847
LOC135878557	XM_065404260.1#LOC135878557
LOC135878337	XM_065403970.1#LOC135878337
LOC135877849	XM_065403380.1#LOC135877849
LOC135878606	XM_065404313.1#LOC135878606
LOC135877850	XM_065403381.1#LOC135877850
LOC135878419	XM_065404087.1#LOC135878419
LOC135878159	XM_065403743.1#LOC135878159
LOC135877851	XM_065403382.1#LOC135877851
LOC135877088	XM_065402438.1#LOC135877088
LOC135878415	XM_065404085.1#LOC135878415
LOC135877089	XM_065402440.1#LOC135877089
LOC135877229	XM_065402619.1#LOC135877229
LOC135877855	XM_065403386.1#LOC135877855
LZTR1	XM_065403185.1#LZTR1
LZTR1	XM_065403186.1#LZTR1
IPO9	XM_065403806.1#IPO9
KDM5B	XM_065403804.1#KDM5B
KDM5B	XM_065403805.1#KDM5B
KDM5B	XM_065403803.1#KDM5B
KDM5B	XM_065403802.1#KDM5B
LOC135876981	XM_065402297.1#LOC135876981
RABIF	XM_065403671.1#RABIF
KLHL12	XM_065403037.1#KLHL12
SHISA4	XM_065404284.1#SHISA4
LMOD1	XM_065404242.1#LMOD1
TIMM17A	XM_065403621.1#TIMM17A
LOC135877856	XM_065403387.1#LOC135877856
ADIPOR1	XM_065402335.1#ADIPOR1
ADIPOR1	XM_065402334.1#ADIPOR1
AMPD2	XM_065403070.1#AMPD2
GNAT2	XM_065403625.1#GNAT2
GNAI3	XM_065404401.1#GNAI3
GPR61	XM_065404351.1#GPR61
AMIGO1	XM_065404407.1#AMIGO1
LOC135878597	XM_065404303.1#LOC135878597
ATXN7L2	XM_065404144.1#ATXN7L2
SYPL2	XM_065404140.1#SYPL2
PSMA5	XM_065402941.1#PSMA5
SORT1	XM_065403388.1#SORT1
LOC135877858	XM_065403390.1#LOC135877858
LOC135877584	XM_065403075.1#LOC135877584
LOC135877584	XM_065403076.1#LOC135877584
PPIL1	XM_065402373.1#PPIL1
PSRC1	XM_065403391.1#PSRC1
CELSR2	XM_065402979.1#CELSR2
SARS1	XM_065402578.1#SARS1
ELAPOR1	XM_065403200.1#ELAPOR1
ELAPOR1	XM_065403202.1#ELAPOR1
CFAP276	XM_065403204.1#CFAP276
TMEM167B	XM_065402955.1#TMEM167B
GPR25	XM_065402312.1#GPR25
INAVA	XM_065404215.1#INAVA
LOC135877861	XM_065403392.1#LOC135877861
LOC135877863	XM_065403393.1#LOC135877863
CACNA1S	XM_065402475.1#CACNA1S
LOC135877543	XM_065403021.1#LOC135877543
TMEM183A	XM_065403077.1#TMEM183A
TMEM183A	XM_065403079.1#TMEM183A
TMEM183A	XM_065403078.1#TMEM183A
PPFIA4	XM_065404424.1#PPFIA4
MYOG	XM_065404149.1#MYOG
ADORA1	XM_065403908.1#ADORA1
MYBPH	XM_065403394.1#MYBPH
DENND2D	XM_065403814.1#DENND2D
CEPT1	XM_065403103.1#CEPT1
DRAM2	XM_065403542.1#DRAM2
LRIF1	XM_065403598.1#LRIF1
LOC135877867	XM_065403395.1#LOC135877867
LOC135877868	XM_065403396.1#LOC135877868
LOC135878674	XM_065404402.1#LOC135878674
UBE2T	XM_065403592.1#UBE2T
UBE2T	XM_065403593.1#UBE2T
LGR6	XM_065403144.1#LGR6
LOC135878571	XM_065404275.1#LOC135878571
PTPN7	XM_065402929.1#PTPN7
PTPN7	XM_065402930.1#PTPN7
ARL8A	XM_065403683.1#ARL8A
GPR37L1	XM_065404187.1#GPR37L1
ELF3	XM_065403710.1#ELF3
RNPEP	XM_065403017.1#RNPEP
NAV1	XM_065402683.1#NAV1
SYT2	XM_065403620.1#SYT2
PPP1R12B	XM_065402540.1#PPP1R12B
PPP1R12B	XM_065402538.1#PPP1R12B
PPP1R12B	XM_065402537.1#PPP1R12B
PPP1R12B	XM_065402541.1#PPP1R12B
PPP1R12B	XM_065402539.1#PPP1R12B
LOC135877505	XM_065402956.1#LOC135877505
LOC135877505	XM_065402957.1#LOC135877505
CSRP1	XM_065404396.1#CSRP1
PHLDA3	XM_065404385.1#PHLDA3
TNNI1	XM_065403858.1#TNNI1
TNNI1	XM_065403857.1#TNNI1
LAD1	XM_065403397.1#LAD1
TNNT2	XM_065403398.1#TNNT2
PKP1	XM_065404177.1#PKP1
IGFN1	XM_065403399.1#IGFN1
LOC135877387	XM_065402816.1#LOC135877387
TMEM9	XM_065403852.1#TMEM9
LOC135877398	XM_065402826.1#LOC135877398
LOC135877207	XM_065402587.1#LOC135877207
EPS8L3	XM_065404297.1#EPS8L3
LOC135877873	XM_065403400.1#LOC135877873
TCP11	XM_065403038.1#TCP11
ANKS1A	XM_065404506.1#ANKS1A
TAF11	XM_065403518.1#TAF11
TAF11	XM_065403519.1#TAF11
BLTP3A	XM_065403661.1#BLTP3A
SNRPC	XM_065403652.1#SNRPC
ILRUN	XM_065402668.1#ILRUN
ILRUN	XM_065402669.1#ILRUN
ILRUN	XM_065402670.1#ILRUN
SPDEF	XM_065404452.1#SPDEF
PACSIN1	XM_065403189.1#PACSIN1
RPS10	XM_065404410.1#RPS10
NUDT3	XM_065404408.1#NUDT3
NUDT3	XM_065404409.1#NUDT3
LOC135878500	XM_065404186.1#LOC135878500
LOC135877874	XM_065403401.1#LOC135877874
LOC135877875	XM_065403402.1#LOC135877875
LOC135877877	XM_065403403.1#LOC135877877
SCUBE3	XM_065403191.1#SCUBE3
LOC135877294	XM_065402706.1#LOC135877294
ZNF76	XM_065402576.1#ZNF76
ZNF76	XM_065402577.1#ZNF76
DEF6	XM_065402575.1#DEF6
PPARD	XM_065402912.1#PPARD
PPARD	XM_065402913.1#PPARD
LOC135877878	XM_065403404.1#LOC135877878
FANCE	XM_065404306.1#FANCE
RPL10A	XM_065403181.1#RPL10A
MICAL1	XM_065403405.1#MICAL1
SMPD2	XM_065402948.1#SMPD2
TEAD3	XM_065403265.1#TEAD3
TEAD3	XM_065403263.1#TEAD3
TULP1	XM_065403408.1#TULP1
FKBP5	XM_065403872.1#FKBP5
ARMC12	XM_065404338.1#ARMC12
CLPS	XM_065404262.1#CLPS
LHFPL5	XM_065403409.1#LHFPL5
SRPK1	XM_065402343.1#SRPK1
SLC26A8	XM_065404143.1#SLC26A8
MAPK14	XM_065402299.1#MAPK14
MAPK13	XM_065404524.1#MAPK13
BRPF3	XM_065403871.1#BRPF3
LOC135878262	XM_065403875.1#LOC135878262
LOC135878262	XM_065403874.1#LOC135878262
TBC1D22B	XM_065404457.1#TBC1D22B
TMEM217	XM_065404321.1#TMEM217
PIM1	XM_065402976.1#PIM1
PIM1	XM_065402977.1#PIM1
FGD2	XM_065402731.1#FGD2
MTCH1	XM_065403009.1#MTCH1
PI16	XM_065404442.1#PI16
C4H6orf89	XM_065402732.1#C4H6orf89
RAB44	XM_065404429.1#RAB44
CDKN1A	XM_065402391.1#CDKN1A
CDKN1A	XM_065402390.1#CDKN1A
SRSF3	XM_065402430.1#SRSF3
STK38	XM_065403682.1#STK38
KCTD20	XM_065403498.1#KCTD20
KCTD20	XM_065403499.1#KCTD20
ETV7	XM_065403707.1#ETV7
LOC135877882	XM_065403410.1#LOC135877882
LOC135877883	XM_065403411.1#LOC135877883
LOC135877117	XM_065402464.1#LOC135877117
LOC135878000	XM_065403523.1#LOC135878000
LOC135877690	XM_065403225.1#LOC135877690
KCNA10	XM_065403613.1#KCNA10
LOC135878570	XM_065404274.1#LOC135878570
PROK1	XM_065404363.1#PROK1
LAMTOR5	XM_065403628.1#LAMTOR5
SLC16A4	XM_065404042.1#SLC16A4
RBM15	XM_065403917.1#RBM15
KCNC4	XM_065403642.1#KCNC4
SLC6A17	XM_065403601.1#SLC6A17
SLC6A17	XM_065403600.1#SLC6A17
ALX3	XM_065404340.1#ALX3
STRIP1	XM_065402748.1#STRIP1
AHCYL1	XM_065402691.1#AHCYL1
AHCYL1	XM_065402693.1#AHCYL1
AHCYL1	XM_065402692.1#AHCYL1
CSF1	XM_065402301.1#CSF1
LOC135877884	XM_065403412.1#LOC135877884
LOC135878549	XM_065404249.1#LOC135878549
LOC135877885	XM_065403413.1#LOC135877885
LOC135878157	XM_065403742.1#LOC135878157
LOC135877044	XM_065402376.1#LOC135877044
SMIM29	XM_065403570.1#SMIM29
SMIM29	XM_065403571.1#SMIM29
HMGA1	XM_065403168.1#HMGA1
GRM4	XM_065403414.1#GRM4
LOC135877405	XM_065402835.1#LOC135877405
MLN	XM_065403415.1#MLN
LEMD2	XM_065403010.1#LEMD2
LEMD2	XM_065403012.1#LEMD2
IP6K3	XM_065404025.1#IP6K3
LOC135878442	XM_065404112.1#LOC135878442
ITPR3	XM_065404111.1#ITPR3
BAK1	XM_065404091.1#BAK1
TSPO2	XM_065402315.1#TSPO2
APOBEC2	XM_065404349.1#APOBEC2
OARD1	XM_065402678.1#OARD1
OARD1	XM_065402679.1#OARD1
OARD1	XM_065402681.1#OARD1
OARD1	XM_065402680.1#OARD1
NFYA	XM_065403797.1#NFYA
LOC135877235	XM_065402623.1#LOC135877235
LOC135878128	XM_065403708.1#LOC135878128
LOC135878130	XM_065403709.1#LOC135878130
LOC135877890	XM_065403416.1#LOC135877890
FOXP4	XM_065404198.1#FOXP4
FOXP4	XM_065404199.1#FOXP4
FOXP4	XM_065404200.1#FOXP4
FOXP4	XM_065404202.1#FOXP4
MDFI	XM_065404367.1#MDFI
TFEB	XM_065402550.1#TFEB
LOC135878526	XM_065404221.1#LOC135878526
LOC135878525	XM_065404220.1#LOC135878525
LOC135877609	XM_065403108.1#LOC135877609
LOC135877533	XM_065402999.1#LOC135877533
FRS3	XM_065403167.1#FRS3
FRS3	XM_065403166.1#FRS3
TOMM6	XM_065403921.1#TOMM6
TOMM6	XM_065403920.1#TOMM6
USP49	XM_065404174.1#USP49
MED20	XM_065403749.1#MED20
MED20	XM_065403750.1#MED20
BYSL	XM_065402818.1#BYSL
CCND3	XM_065403417.1#CCND3
TAF8	XM_065403974.1#TAF8
LOC135877572	XM_065403059.1#LOC135877572
CIMAP3	XM_065403060.1#CIMAP3
CHIA	XM_065404470.1#CHIA
LOC135878356	XM_065403996.1#LOC135878356
LOC135878356	XM_065403995.1#LOC135878356
LOC135878362	XM_065404003.1#LOC135878362
LOC135877893	XM_065403418.1#LOC135877893
LOC135877991	XM_065403512.1#LOC135877991
LOC135877990	XM_065403511.1#LOC135877990
BTG2	XM_065404131.1#BTG2
FMOD	XM_065404372.1#FMOD
PRELP	XM_065404263.1#PRELP
OPTC	XM_065404114.1#OPTC
ATP2B4	XM_065403992.1#ATP2B4
ZC3H11A	XM_065402749.1#ZC3H11A
SNRPE	XM_065403252.1#SNRPE
SOX13	XM_065403870.1#SOX13
ETNK2	XM_065404097.1#ETNK2
REN	XM_065403880.1#REN
KISS1	XM_065404543.1#KISS1
GOLT1A	XM_065404337.1#GOLT1A
PLEKHA6	XM_065404044.1#PLEKHA6
PPP1R15B	XM_065404460.1#PPP1R15B
PIK3C2B	XM_065402983.1#PIK3C2B
PIK3C2B	XM_065402982.1#PIK3C2B
MDM4	XM_065403208.1#MDM4
LRRN2	XM_065403972.1#LRRN2
NFASC	XM_065403579.1#NFASC
NFASC	XM_065403580.1#NFASC
NFASC	XM_065403583.1#NFASC
NFASC	XM_065403584.1#NFASC
NFASC	XM_065403581.1#NFASC
NFASC	XM_065403582.1#NFASC
NFASC	XM_065403585.1#NFASC
NFASC	XM_065403586.1#NFASC
CNTN2	XM_065402564.1#CNTN2
LOC135877894	XM_065403419.1#LOC135877894
LOC135877895	XM_065403420.1#LOC135877895
LOC135878516	XM_065404209.1#LOC135878516
LOC135877560	XM_065403048.1#LOC135877560
TMEM81	XM_065402316.1#TMEM81
RBBP5	XM_065403567.1#RBBP5
DSTYK	XM_065403752.1#DSTYK
LOC135877897	XM_065403421.1#LOC135877897
LOC135877595	XM_065403091.1#LOC135877595
NUAK2	XM_065404083.1#NUAK2
KLHDC8A	XM_065404168.1#KLHDC8A
LEMD1	XM_065402548.1#LEMD1
BLACAT1	XM_065403049.1#BLACAT1
CDK18	XM_065402724.1#CDK18
CDK18	XM_065402722.1#CDK18
CDK18	XM_065402723.1#CDK18
MFSD4A	XM_065404088.1#MFSD4A
ELK4	XM_065403727.1#ELK4
LOC135877512	XM_065402967.1#LOC135877512
SLC45A3	XM_065404412.1#SLC45A3
NUCKS1	XM_065403765.1#NUCKS1
RAB29	XM_065402837.1#RAB29
RAB29	XM_065402838.1#RAB29
SLC41A1	XM_065402971.1#SLC41A1
PM20D1	XM_065403776.1#PM20D1
SLC26A9	XM_065403947.1#SLC26A9
RAB7B	XM_065404154.1#RAB7B
RAB7B	XM_065404155.1#RAB7B
CTSE	XM_065402829.1#CTSE
RHEX	XM_065404252.1#RHEX
RHEX	XM_065404253.1#RHEX
AVPR1B	XM_065404074.1#AVPR1B
FAM72A	XM_065404153.1#FAM72A
FAM72A	XM_065404152.1#FAM72A
SRGAP2	XM_065404521.1#SRGAP2
SRGAP2	XM_065404522.1#SRGAP2
SRGAP2	XM_065404523.1#SRGAP2
IKBKE	XM_065403716.1#IKBKE
RASSF5	XM_065403896.1#RASSF5
EIF2D	XM_065403950.1#EIF2D
DYRK3	XM_065403578.1#DYRK3
MAPKAPK2	XM_065402985.1#MAPKAPK2
IL10	XM_065404264.1#IL10
LOC135876975	XM_065402291.1#LOC135876975
FCMR	XM_065404161.1#FCMR
LOC135878539	XM_065404237.1#LOC135878539
PIGR	XM_065403422.1#PIGR
C4H1orf116	XM_065404540.1#C4H1orf116
YOD1	XM_065402512.1#YOD1
PFKFB2	XM_065402510.1#PFKFB2
LOC135877900	XM_065403423.1#LOC135877900
LOC135877065	XM_065402414.1#LOC135877065
LOC135877067	XM_065402417.1#LOC135877067
LOC135877067	XM_065402419.1#LOC135877067
LOC135877067	XM_065402418.1#LOC135877067
LOC135877070	XM_065402423.1#LOC135877070
LOC135877071	XM_065402425.1#LOC135877071
LOC135877066	XM_065402415.1#LOC135877066
LOC135877073	XM_065402427.1#LOC135877073
LOC135877072	XM_065402426.1#LOC135877072
LOC135877901	XM_065403424.1#LOC135877901
LOC135877902	XM_065403426.1#LOC135877902
LOC135877090	XM_065402441.1#LOC135877090
CR1	XM_065403427.1#CR1
LOC135877068	XM_065402420.1#LOC135877068
LOC135877068	XM_065402421.1#LOC135877068
LOC135877068	XM_065402422.1#LOC135877068
CD34	XM_065404444.1#CD34
PLXNA2	XM_065404089.1#PLXNA2
LOC135877017	XM_065402342.1#LOC135877017
CAMK1G	XM_065403273.1#CAMK1G
LAMB3	XM_065403780.1#LAMB3
G0S2	XM_065404423.1#G0S2
LOC135878465	XM_065404142.1#LOC135878465
LOC135877180	XM_065402559.1#LOC135877180
TRAF3IP3	XM_065402557.1#TRAF3IP3
TRAF3IP3	XM_065402558.1#TRAF3IP3
TRAF3IP3	XM_065402553.1#TRAF3IP3
TRAF3IP3	XM_065402552.1#TRAF3IP3
TRAF3IP3	XM_065402551.1#TRAF3IP3
TRAF3IP3	XM_065402554.1#TRAF3IP3
C4H1orf74	XM_065403982.1#C4H1orf74
IRF6	XM_065403614.1#IRF6
GUCA1B	XM_065403646.1#GUCA1B
GUCA1A	XM_065403869.1#GUCA1A
C4H6orf132	XM_065402542.1#C4H6orf132
WDR77	XM_065404078.1#WDR77
ATP5PB	XM_065403053.1#ATP5PB
LOC135877231	XM_065402621.1#LOC135877231
ADORA3	XM_065403954.1#ADORA3
RAP1A	XM_065404341.1#RAP1A
RAP1A	XM_065404343.1#RAP1A
RAP1A	XM_065404342.1#RAP1A
INKA2	XM_065403428.1#INKA2
DDX20	XM_065403036.1#DDX20
KCND3	XM_065403281.1#KCND3
KCND3	XM_065403280.1#KCND3
CTTNBP2NL	XM_065403563.1#CTTNBP2NL
WNT2B	XM_065403565.1#WNT2B
ST7L	XM_065403564.1#ST7L
CAPZA1	XM_065403566.1#CAPZA1
MOV10	XM_065403770.1#MOV10
RHOC	XM_065403976.1#RHOC
PPM1J	XM_065403813.1#PPM1J
TAFA3	XM_065403429.1#TAFA3
SLC16A1	XM_065404414.1#SLC16A1
SLC16A1	XM_065404415.1#SLC16A1
LRIG2	XM_065403086.1#LRIG2
MAGI3	XM_065404497.1#MAGI3
MAGI3	XM_065404498.1#MAGI3
PHTF1	XM_065402824.1#PHTF1
RSBN1	XM_065402823.1#RSBN1
PTPN22	XM_065402647.1#PTPN22
BCL2L15	XM_065403385.1#BCL2L15
BCL2L15	XM_065403384.1#BCL2L15
AP4B1	XM_065403015.1#AP4B1
AP4B1	XM_065403016.1#AP4B1
DCLRE1B	XM_065404377.1#DCLRE1B
HIPK1	XM_065403609.1#HIPK1
HIPK1	XM_065403610.1#HIPK1
OLFML3	XM_065404358.1#OLFML3
SYT6	XM_065402841.1#SYT6
TRIM33	XM_065402595.1#TRIM33
BCAS2	XM_065403231.1#BCAS2
DENND2C	XM_065402366.1#DENND2C
DENND2C	XM_065402365.1#DENND2C
DENND2C	XM_065402367.1#DENND2C
AMPD1	XM_065403164.1#AMPD1
NRAS	XM_065403810.1#NRAS
NRAS	XM_065403811.1#NRAS
CSDE1	XM_065403812.1#CSDE1
SIKE1	XM_065403088.1#SIKE1
SIKE1	XM_065403087.1#SIKE1
LOC135878271	XM_065403887.1#LOC135878271
SYCP1	XM_065403430.1#SYCP1
TSHB	XM_065403931.1#TSHB
TSPAN2	XM_065403829.1#TSPAN2
TSPAN2	XM_065403830.1#TSPAN2
TSPAN2	XM_065403827.1#TSPAN2
NGF	XM_065403524.1#NGF
LOC135877908	XM_065403431.1#LOC135877908
LOC135877650	XM_065403176.1#LOC135877650
LOC135877650	XM_065403177.1#LOC135877650
LOC135877910	XM_065403432.1#LOC135877910
LOC135877150	XM_065402501.1#LOC135877150
LOC135877287	XM_065402697.1#LOC135877287
LOC135878341	XM_065403973.1#LOC135878341
LRRC55	XM_065404459.1#LRRC55
APLNR	XM_065404160.1#APLNR
LOC135878617	XM_065404335.1#LOC135878617
TNKS1BP1	XM_065403967.1#TNKS1BP1
SSRP1	XM_065402661.1#SSRP1
P2RX3	XM_065403792.1#P2RX3
LOC135878744	XM_065404480.1#LOC135878744
LOC135876996	XM_065402313.1#LOC135876996
LOC135877015	XM_065402340.1#LOC135877015
SLC43A3	XM_065403112.1#SLC43A3
SLC43A3	XM_065403113.1#SLC43A3
RTN4RL2	XM_065404436.1#RTN4RL2
SLC43A1	XM_065404434.1#SLC43A1
TIMM10	XM_065404439.1#TIMM10
SMTNL1	XM_065404435.1#SMTNL1
UBE2L6	XM_065404437.1#UBE2L6
SERPING1	XM_065404433.1#SERPING1
YPEL4	XM_065404380.1#YPEL4
CLP1	XM_065403170.1#CLP1
CLP1	XM_065403169.1#CLP1
ZDHHC5	XM_065402720.1#ZDHHC5
MED19	XM_065403559.1#MED19
TMX2	XM_065402757.1#TMX2
SELENOH	XM_065403279.1#SELENOH
BTBD18	XM_065403433.1#BTBD18
CTNND1	XM_065403434.1#CTNND1
LOC135878388	XM_065404038.1#LOC135878388
LOC135877666	XM_065403193.1#LOC135877666
LOC135878605	XM_065404310.1#LOC135878605
LOC135877913	XM_065403436.1#LOC135877913
LOC135877914	XM_065403437.1#LOC135877914
LPXN	XM_065402812.1#LPXN
ZFP91	XM_065403054.1#ZFP91
ZFP91	XM_065403055.1#ZFP91
CNTF	XM_065404426.1#CNTF
LOC135878629	XM_065404350.1#LOC135878629
FAM111A	XM_065404466.1#FAM111A
DTX4	XM_065403775.1#DTX4
LOC135877668	XM_065403197.1#LOC135877668
MPEG1	XM_065403948.1#MPEG1
LOC135877915	XM_065403438.1#LOC135877915
TBX10	XM_065403439.1#TBX10
TCIRG1	XM_065404334.1#TCIRG1
NDUFS8	XM_065403521.1#NDUFS8
NDUFS8	XM_065403522.1#NDUFS8
LOC135877605	XM_065403102.1#LOC135877605
LOC135877617	XM_065403121.1#LOC135877617
UNC93B1	XM_065404171.1#UNC93B1
MAX	XM_065403046.1#MAX
MAX	XM_065403047.1#MAX
FNTB	XM_065402535.1#FNTB
RAB15	XM_065404176.1#RAB15
GPX2	XM_065403764.1#GPX2
CHURC1	XM_065402536.1#CHURC1
SPTB	XM_065403173.1#SPTB
PLEKHG3	XM_065403440.1#PLEKHG3
NUP160	XM_065403271.1#NUP160
FNBP4	XM_065402658.1#FNBP4
AGBL2	XM_065403441.1#AGBL2
MTCH2	XM_065403272.1#MTCH2
LOC135878369	XM_065404016.1#LOC135878369
LOC135877919	XM_065403443.1#LOC135877919
LOC135877920	XM_065403444.1#LOC135877920
LOC135876993	XM_065402310.1#LOC135876993
LOC135877032	XM_065402360.1#LOC135877032
LOC135877921	XM_065403445.1#LOC135877921
LOC135878751	XM_065404493.1#LOC135878751
LOC135877922	XM_065403446.1#LOC135877922
LOC135878780	XM_065404528.1#LOC135878780
LOC135877924	XM_065403447.1#LOC135877924
LOC135877925	XM_065403448.1#LOC135877925
LOC135878781	XM_065404529.1#LOC135878781
LOC135878786	XM_065404533.1#LOC135878786
LOC135878782	XM_065404530.1#LOC135878782
LOC135877927	XM_065403449.1#LOC135877927
LOC135877928	XM_065403450.1#LOC135877928
LOC135877929	XM_065403451.1#LOC135877929
LOC135877930	XM_065403452.1#LOC135877930
LOC135877931	XM_065403453.1#LOC135877931
LOC135877932	XM_065403454.1#LOC135877932
AIP	XM_065403214.1#AIP
PITPNM1	XM_065402674.1#PITPNM1
CDK2AP2	XM_065404031.1#CDK2AP2
LOC135878363	XM_065404005.1#LOC135878363
LOC135878363	XM_065404004.1#LOC135878363
GSTP1	XM_065403207.1#GSTP1
NDUFV1	XM_065402997.1#NDUFV1
NUDT8	XM_065404511.1#NUDT8
LOC135878227	XM_065403825.1#LOC135878227
LOC135877933	XM_065403455.1#LOC135877933
LOC135877935	XM_065403456.1#LOC135877935
LOC135878614	XM_065404323.1#LOC135878614
LOC135877369	XM_065402797.1#LOC135877369
LOC135877936	XM_065403457.1#LOC135877936
LOC135877356	XM_065402782.1#LOC135877356
LOC135877937	XM_065403458.1#LOC135877937
LOC135877938	XM_065403460.1#LOC135877938
LOC135877344	XM_065402771.1#LOC135877344
LOC135877362	XM_065402789.1#LOC135877362
LOC135877939	XM_065403461.1#LOC135877939
LOC135877940	XM_065403462.1#LOC135877940
LOC135877349	XM_065402777.1#LOC135877349
LOC135877941	XM_065403463.1#LOC135877941
LOC135877361	XM_065402788.1#LOC135877361
TBRG1	XM_065402784.1#TBRG1
LOC135877942	XM_065403464.1#LOC135877942
LOC135877943	XM_065403465.1#LOC135877943
LOC135877944	XM_065403466.1#LOC135877944
LOC135877946	XM_065403467.1#LOC135877946
LOC135877352	XM_065402780.1#LOC135877352
LOC135877370	XM_065402798.1#LOC135877370
LOC135877947	XM_065403468.1#LOC135877947
LOC135877948	XM_065403469.1#LOC135877948
LOC135877949	XM_065403471.1#LOC135877949
LOC135877950	XM_065403472.1#LOC135877950
LOC135877951	XM_065403473.1#LOC135877951
LOC135877952	XM_065403474.1#LOC135877952
LOC135877333	XM_065402761.1#LOC135877333
LOC135877954	XM_065403475.1#LOC135877954
ITPA	XM_065403657.1#ITPA
BORCS6	XM_065402341.1#BORCS6
LOC135877955	XM_065403476.1#LOC135877955
LOC135877091	XM_065402442.1#LOC135877091
TGFB1I1	XM_065402779.1#TGFB1I1
ARMC5	XM_065402760.1#ARMC5
LOC135877364	XM_065402792.1#LOC135877364
LOC135877363	XM_065402790.1#LOC135877363
LOC135877359	XM_065402786.1#LOC135877359
SLC5A2	XM_065402774.1#SLC5A2
LOC135877360	XM_065402787.1#LOC135877360
RUSF1	XM_065402781.1#RUSF1
LOC135877330	XM_065402759.1#LOC135877330
RNF40	XM_065402764.1#RNF40
CFAP119	XM_065402796.1#CFAP119
PHKG2	XM_065402795.1#PHKG2
TMEM265	XM_065402810.1#TMEM265
SRCAP	XM_065402758.1#SRCAP
FBRS	XM_065402766.1#FBRS
PRR14	XM_065402772.1#PRR14
LOC135877956	XM_065403477.1#LOC135877956
LOC135877339	XM_065402767.1#LOC135877339
LOC135877957	XM_065403479.1#LOC135877957
LOC135877343	XM_065402770.1#LOC135877343
LOC135877334	XM_065402762.1#LOC135877334
LOC135877958	XM_065403480.1#LOC135877958
LOC135877092	XM_065402443.1#LOC135877092
LOC135877959	XM_065403481.1#LOC135877959
LOC135877960	XM_065403482.1#LOC135877960
LOC135877366	XM_065402794.1#LOC135877366
LOC135877375	XM_065402811.1#LOC135877375
LOC135877341	XM_065402769.1#LOC135877341
LOC135877337	XM_065402765.1#LOC135877337
LOC135877340	XM_065402768.1#LOC135877340
LOC135877961	XM_065403483.1#LOC135877961
LOC135877962	XM_065403484.1#LOC135877962
LOC135877373	XM_065402805.1#LOC135877373
LOC135877373	XM_065402809.1#LOC135877373
LOC135877373	XM_065402808.1#LOC135877373
LOC135877373	XM_065402807.1#LOC135877373
LOC135877373	XM_065402806.1#LOC135877373
LOC135877372	XM_065402804.1#LOC135877372
LOC135877372	XM_065402802.1#LOC135877372
LOC135877372	XM_065402801.1#LOC135877372
TRIM72	XM_065402775.1#TRIM72
LOC135877963	XM_065403485.1#LOC135877963
LOC135877378	XM_065402813.1#LOC135877378
LOC135877965	XM_065403486.1#LOC135877965
KAT8	XM_065402778.1#KAT8
PRSS8	XM_065402785.1#PRSS8
FUS	XM_065402776.1#FUS
LOC135877365	XM_065402793.1#LOC135877365
LOC135877966	XM_065403487.1#LOC135877966
LOC135878491	XM_065404172.1#LOC135878491
LOC135877969	XM_065403489.1#LOC135877969
LOC135877004	XM_065402323.1#LOC135877004
LOC135877004	XM_065402324.1#LOC135877004
LOC135878309	XM_065403940.1#LOC135878309
LOC135878309	XM_065403939.1#LOC135878309
LOC135878308	XM_065403937.1#LOC135878308
LOC135878308	XM_065403938.1#LOC135878308
LOC135877971	XM_065403490.1#LOC135877971
LOC135877094	XM_065402444.1#LOC135877094
LOC135877096	XM_065402447.1#LOC135877096
LOC135877453	XM_065402889.1#LOC135877453
LOC135877424	XM_065402854.1#LOC135877424
LOC135877424	XM_065402855.1#LOC135877424
LOC135877424	XM_065402856.1#LOC135877424
LOC135877097	XM_065402448.1#LOC135877097
LOC135877099	XM_065402450.1#LOC135877099
LOC135877470	XM_065402907.1#LOC135877470
LOC135877467	XM_065402905.1#LOC135877467
LOC135877426	XM_065402857.1#LOC135877426
LOC135877426	XM_065402858.1#LOC135877426
LOC135877426	XM_065402859.1#LOC135877426
LOC135877101	XM_065402451.1#LOC135877101
LOC135877103	XM_065402452.1#LOC135877103
LOC135877471	XM_065402908.1#LOC135877471
LOC135877468	XM_065402906.1#LOC135877468
LOC135877439	XM_065402872.1#LOC135877439
LOC135877439	XM_065402871.1#LOC135877439
LOC135877106	XM_065402454.1#LOC135877106
LOC135877107	XM_065402455.1#LOC135877107
LOC135877438	XM_065402870.1#LOC135877438
LOC135877458	XM_065402895.1#LOC135877458
LOC135877459	XM_065402896.1#LOC135877459
LOC135877451	XM_065402886.1#LOC135877451
LOC135877109	XM_065402457.1#LOC135877109
LOC135877110	XM_065402458.1#LOC135877110
LOC135877437	XM_065402869.1#LOC135877437
LOC135877442	XM_065402876.1#LOC135877442
LOC135877111	XM_065402459.1#LOC135877111
LOC135877112	XM_065402460.1#LOC135877112
LOC135877443	XM_065402877.1#LOC135877443
LOC135877446	XM_065402880.1#LOC135877446
LOC135877423	XM_065402853.1#LOC135877423
LOC135877441	XM_065402875.1#LOC135877441
LOC135877114	XM_065402461.1#LOC135877114
LOC135877449	XM_065402884.1#LOC135877449
LOC135877445	XM_065402879.1#LOC135877445
LOC135877450	XM_065402885.1#LOC135877450
LOC135877457	XM_065402892.1#LOC135877457
LOC135877473	XM_065402910.1#LOC135877473
LOC135877444	XM_065402878.1#LOC135877444
LOC135877440	XM_065402873.1#LOC135877440
LOC135877448	XM_065402883.1#LOC135877448
LOC135877452	XM_065402887.1#LOC135877452
LOC135877115	XM_065402462.1#LOC135877115
LOC135877447	XM_065402882.1#LOC135877447
LOC135877472	XM_065402909.1#LOC135877472
LOC135877455	XM_065402890.1#LOC135877455
LOC135877973	XM_065403491.1#LOC135877973
LOC135877974	XM_065403492.1#LOC135877974
NOL3	XM_065402902.1#NOL3
BCKDK	XM_065402863.1#BCKDK
VKORC1	XM_065402903.1#VKORC1
LOC135877418	XM_065402847.1#LOC135877418
LOC135877419	XM_065402848.1#LOC135877419
LOC135877413	XM_065402844.1#LOC135877413
LOC135877412	XM_065402842.1#LOC135877412
ZNF646	XM_065402845.1#ZNF646
ZNF668	XM_065402465.1#ZNF668
LOC135877428	XM_065402861.1#LOC135877428
LOC135877429	XM_065402862.1#LOC135877429
LOC135877417	XM_065402846.1#LOC135877417
LOC135877420	XM_065402850.1#LOC135877420
LOC135877422	XM_065402852.1#LOC135877422
LOC135877421	XM_065402851.1#LOC135877421
STX4	XM_065403026.1#STX4
STX1B	XM_065403084.1#STX1B
STX1B	XM_065403085.1#STX1B
STX1B	XM_065403083.1#STX1B
HSD3B7	XM_065404392.1#HSD3B7
SETD1A	XM_065404496.1#SETD1A
ORAI3	XM_065404208.1#ORAI3
ORAI3	XM_065404207.1#ORAI3
FBXL19	XM_065403739.1#FBXL19
LOC135877125	XM_065402470.1#LOC135877125
LOC135877126	XM_065402471.1#LOC135877126
CTF1	XM_065402469.1#CTF1
BCL7C	XM_065402468.1#BCL7C
LOC135877127	XM_065402472.1#LOC135877127
ZNF629	XM_065402474.1#ZNF629
LOC135876982	XM_065402298.1#LOC135876982
MAPK7	XM_065404391.1#MAPK7
LOC135878619	XM_065404336.1#LOC135878619
LOC135878720	XM_065404453.1#LOC135878720
LOC135878647	XM_065404368.1#LOC135878647
MFAP4	XM_065402866.1#MFAP4
LOC135877456	XM_065402891.1#LOC135877456
LOC135877131	XM_065402476.1#LOC135877131
LOC135877435	XM_065402868.1#LOC135877435
LOC135877133	XM_065402479.1#LOC135877133
LOC135877462	XM_065402900.1#LOC135877462
LOC135877461	XM_065402899.1#LOC135877461
LOC135877432	XM_065402864.1#LOC135877432
LOC135877137	XM_065402480.1#LOC135877137
LOC135877464	XM_065402901.1#LOC135877464
LOC135877460	XM_065402898.1#LOC135877460
LOC135877139	XM_065402483.1#LOC135877139
LOC135877433	XM_065402865.1#LOC135877433
LOC135878454	XM_065404130.1#LOC135878454
LOC135878741	XM_065404476.1#LOC135878741
LOC135877706	XM_065403249.1#LOC135877706
LOC135877143	XM_065402488.1#LOC135877143
LOC135878589	XM_065404294.1#LOC135878589
LOC135878721	XM_065404454.1#LOC135878721
ELOB	XM_065404204.1#ELOB
QPRT	XM_065404293.1#QPRT
MYL11	XM_065402408.1#MYL11
TBC1D10B	XM_065402405.1#TBC1D10B
LOC135877206	XM_065402586.1#LOC135877206
CD2BP2	XM_065403493.1#CD2BP2
ITGAL	XM_065404448.1#ITGAL
LOC135877978	XM_065403494.1#LOC135877978
THOC6	XM_065403122.1#THOC6
HCFC1R1	XM_065403958.1#HCFC1R1
HCFC1R1	XM_065403959.1#HCFC1R1
LOC135878274	XM_065403891.1#LOC135878274
LOC135894782	XM_065422876.1#LOC135894782
LOC135894780	XM_065422874.1#LOC135894780
LOC135894784	XM_065422877.1#LOC135894784
MFHAS1	XM_065405175.1#MFHAS1
ERI1	XM_065405323.1#ERI1
PPP1R3B	XM_065405542.1#PPP1R3B
TNKS	XM_065404557.1#TNKS
DUSP4	XM_065405083.1#DUSP4
LOC135879744	XM_065405801.1#LOC135879744
LOC135879744	XM_065405800.1#LOC135879744
LOC135879744	XM_065405799.1#LOC135879744
SPINK2	XM_065405820.1#SPINK2
HOPX	XM_065405417.1#HOPX
SPMAP2L	XM_065405089.1#SPMAP2L
ARL9	XM_065405299.1#ARL9
SRP72	XM_065404766.1#SRP72
LEPROTL1	XM_065404872.1#LEPROTL1
SARAF	XM_065404802.1#SARAF
SARAF	XM_065404804.1#SARAF
REST	XM_065404771.1#REST
NOA1	XM_065405096.1#NOA1
POLR2B	XM_065405781.1#POLR2B
IGFBP7	XM_065405606.1#IGFBP7
ADGRL3	XM_065405560.1#ADGRL3
ADGRL3	XM_065405559.1#ADGRL3
ADGRL3	XM_065405564.1#ADGRL3
ADGRL3	XM_065405568.1#ADGRL3
ADGRL3	XM_065405557.1#ADGRL3
ADGRL3	XM_065405563.1#ADGRL3
ADGRL3	XM_065405558.1#ADGRL3
ADGRL3	XM_065405565.1#ADGRL3
ADGRL3	XM_065405569.1#ADGRL3
ADGRL3	XM_065405562.1#ADGRL3
ADGRL3	XM_065405570.1#ADGRL3
ADGRL3	XM_065405566.1#ADGRL3
ADGRL3	XM_065405572.1#ADGRL3
ADGRL3	XM_065405573.1#ADGRL3
ADGRL3	XM_065405574.1#ADGRL3
ADGRL3	XM_065405571.1#ADGRL3
ADGRL3	XM_065405567.1#ADGRL3
TECRL	XM_065405552.1#TECRL
EPHA5	XM_065404779.1#EPHA5
EPHA5	XM_065404782.1#EPHA5
EPHA5	XM_065404780.1#EPHA5
EPHA5	XM_065404781.1#EPHA5
EPHA5	XM_065404778.1#EPHA5
CENPC	XM_065405105.1#CENPC
STAP1	XM_065405783.1#STAP1
UBA6	XM_065404743.1#UBA6
LOC135879199	XM_065405106.1#LOC135879199
LOC135879333	XM_065405288.1#LOC135879333
YTHDC1	XM_065404930.1#YTHDC1
LOC135878909	XM_065404653.1#LOC135878909
LOC135878909	XM_065404652.1#LOC135878909
LOC135878909	XM_065404651.1#LOC135878909
LOC135878909	XM_065404655.1#LOC135878909
LOC135878874	XM_065404594.1#LOC135878874
LOC135878874	XM_065404595.1#LOC135878874
LOC135878872	XM_065404590.1#LOC135878872
LOC135878884	XM_065404615.1#LOC135878884
SLC20A2	XM_065404660.1#SLC20A2
SMIM19	XM_065404997.1#SMIM19
LOC135879201	XM_065405108.1#LOC135879201
POMK	XM_065405834.1#POMK
HGSNAT	XM_065404579.1#HGSNAT
INTS10	XM_065404578.1#INTS10
INTS10	XM_065404574.1#INTS10
INTS10	XM_065404576.1#INTS10
INTS10	XM_065404575.1#INTS10
INTS10	XM_065404572.1#INTS10
INTS10	XM_065404577.1#INTS10
INTS10	XM_065404573.1#INTS10
CSGALNACT1	XM_065405375.1#CSGALNACT1
SH2D4A	XM_065405419.1#SH2D4A
GSR	XM_065404839.1#GSR
PPP2CB	XM_065405617.1#PPP2CB
TEX15	XM_065405791.1#TEX15
PURG	XM_065405612.1#PURG
WRN	XM_065405267.1#WRN
GTF2E2	XM_065405140.1#GTF2E2
GTF2E2	XM_065405141.1#GTF2E2
SMIM18	XM_065404635.1#SMIM18
RBPMS	XM_065405404.1#RBPMS
DCTN6	XM_065405123.1#DCTN6
MBOAT4	XM_065405805.1#MBOAT4
PRAG1	XM_065405626.1#PRAG1
CLDN23	XM_065405844.1#CLDN23
USO1	XM_065404944.1#USO1
USO1	XM_065404945.1#USO1
G3BP2	XM_065404583.1#G3BP2
G3BP2	XM_065404584.1#G3BP2
CDKL2	XM_065405266.1#CDKL2
THAP6	XM_065405396.1#THAP6
RCHY1	XM_065404763.1#RCHY1
PARM1	XM_065404684.1#PARM1
BTC	XM_065405111.1#BTC
AREG	XM_065405836.1#AREG
EREG	XM_065405833.1#EREG
EPGN	XM_065405651.1#EPGN
MTHFD2L	XM_065405331.1#MTHFD2L
LOC135878848	XM_065404555.1#LOC135878848
LOC135879437	XM_065405413.1#LOC135879437
LOC135879335	XM_065405289.1#LOC135879335
LOC135879207	XM_065405113.1#LOC135879207
LOC135879286	XM_065405212.1#LOC135879286
LOC135879407	XM_065405380.1#LOC135879407
LOC135879429	XM_065405406.1#LOC135879429
LOC135879352	XM_065405316.1#LOC135879352
LOC135879352	XM_065405314.1#LOC135879352
LOC135879208	XM_065405115.1#LOC135879208
LOC135879409	XM_065405385.1#LOC135879409
LOC135879392	XM_065405360.1#LOC135879392
RASSF6	XM_065405415.1#RASSF6
LOC135879151	XM_065405014.1#LOC135879151
LOC135879194	XM_065405099.1#LOC135879194
ANKRD17	XM_065405663.1#ANKRD17
ANKRD17	XM_065405664.1#ANKRD17
ANKRD17	XM_065405665.1#ANKRD17
LOC135879106	XM_065404948.1#LOC135879106
ADAMTS3	XM_065405119.1#ADAMTS3
NPFFR2	XM_065405450.1#NPFFR2
GC	XM_065405120.1#GC
SLC4A4	XM_065404796.1#SLC4A4
SLC4A4	XM_065404797.1#SLC4A4
DCK	XM_065405429.1#DCK
MOB1B	XM_065404993.1#MOB1B
GRSF1	XM_065405657.1#GRSF1
RUFY3	XM_065405677.1#RUFY3
RUFY3	XM_065405680.1#RUFY3
RUFY3	XM_065405679.1#RUFY3
UTP3	XM_065405298.1#UTP3
JCHAIN	XM_065405103.1#JCHAIN
LOC135878918	XM_065404664.1#LOC135878918
LOC135878847	XM_065404554.1#LOC135878847
LOC135879784	XM_065405848.1#LOC135879784
LOC135879761	XM_065405823.1#LOC135879761
LOC135879775	XM_065405838.1#LOC135879775
LOC135879778	XM_065405841.1#LOC135879778
SDAD1	XM_065404848.1#SDAD1
NAAA	XM_065405475.1#NAAA
PPEF2	XM_065405262.1#PPEF2
NUP54	XM_065404877.1#NUP54
SCARB2	XM_065405163.1#SCARB2
FAM47E	XM_065405122.1#FAM47E
STBD1	XM_065405581.1#STBD1
CCDC158	XM_065405655.1#CCDC158
SHROOM3	XM_065405263.1#SHROOM3
LOC135879506	XM_065405516.1#LOC135879506
SOWAHB	XM_065404553.1#SOWAHB
SEPTIN11	XM_065405202.1#SEPTIN11
CCNI	XM_065405203.1#CCNI
CCNG2	XM_065404789.1#CCNG2
LOC135878850	XM_065404558.1#LOC135878850
LOC135878920	XM_065404667.1#LOC135878920
CNOT6L	XM_065404714.1#CNOT6L
MRPL1	XM_065405172.1#MRPL1
FRAS1	XM_065405125.1#FRAS1
ANXA3	XM_065404991.1#ANXA3
LOC135879219	XM_065405126.1#LOC135879219
BMP2K	XM_065404958.1#BMP2K
BMP2K	XM_065404960.1#BMP2K
BMP2K	XM_065404957.1#BMP2K
PAQR3	XM_065405425.1#PAQR3
ANTXR2	XM_065405127.1#ANTXR2
PRDM8	XM_065405641.1#PRDM8
FGF5	XM_065405540.1#FGF5
CFAP299	XM_065405676.1#CFAP299
BMP3	XM_065405530.1#BMP3
RASGEF1B	XM_065405027.1#RASGEF1B
RASGEF1B	XM_065405029.1#RASGEF1B
RASGEF1B	XM_065405028.1#RASGEF1B
LOC135879221	XM_065405128.1#LOC135879221
HNRNPD	XM_065404666.1#HNRNPD
HNRNPD	XM_065404665.1#HNRNPD
HNRNPDL	XM_065404663.1#HNRNPDL
ENOPH1	XM_065405347.1#ENOPH1
TMEM150C	XM_065405694.1#TMEM150C
TMEM150C	XM_065405693.1#TMEM150C
SCD5	XM_065405251.1#SCD5
SEC31A	XM_065405459.1#SEC31A
SEC31A	XM_065405458.1#SEC31A
SEC31A	XM_065405461.1#SEC31A
SEC31A	XM_065405457.1#SEC31A
SEC31A	XM_065405460.1#SEC31A
THAP9	XM_065404551.1#THAP9
LIN54	XM_065405003.1#LIN54
LIN54	XM_065405006.1#LIN54
LIN54	XM_065405005.1#LIN54
LIN54	XM_065405004.1#LIN54
COPS4	XM_065404792.1#COPS4
STPG2	XM_065405786.1#STPG2
UNC5C	XM_065404905.1#UNC5C
BMPR1B	XM_065404550.1#BMPR1B
PDLIM5	XM_065404810.1#PDLIM5
LOC135879154	XM_065405018.1#LOC135879154
HPGDS	XM_065405695.1#HPGDS
SMARCAD1	XM_065404628.1#SMARCAD1
ATOH1	XM_065405793.1#ATOH1
GRID2	XM_065405037.1#GRID2
GRID2	XM_065405036.1#GRID2
CCSER1	XM_065405630.1#CCSER1
MMRN1	XM_065405236.1#MMRN1
SNCA	XM_065405300.1#SNCA
GPRIN3	XM_065404582.1#GPRIN3
FAM13A	XM_065404718.1#FAM13A
HERC3	XM_065404824.1#HERC3
LOC135879026	XM_065404827.1#LOC135879026
LOC135879025	XM_065404826.1#LOC135879025
PYURF	XM_065404828.1#PYURF
PIGY	XM_065404829.1#PIGY
LOC135879024	XM_065404825.1#LOC135879024
PPM1K	XM_065405007.1#PPM1K
LOC135879399	XM_065405370.1#LOC135879399
LOC135879400	XM_065405371.1#LOC135879400
PKD2	XM_065405084.1#PKD2
SPP1	XM_065405668.1#SPP1
IBSP	XM_065405819.1#IBSP
DMP1	XM_065405690.1#DMP1
SPARCL1	XM_065405214.1#SPARCL1
NUDT9	XM_065405023.1#NUDT9
NUDT9	XM_065405020.1#NUDT9
NUDT9	XM_065405025.1#NUDT9
NUDT9	XM_065405021.1#NUDT9
NUDT9	XM_065405024.1#NUDT9
NUDT9	XM_065405022.1#NUDT9
LOC135879324	XM_065405272.1#LOC135879324
LOC135878858	XM_065404570.1#LOC135878858
KLHL8	XM_065405252.1#KLHL8
LOC135879231	XM_065405145.1#LOC135879231
LOC135878876	XM_065404597.1#LOC135878876
LOC135878876	XM_065404598.1#LOC135878876
C5H4orf36	XM_065404636.1#C5H4orf36
PTPN13	XM_065404715.1#PTPN13
MAPK10	XM_065404618.1#MAPK10
MAPK10	XM_065404619.1#MAPK10
MAPK10	XM_065404620.1#MAPK10
MAPK10	XM_065404621.1#MAPK10
MAPK10	XM_065404622.1#MAPK10
ARHGAP24	XM_065404926.1#ARHGAP24
ARHGAP24	XM_065404925.1#ARHGAP24
ARHGAP24	XM_065404927.1#ARHGAP24
WDFY3	XM_065404726.1#WDFY3
CDS1	XM_065405146.1#CDS1
NKX6-1	XM_065405500.1#NKX6-1
GPAT3	XM_065405204.1#GPAT3
ABRAXAS1	XM_065404679.1#ABRAXAS1
MRPS18C	XM_065404681.1#MRPS18C
MRPS18C	XM_065404680.1#MRPS18C
HELQ	XM_065404956.1#HELQ
HPSE	XM_065404805.1#HPSE
COQ2	XM_065405190.1#COQ2
PLAC8	XM_065405610.1#PLAC8
ANK2	XM_065405155.1#ANK2
LARP7	XM_065404950.1#LARP7
LARP7	XM_065404949.1#LARP7
ZGRF1	XM_065405157.1#ZGRF1
NEUROG2	XM_065405554.1#NEUROG2
ALPK1	XM_065405407.1#ALPK1
TIFA	XM_065404710.1#TIFA
TIFA	XM_065404712.1#TIFA
AP1AR	XM_065405499.1#AP1AR
FAM241A	XM_065405158.1#FAM241A
PITX2	XM_065405249.1#PITX2
PITX2	XM_065405248.1#PITX2
ENPEP	XM_065404971.1#ENPEP
ELOVL6	XM_065405546.1#ELOVL6
EGF	XM_065405365.1#EGF
LRIT3	XM_065405817.1#LRIT3
RRH	XM_065405807.1#RRH
GAR1	XM_065404886.1#GAR1
CFI	XM_065405177.1#CFI
PLA2G12A	XM_065404879.1#PLA2G12A
CASP6	XM_065404847.1#CASP6
MCUB	XM_065405218.1#MCUB
MCUB	XM_065405219.1#MCUB
SEC24B	XM_065405160.1#SEC24B
ETNPPL	XM_065405222.1#ETNPPL
OSTC	XM_065404624.1#OSTC
OSTC	XM_065404623.1#OSTC
RPL34	XM_065405153.1#RPL34
LEF1	XM_065405853.1#LEF1
LEF1	XM_065405850.1#LEF1
LEF1	XM_065405854.1#LEF1
LEF1	XM_065405851.1#LEF1
HADH	XM_065405094.1#HADH
HADH	XM_065405093.1#HADH
LOC135879433	XM_065405410.1#LOC135879433
SGMS2	XM_065405351.1#SGMS2
PAPSS1	XM_065405035.1#PAPSS1
DKK2	XM_065405643.1#DKK2
GIMD1	XM_065405840.1#GIMD1
AIMP1	XM_065404830.1#AIMP1
AIMP1	XM_065404831.1#AIMP1
AIMP1	XM_065404832.1#AIMP1
TBCK	XM_065404906.1#TBCK
NPNT	XM_065405355.1#NPNT
GSTCD	XM_065405313.1#GSTCD
INTS12	XM_065405229.1#INTS12
ARHGEF38	XM_065405625.1#ARHGEF38
PPA2	XM_065405080.1#PPA2
PPA2	XM_065405078.1#PPA2
TET2	XM_065405386.1#TET2
CXXC4	XM_065405165.1#CXXC4
TACR3	XM_065405295.1#TACR3
LOC135879481	XM_065405474.1#LOC135879481
CENPE	XM_065405362.1#CENPE
BDH2	XM_065405356.1#BDH2
SLC9B2	XM_065405411.1#SLC9B2
CISD2	XM_065405001.1#CISD2
UBE2D3	XM_065405527.1#UBE2D3
UBE2D3	XM_065405529.1#UBE2D3
MANBA	XM_065404604.1#MANBA
NFKB1	XM_065404850.1#NFKB1
SLC39A8	XM_065405367.1#SLC39A8
BANK1	XM_065405166.1#BANK1
PPP3CA	XM_065404734.1#PPP3CA
EMCN	XM_065405167.1#EMCN
DDIT4L	XM_065405797.1#DDIT4L
LOC135878886	XM_065404616.1#LOC135878886
DNAJB14	XM_065404816.1#DNAJB14
DNAJB14	XM_065404817.1#DNAJB14
DNAJB14	XM_065404818.1#DNAJB14
LAMTOR3	XM_065404585.1#LAMTOR3
DAPP1	XM_065405588.1#DAPP1
C5H4orf54	XM_065404669.1#C5H4orf54
MTTP	XM_065405423.1#MTTP
TRMT10A	XM_065404995.1#TRMT10A
C5H4orf17	XM_065404588.1#C5H4orf17
LOC135878915	XM_065404661.1#LOC135878915
LOC135878944	XM_065404704.1#LOC135878944
LOC135878936	XM_065404694.1#LOC135878936
LOC135879754	XM_065405816.1#LOC135879754
METAP1	XM_065404940.1#METAP1
EIF4E	XM_065404720.1#EIF4E
EIF4E	XM_065404721.1#EIF4E
TSPAN5	XM_065405231.1#TSPAN5
TSPAN5	XM_065405232.1#TSPAN5
RAP1GDS1	XM_065404760.1#RAP1GDS1
LOC135879250	XM_065405168.1#LOC135879250
CAMK2D	XM_065405038.1#CAMK2D
CAMK2D	XM_065405063.1#CAMK2D
CAMK2D	XM_065405058.1#CAMK2D
CAMK2D	XM_065405056.1#CAMK2D
CAMK2D	XM_065405045.1#CAMK2D
CAMK2D	XM_065405061.1#CAMK2D
CAMK2D	XM_065405060.1#CAMK2D
CAMK2D	XM_065405051.1#CAMK2D
CAMK2D	XM_065405062.1#CAMK2D
CAMK2D	XM_065405059.1#CAMK2D
CAMK2D	XM_065405048.1#CAMK2D
CAMK2D	XM_065405046.1#CAMK2D
CAMK2D	XM_065405044.1#CAMK2D
CAMK2D	XM_065405049.1#CAMK2D
CAMK2D	XM_065405052.1#CAMK2D
CAMK2D	XM_065405050.1#CAMK2D
CAMK2D	XM_065405043.1#CAMK2D
CAMK2D	XM_065405040.1#CAMK2D
CAMK2D	XM_065405053.1#CAMK2D
CAMK2D	XM_065405047.1#CAMK2D
CAMK2D	XM_065405039.1#CAMK2D
ARSJ	XM_065405509.1#ARSJ
UGT8	XM_065405658.1#UGT8
LOC135879050	XM_065404857.1#LOC135879050
LOC135879050	XM_065404858.1#LOC135879050
LOC135879535	XM_065405549.1#LOC135879535
LOC135879032	XM_065404835.1#LOC135879032
LOC135879032	XM_065404836.1#LOC135879032
LOC135879032	XM_065404837.1#LOC135879032
PRSS12	XM_065405227.1#PRSS12
METTL14	XM_065404695.1#METTL14
METTL14	XM_065404696.1#METTL14
SEC24D	XM_065405121.1#SEC24D
SYNPO2	XM_065405358.1#SYNPO2
MYOZ2	XM_065405771.1#MYOZ2
USP53	XM_065405345.1#USP53
FABP2	XM_065405544.1#FABP2
PDE5A	XM_065405011.1#PDE5A
RPL7L1	XM_065404929.1#RPL7L1
MAD2L1	XM_065405613.1#MAD2L1
PRDM5	XM_065405377.1#PRDM5
PRDM5	XM_065405376.1#PRDM5
NDNF	XM_065405659.1#NDNF
TNIP3	XM_065405701.1#TNIP3
QRFPR	XM_065405446.1#QRFPR
ANXA5	XM_065404701.1#ANXA5
SMIM43	XM_065405702.1#SMIM43
EXOSC9	XM_065404633.1#EXOSC9
CCNA2	XM_065405330.1#CCNA2
BBS7	XM_065404632.1#BBS7
TRPC3	XM_065404844.1#TRPC3
BLTP1	XM_065404647.1#BLTP1
ADAD1	XM_065405448.1#ADAD1
LOC135879251	XM_065405169.1#LOC135879251
BBS12	XM_065405699.1#BBS12
FGF2	XM_065405422.1#FGF2
NUDT6	XM_065405547.1#NUDT6
AFG2A	XM_065405034.1#AFG2A
SPRY1	XM_065405463.1#SPRY1
ANKRD50	XM_065405624.1#ANKRD50
FAT4	XM_065405846.1#FAT4
INTU	XM_065405534.1#INTU
SLC25A31	XM_065405191.1#SLC25A31
HSPA4L	XM_065404646.1#HSPA4L
HSPA4L	XM_065404644.1#HSPA4L
HSPA4L	XM_065404645.1#HSPA4L
LOC135879650	XM_065405703.1#LOC135879650
PLK4	XM_065404671.1#PLK4
MFSD8	XM_065404851.1#MFSD8
ABHD18	XM_065404677.1#ABHD18
ABHD18	XM_065404675.1#ABHD18
ABHD18	XM_065404676.1#ABHD18
LARP1B	XM_065404658.1#LARP1B
PGRMC2	XM_065404941.1#PGRMC2
JADE1	XM_065404866.1#JADE1
JADE1	XM_065404867.1#JADE1
SCLT1	XM_065404799.1#SCLT1
LOC135879007	XM_065404798.1#LOC135879007
LOC135879651	XM_065405704.1#LOC135879651
PCDH10	XM_065405253.1#PCDH10
PCDH10	XM_065405254.1#PCDH10
PCDH18	XM_065405464.1#PCDH18
PCDH18	XM_065405466.1#PCDH18
SLC7A11	XM_065404657.1#SLC7A11
NOCT	XM_065404745.1#NOCT
NOCT	XM_065404746.1#NOCT
ELF2	XM_065404888.1#ELF2
ELF2	XM_065404887.1#ELF2
ELF2	XM_065404890.1#ELF2
ELF2	XM_065404891.1#ELF2
MGARP	XM_065404855.1#MGARP
NAA15	XM_065404973.1#NAA15
RAB33B	XM_065405213.1#RAB33B
LOC135878974	XM_065404747.1#LOC135878974
SETD7	XM_065405607.1#SETD7
MGST2	XM_065405673.1#MGST2
MAML3	XM_065405194.1#MAML3
SCOC	XM_065404678.1#SCOC
CLGN	XM_065405143.1#CLGN
MGAT4D	XM_065405811.1#MGAT4D
MGAT4D	XM_065405810.1#MGAT4D
MGAT4D	XM_065405808.1#MGAT4D
ELMOD2	XM_065405814.1#ELMOD2
ELMOD2	XM_065405813.1#ELMOD2
TBC1D9	XM_065404769.1#TBC1D9
TBC1D9	XM_065404770.1#TBC1D9
TBC1D9	XM_065404768.1#TBC1D9
RNF150	XM_065405812.1#RNF150
ZNF330	XM_065405389.1#ZNF330
IL15	XM_065405010.1#IL15
INPP4B	XM_065404687.1#INPP4B
INPP4B	XM_065404692.1#INPP4B
INPP4B	XM_065404693.1#INPP4B
INPP4B	XM_065404689.1#INPP4B
INPP4B	XM_065404691.1#INPP4B
INPP4B	XM_065404688.1#INPP4B
INPP4B	XM_065404690.1#INPP4B
INPP4B	XM_065404686.1#INPP4B
USP38	XM_065404659.1#USP38
GAB1	XM_065405352.1#GAB1
GAB1	XM_065405353.1#GAB1
SMARCA5	XM_065404569.1#SMARCA5
FREM3	XM_065405346.1#FREM3
LOC135879123	XM_065404977.1#LOC135879123
LOC135879123	XM_065404975.1#LOC135879123
LOC135879123	XM_065404976.1#LOC135879123
HHIP	XM_065405342.1#HHIP
ANAPC10	XM_065404903.1#ANAPC10
ANAPC10	XM_065404895.1#ANAPC10
ANAPC10	XM_065404899.1#ANAPC10
ANAPC10	XM_065404898.1#ANAPC10
ANAPC10	XM_065404896.1#ANAPC10
ANAPC10	XM_065404900.1#ANAPC10
ANAPC10	XM_065404901.1#ANAPC10
ABCE1	XM_065404637.1#ABCE1
LOC135879282	XM_065405205.1#LOC135879282
LOC135879284	XM_065405210.1#LOC135879284
LOC135879283	XM_065405206.1#LOC135879283
LOC135879283	XM_065405207.1#LOC135879283
LOC135879283	XM_065405209.1#LOC135879283
SMAD1	XM_065404732.1#SMAD1
SMAD1	XM_065404733.1#SMAD1
MMAA	XM_065405508.1#MMAA
C5H4orf51	XM_065405705.1#C5H4orf51
ZNF827	XM_065405706.1#ZNF827
LSM6	XM_065405287.1#LSM6
LSM6	XM_065405286.1#LSM6
REELD1	XM_065405707.1#REELD1
SLC10A7	XM_065405265.1#SLC10A7
POU4F2	XM_065405348.1#POU4F2
TTC29	XM_065405709.1#TTC29
EDNRA	XM_065405074.1#EDNRA
EDNRA	XM_065405075.1#EDNRA
TMEM184C	XM_065405710.1#TMEM184C
PRMT9	XM_065405000.1#PRMT9
ARHGAP10	XM_065405556.1#ARHGAP10
NR3C2	XM_065405555.1#NR3C2
DCLK2	XM_065404874.1#DCLK2
LRBA	XM_065405711.1#LRBA
MAB21L2	XM_065405631.1#MAB21L2
RPS3A	XM_065405839.1#RPS3A
SH3D19	XM_065405712.1#SH3D19
FHIP1A	XM_065405548.1#FHIP1A
GATB	XM_065405230.1#GATB
FBXW7	XM_065404806.1#FBXW7
FBXW7	XM_065404808.1#FBXW7
FBXW7	XM_065404807.1#FBXW7
TMEM154	XM_065405698.1#TMEM154
TIGD4	XM_065404589.1#TIGD4
ARFIP1	XM_065404838.1#ARFIP1
FHDC1	XM_065405577.1#FHDC1
TRIM2	XM_065404559.1#TRIM2
TRIM2	XM_065404561.1#TRIM2
TRIM2	XM_065404560.1#TRIM2
TRIM2	XM_065404563.1#TRIM2
TRIM2	XM_065404562.1#TRIM2
MND1	XM_065405580.1#MND1
TMEM131L	XM_065404730.1#TMEM131L
LOC135879253	XM_065405171.1#LOC135879253
LOC135879203	XM_065405110.1#LOC135879203
RNF175	XM_065405713.1#RNF175
SFRP2	XM_065405433.1#SFRP2
DCHS2	XM_065405322.1#DCHS2
PLRG1	XM_065405076.1#PLRG1
FGB	XM_065405282.1#FGB
FGB	XM_065405283.1#FGB
FGB	XM_065405284.1#FGB
FGA	XM_065405326.1#FGA
FGG	XM_065405399.1#FGG
LRAT	XM_065405790.1#LRAT
RBM46	XM_065404947.1#RBM46
NPY2R	XM_065405780.1#NPY2R
MAP9	XM_065405524.1#MAP9
GUCY1A1	XM_065405233.1#GUCY1A1
GUCY1A1	XM_065405234.1#GUCY1A1
GUCY1B1	XM_065405302.1#GUCY1B1
ASIC5	XM_065405714.1#ASIC5
TDO2	XM_065405511.1#TDO2
CTSO	XM_065405611.1#CTSO
PDGFC	XM_065405478.1#PDGFC
GLRB	XM_065405198.1#GLRB
GRIA2	XM_065404772.1#GRIA2
GRIA2	XM_065404773.1#GRIA2
GRIA2	XM_065404775.1#GRIA2
LOC135879663	XM_065405715.1#LOC135879663
GASK1B	XM_065405502.1#GASK1B
GASK1B	XM_065405501.1#GASK1B
TMEM144	XM_065405585.1#TMEM144
RXFP1	XM_065405097.1#RXFP1
RXFP1	XM_065405098.1#RXFP1
C5H4orf46	XM_065405327.1#C5H4orf46
ETFDH	XM_065404992.1#ETFDH
PPID	XM_065404713.1#PPID
FNIP2	XM_065405522.1#FNIP2
SPMIP2	XM_065405523.1#SPMIP2
RAPGEF2	XM_065405517.1#RAPGEF2
RAPGEF2	XM_065405518.1#RAPGEF2
RAPGEF2	XM_065405519.1#RAPGEF2
RAPGEF2	XM_065405520.1#RAPGEF2
RAPGEF2	XM_065405521.1#RAPGEF2
FSTL5	XM_065405185.1#FSTL5
FSTL5	XM_065405184.1#FSTL5
NAF1	XM_065405525.1#NAF1
NPY1R	XM_065405428.1#NPY1R
NPY5R	XM_065405837.1#NPY5R
TMA16	XM_065405211.1#TMA16
MARCHF1	XM_065405553.1#MARCHF1
APELA	XM_065404650.1#APELA
LOC135878867	XM_065404586.1#LOC135878867
TMEM192	XM_065405653.1#TMEM192
KLHL2	XM_065405012.1#KLHL2
MSMO1	XM_065405537.1#MSMO1
CPE	XM_065405176.1#CPE
TLL1	XM_065404705.1#TLL1
TLL1	XM_065404706.1#TLL1
SPOCK3	XM_065405133.1#SPOCK3
SPOCK3	XM_065405132.1#SPOCK3
SPOCK3	XM_065405131.1#SPOCK3
SPOCK3	XM_065405130.1#SPOCK3
LOC135879088	XM_065404921.1#LOC135879088
LOC135879141	XM_065405002.1#LOC135879141
LOC135878988	XM_065404765.1#LOC135878988
PALLD	XM_065404625.1#PALLD
PALLD	XM_065404626.1#PALLD
CBR4	XM_065405329.1#CBR4
CBR4	XM_065405328.1#CBR4
SH3RF1	XM_065405235.1#SH3RF1
NEK1	XM_065404788.1#NEK1
CLCN3	XM_065405796.1#CLCN3
LOC135879404	XM_065405378.1#LOC135879404
MFAP3L	XM_065405633.1#MFAP3L
LOC135879327	XM_065405278.1#LOC135879327
AADAT	XM_065404913.1#AADAT
AADAT	XM_065404915.1#AADAT
AADAT	XM_065404912.1#AADAT
GALNTL6	XM_065405341.1#GALNTL6
GALNT7	XM_065404843.1#GALNT7
HMGB2	XM_065404736.1#HMGB2
SAP30	XM_065405294.1#SAP30
SCRG1	XM_065404596.1#SCRG1
HAND2	XM_065405479.1#HAND2
LOC135879666	XM_065405716.1#LOC135879666
FBXO8	XM_065404777.1#FBXO8
CEP44	XM_065405418.1#CEP44
HPGD	XM_065405627.1#HPGD
GLRA3	XM_065405178.1#GLRA3
GLRA3	XM_065405179.1#GLRA3
GPM6A	XM_065404875.1#GPM6A
WDR17	XM_065405148.1#WDR17
WDR17	XM_065405149.1#WDR17
WDR17	XM_065405151.1#WDR17
WDR17	XM_065405152.1#WDR17
SPATA4	XM_065405827.1#SPATA4
ASB5	XM_065405291.1#ASB5
ASB5	XM_065405293.1#ASB5
SPCS3	XM_065404820.1#SPCS3
VEGFC	XM_065404876.1#VEGFC
NEIL3	XM_065405543.1#NEIL3
AGA	XM_065404962.1#AGA
AGA	XM_065404961.1#AGA
TENM3	XM_065405305.1#TENM3
TENM3	XM_065405306.1#TENM3
TENM3	XM_065405307.1#TENM3
TENM3	XM_065405308.1#TENM3
TENM3	XM_065405309.1#TENM3
TENM3	XM_065405310.1#TENM3
TENM3	XM_065405311.1#TENM3
TENM3	XM_065405312.1#TENM3
DCTD	XM_065405456.1#DCTD
WWC2	XM_065405033.1#WWC2
LOC135879726	XM_065405782.1#LOC135879726
CDKN2AIP	XM_065404852.1#CDKN2AIP
LOC135879667	XM_065405718.1#LOC135879667
ING2	XM_065405196.1#ING2
RWDD4	XM_065405081.1#RWDD4
TRAPPC11	XM_065404567.1#TRAPPC11
STOX2	XM_065405672.1#STOX2
ENPP6	XM_065405594.1#ENPP6
IRF2	XM_065405335.1#IRF2
IRF2	XM_065405338.1#IRF2
IRF2	XM_065405337.1#IRF2
CASP3	XM_065404801.1#CASP3
PRIMPOL	XM_065405400.1#PRIMPOL
CENPU	XM_065404987.1#CENPU
CENPU	XM_065404986.1#CENPU
CENPU	XM_065404985.1#CENPU
CENPU	XM_065404984.1#CENPU
CENPU	XM_065404989.1#CENPU
CENPU	XM_065404983.1#CENPU
ACSL1	XM_065405332.1#ACSL1
HELT	XM_065405842.1#HELT
HELT	XM_065405843.1#HELT
LOC135879668	XM_065405719.1#LOC135879668
SLC25A4	XM_065405182.1#SLC25A4
CFAP97	XM_065405593.1#CFAP97
SNX25	XM_065405159.1#SNX25
LRP2BP	XM_065405582.1#LRP2BP
ANKRD37	XM_065405720.1#ANKRD37
UFSP2	XM_065404952.1#UFSP2
CFAP96	XM_065405340.1#CFAP96
CCDC110	XM_065405795.1#CCDC110
PDLIM3	XM_065405072.1#PDLIM3
PDLIM3	XM_065405069.1#PDLIM3
PDLIM3	XM_065405071.1#PDLIM3
SORBS2	XM_065404610.1#SORBS2
SORBS2	XM_065404607.1#SORBS2
SORBS2	XM_065404609.1#SORBS2
SORBS2	XM_065404612.1#SORBS2
SORBS2	XM_065404608.1#SORBS2
TLR3	XM_065405195.1#TLR3
FAM149A	XM_065405467.1#FAM149A
LOC135879323	XM_065405269.1#LOC135879323
LOC135879671	XM_065405721.1#LOC135879671
LOC135879672	XM_065405722.1#LOC135879672
KLKB1	XM_065405181.1#KLKB1
MTNR1A	XM_065405174.1#MTNR1A
FAT1	XM_065405092.1#FAT1
FAT1	XM_065405091.1#FAT1
FAT1	XM_065405090.1#FAT1
FRG1	XM_065405030.1#FRG1
ASAH1	XM_065404683.1#ASAH1
LOC135879524	XM_065405538.1#LOC135879524
PCM1	XM_065405173.1#PCM1
FGL1	XM_065405639.1#FGL1
MTUS1	XM_065405100.1#MTUS1
MTUS1	XM_065405102.1#MTUS1
SLC7A2	XM_065404757.1#SLC7A2
SLC7A2	XM_065404756.1#SLC7A2
MTMR7	XM_065404955.1#MTMR7
VPS37A	XM_065404794.1#VPS37A
VPS37A	XM_065404793.1#VPS37A
CNOT7	XM_065404649.1#CNOT7
ZDHHC2	XM_065404979.1#ZDHHC2
MICU3	XM_065405388.1#MICU3
FGF20	XM_065405409.1#FGF20
MSR1	XM_065405723.1#MSR1
TUSC3	XM_065404969.1#TUSC3
SGCZ	XM_065405277.1#SGCZ
SGCZ	XM_065405276.1#SGCZ
SGCZ	XM_065405275.1#SGCZ
DLC1	XM_065405826.1#DLC1
TRMT9B	XM_065405675.1#TRMT9B
LONRF1	XM_065404599.1#LONRF1
LOC135878878	XM_065404600.1#LOC135878878
PAICS	XM_065404631.1#PAICS
PPAT	XM_065404629.1#PPAT
PPAT	XM_065404630.1#PPAT
AASDH	XM_065404672.1#AASDH
CRACD	XM_065405471.1#CRACD
CEP135	XM_065405725.1#CEP135
EXOC1	XM_065404752.1#EXOC1
EXOC1L	XM_065404700.1#EXOC1L
NMU	XM_065405830.1#NMU
PDCL2	XM_065405726.1#PDCL2
CLOCK	XM_065405772.1#CLOCK
TMEM165	XM_065405086.1#TMEM165
SRD5A3	XM_065405297.1#SRD5A3
KDR	XM_065404670.1#KDR
KIT	XM_065404819.1#KIT
PDGFRA	XM_065405237.1#PDGFRA
GSX2	XM_065405589.1#GSX2
CHIC2	XM_065404909.1#CHIC2
LNX1	XM_065405257.1#LNX1
LNX1	XM_065405258.1#LNX1
FIP1L1	XM_065405245.1#FIP1L1
FIP1L1	XM_065405243.1#FIP1L1
FIP1L1	XM_065405240.1#FIP1L1
FIP1L1	XM_065405244.1#FIP1L1
FIP1L1	XM_065405242.1#FIP1L1
FIP1L1	XM_065405239.1#FIP1L1
FIP1L1	XM_065405238.1#FIP1L1
SCFD2	XM_065405129.1#SCFD2
RASL11B	XM_065405608.1#RASL11B
USP46	XM_065405368.1#USP46
SPATA18	XM_065405619.1#SPATA18
SGCB	XM_065405421.1#SGCB
DCUN1D4	XM_065404943.1#DCUN1D4
CWH43	XM_065405727.1#CWH43
OCIAD1	XM_065404717.1#OCIAD1
OCIAD1	XM_065404716.1#OCIAD1
FRYL	XM_065404953.1#FRYL
ZAR1	XM_065405532.1#ZAR1
SLC10A4	XM_065405387.1#SLC10A4
SLAIN2	XM_065405268.1#SLAIN2
TEC	XM_065404565.1#TEC
TXK	XM_065404674.1#TXK
NIPAL1	XM_065405729.1#NIPAL1
CNGA1	XM_065405144.1#CNGA1
NFXL1	XM_065404922.1#NFXL1
CORIN	XM_065405296.1#CORIN
ATP10D	XM_065405730.1#ATP10D
COMMD8	XM_065405256.1#COMMD8
COMMD8	XM_065405255.1#COMMD8
GABRB1	XM_065404762.1#GABRB1
GABRB1	XM_065404761.1#GABRB1
GABRA4	XM_065404602.1#GABRA4
GABRA4	XM_065404601.1#GABRA4
GABRA2	XM_065404702.1#GABRA2
GABRG1	XM_065404642.1#GABRG1
GNPDA2	XM_065405136.1#GNPDA2
GUF1	XM_065405472.1#GUF1
YIPF7	XM_065405431.1#YIPF7
KCTD8	XM_065405535.1#KCTD8
GRXCR1	XM_065405824.1#GRXCR1
ATP8A1	XM_065405013.1#ATP8A1
SHISA3	XM_065405806.1#SHISA3
BEND4	XM_065405650.1#BEND4
SLC30A9	XM_065404873.1#SLC30A9
TMEM33	XM_065404767.1#TMEM33
PHOX2B	XM_065405447.1#PHOX2B
LIMCH1	XM_065405513.1#LIMCH1
UCHL1	XM_065405221.1#UCHL1
APBB2	XM_065405514.1#APBB2
NSUN7	XM_065405592.1#NSUN7
RBM47	XM_065405161.1#RBM47
RBM47	XM_065405162.1#RBM47
CHRNA9	XM_065405424.1#CHRNA9
RHOH	XM_065405628.1#RHOH
N4BP2	XM_065405077.1#N4BP2
PDS5A	XM_065405775.1#PDS5A
PDS5A	XM_065405774.1#PDS5A
PDS5A	XM_065405776.1#PDS5A
UBE2K	XM_065405777.1#UBE2K
UBE2K	XM_065405778.1#UBE2K
UBE2K	XM_065405779.1#UBE2K
SMIM14	XM_065405526.1#SMIM14
UGDH	XM_065405138.1#UGDH
UGDH	XM_065405139.1#UGDH
LIAS	XM_065405223.1#LIAS
RPL9	XM_065404709.1#RPL9
KLB	XM_065405505.1#KLB
RFC1	XM_065404931.1#RFC1
WDR19	XM_065404994.1#WDR19
KLHL5	XM_065404823.1#KLHL5
KLHL5	XM_065404822.1#KLHL5
TMEM156	XM_065404566.1#TMEM156
FAM114A1	XM_065405357.1#FAM114A1
LOC135879056	XM_065404871.1#LOC135879056
LOC135879067	XM_065404884.1#LOC135879067
KLF3	XM_065404938.1#KLF3
KLF3	XM_065404935.1#KLF3
KLF3	XM_065404933.1#KLF3
KLF3	XM_065404937.1#KLF3
KLF3	XM_065404934.1#KLF3
KLF3	XM_065404936.1#KLF3
KLF3	XM_065404932.1#KLF3
TBC1D1	XM_065405017.1#TBC1D1
TBC1D1	XM_065405016.1#TBC1D1
TBC1D1	XM_065405015.1#TBC1D1
PGM2	XM_065404834.1#PGM2
RELL1	XM_065405503.1#RELL1
C5H4orf19	XM_065404571.1#C5H4orf19
NWD2	XM_065405818.1#NWD2
DTHD1	XM_065405731.1#DTHD1
ARAP2	XM_065405009.1#ARAP2
LOC135879682	XM_065405732.1#LOC135879682
PCDH7	XM_065405319.1#PCDH7
PCDH7	XM_065405318.1#PCDH7
LOC135879684	XM_065405733.1#LOC135879684
STIM2	XM_065404893.1#STIM2
TBC1D19	XM_065405189.1#TBC1D19
TBC1D19	XM_065405188.1#TBC1D19
CCKAR	XM_065405498.1#CCKAR
RBPJ	XM_065404840.1#RBPJ
SMIM20	XM_065405112.1#SMIM20
SEL1L3	XM_065405401.1#SEL1L3
SLC34A2	XM_065405317.1#SLC34A2
ANAPC4	XM_065404786.1#ANAPC4
ANAPC4	XM_065404787.1#ANAPC4
ZCCHC4	XM_065404981.1#ZCCHC4
PI4K2B	XM_065404892.1#PI4K2B
SEPSECS	XM_065405379.1#SEPSECS
LGI2	XM_065405325.1#LGI2
CCDC149	XM_065405350.1#CCDC149
SOD3	XM_065405618.1#SOD3
DHX15	XM_065405804.1#DHX15
PPARGC1A	XM_065405366.1#PPARGC1A
LOC135879685	XM_065405734.1#LOC135879685
ADGRA3	XM_065405107.1#ADGRA3
LOC135879686	XM_065405735.1#LOC135879686
KCNIP4	XM_065404842.1#KCNIP4
KCNIP4	XM_065404841.1#KCNIP4
PACRGL	XM_065405583.1#PACRGL
PACRGL	XM_065405584.1#PACRGL
SLIT2	XM_065405536.1#SLIT2
LCORL	XM_065405225.1#LCORL
LCORL	XM_065405224.1#LCORL
LCORL	XM_065405226.1#LCORL
NCAPG	XM_065405116.1#NCAPG
FAM184B	XM_065404617.1#FAM184B
MED28	XM_065405066.1#MED28
LAP3	XM_065405261.1#LAP3
CLRN2	XM_065404593.1#CLRN2
QDPR	XM_065405469.1#QDPR
LDB2	XM_065405200.1#LDB2
LDB2	XM_065405201.1#LDB2
TAPT1	XM_065404999.1#TAPT1
PROM1	XM_065404882.1#PROM1
PROM1	XM_065404881.1#PROM1
PROM1	XM_065404883.1#PROM1
FGFBP2	XM_065405674.1#FGFBP2
FGFBP1	XM_065405825.1#FGFBP1
LOC135879613	XM_065405661.1#LOC135879613
LOC135879599	XM_065405642.1#LOC135879599
FBXL5	XM_065404668.1#FBXL5
CC2D2A	XM_065405183.1#CC2D2A
C1QTNF7	XM_065405575.1#C1QTNF7
CPEB2	XM_065405645.1#CPEB2
CPEB2	XM_065405648.1#CPEB2
CPEB2	XM_065405646.1#CPEB2
CPEB2	XM_065405647.1#CPEB2
BOD1L1	XM_065404753.1#BOD1L1
NKX3-2	XM_065405614.1#NKX3-2
RAB28	XM_065404849.1#RAB28
HS3ST1	XM_065405591.1#HS3ST1
CLNK	XM_065405737.1#CLNK
ZNF518B	XM_065405798.1#ZNF518B
WDR1	XM_065405784.1#WDR1
SLC2A9	XM_065404795.1#SLC2A9
DRD5	XM_065405398.1#DRD5
LOC135879640	XM_065405697.1#LOC135879640
LOC135879639	XM_065405696.1#LOC135879639
TMEM128	XM_065404750.1#TMEM128
LYAR	XM_065404735.1#LYAR
ZBTB49	XM_065405792.1#ZBTB49
NSG1	XM_065405449.1#NSG1
STX18	XM_065405118.1#STX18
STX18	XM_065405117.1#STX18
MSX1	XM_065405088.1#MSX1
CYTL1	XM_065405831.1#CYTL1
STK32B	XM_065405246.1#STK32B
STK32B	XM_065405247.1#STK32B
EVC2	XM_065405470.1#EVC2
EVC	XM_065405510.1#EVC
CRMP1	XM_065405670.1#CRMP1
CRMP1	XM_065405669.1#CRMP1
CRMP1	XM_065405671.1#CRMP1
C5H4orf50	XM_065404606.1#C5H4orf50
JAKMIP1	XM_065404580.1#JAKMIP1
LOC135879688	XM_065405738.1#LOC135879688
WFS1	XM_065405426.1#WFS1
PPP2R2C	XM_065404868.1#PPP2R2C
PPP2R2C	XM_065404870.1#PPP2R2C
MAN2B2	XM_065405134.1#MAN2B2
MAN2B2	XM_065405135.1#MAN2B2
S100P	XM_065405391.1#S100P
KIAA0232	XM_065404853.1#KIAA0232
TBC1D14	XM_065404894.1#TBC1D14
CFAP184	XM_065405739.1#CFAP184
TADA2B	XM_065405644.1#TADA2B
GRPEL1	XM_065404785.1#GRPEL1
SORCS2	XM_065404758.1#SORCS2
AFAP1	XM_065404910.1#AFAP1
AFAP1	XM_065404911.1#AFAP1
ABLIM2	XM_065405740.1#ABLIM2
SH3TC1	XM_065405420.1#SH3TC1
HTRA3	XM_065405187.1#HTRA3
ACOX3	XM_065405067.1#ACOX3
TRMT44	XM_065405068.1#TRMT44
GPR78	XM_065405832.1#GPR78
CPZ	XM_065405301.1#CPZ
LOC135879590	XM_065405629.1#LOC135879590
ADRA2C	XM_065405462.1#ADRA2C
LRPAP1	XM_065404963.1#LRPAP1
LRPAP1	XM_065404964.1#LRPAP1
DOK7	XM_065405579.1#DOK7
HGFAC	XM_065405654.1#HGFAC
RGS12	XM_065404923.1#RGS12
RGS12	XM_065404924.1#RGS12
MSANTD1	XM_065405822.1#MSANTD1
HTT	XM_065405845.1#HTT
GRK4	XM_065404697.1#GRK4
GRK4	XM_065404698.1#GRK4
NOP14	XM_065404974.1#NOP14
MFSD10	XM_065405620.1#MFSD10
ADD1	XM_065405437.1#ADD1
ADD1	XM_065405434.1#ADD1
ADD1	XM_065405436.1#ADD1
ADD1	XM_065405440.1#ADD1
ADD1	XM_065405438.1#ADD1
SH3BP2	XM_065405430.1#SH3BP2
TNIP2	XM_065405402.1#TNIP2
FAM193A	XM_065404727.1#FAM193A
RNF4	XM_065405441.1#RNF4
CFAP99	XM_065405741.1#CFAP99
ZFYVE28	XM_065405217.1#ZFYVE28
ZFYVE28	XM_065405216.1#ZFYVE28
MXD4	XM_065404815.1#MXD4
MXD4	XM_065404813.1#MXD4
MXD4	XM_065404814.1#MXD4
POLN	XM_065405742.1#POLN
HAUS3	XM_065404811.1#HAUS3
NAT8L	XM_065405692.1#NAT8L
NICOL1	XM_065404634.1#NICOL1
NELFA	XM_065404790.1#NELFA
NSD2	XM_065404982.1#NSD2
LETM1	XM_065404916.1#LETM1
LETM1	XM_065404917.1#LETM1
LETM1	XM_065404918.1#LETM1
FGFR3	XM_065404990.1#FGFR3
TACC3	XM_065404754.1#TACC3
TACC3	XM_065404755.1#TACC3
TMEM129	XM_065404978.1#TMEM129
SLBP	XM_065405285.1#SLBP
FAM53A	XM_065404942.1#FAM53A
NKX1-1	XM_065404549.1#NKX1-1
UVSSA	XM_065405595.1#UVSSA
MAEA	XM_065404707.1#MAEA
CTBP1	XM_065405602.1#CTBP1
CTBP1	XM_065405605.1#CTBP1
CTBP1	XM_065405598.1#CTBP1
CTBP1	XM_065405603.1#CTBP1
CTBP1	XM_065405600.1#CTBP1
CTBP1	XM_065405596.1#CTBP1
CTBP1	XM_065405597.1#CTBP1
CTBP1	XM_065405601.1#CTBP1
CTBP1	XM_065405604.1#CTBP1
SPON2	XM_065405545.1#SPON2
LOC135879488	XM_065405497.1#LOC135879488
FGFRL1	XM_065405551.1#FGFRL1
ATOH8	XM_065405787.1#ATOH8
POLR1A	XM_065404919.1#POLR1A
PTCD3	XM_065405279.1#PTCD3
IMMT	XM_065405453.1#IMMT
IMMT	XM_065405451.1#IMMT
IMMT	XM_065405454.1#IMMT
IMMT	XM_065405455.1#IMMT
MRPL35	XM_065405637.1#MRPL35
REEP1	XM_065405635.1#REEP1
REEP1	XM_065405634.1#REEP1
REEP1	XM_065405636.1#REEP1
KDM3A	XM_065404920.1#KDM3A
LOC135879051	XM_065404861.1#LOC135879051
LOC135879051	XM_065404860.1#LOC135879051
LOC135879051	XM_065404859.1#LOC135879051
RMND5A	XM_065404904.1#RMND5A
LOC135879047	XM_065404854.1#LOC135879047
LOC135879202	XM_065405109.1#LOC135879202
CD8B	XM_065405743.1#CD8B
KRCC1	XM_065405412.1#KRCC1
SMYD1	XM_065405372.1#SMYD1
SMYD1	XM_065405373.1#SMYD1
FABP1	XM_065405586.1#FABP1
THNSL2	XM_065405414.1#THNSL2
FOXI3	XM_065405395.1#FOXI3
LOC135878903	XM_065404641.1#LOC135878903
EIF2AK3	XM_065404970.1#EIF2AK3
RPIA	XM_065405193.1#RPIA
LOC135879180	XM_065405082.1#LOC135879180
LOC135879696	XM_065405745.1#LOC135879696
LOC135879697	XM_065405746.1#LOC135879697
LOC135879698	XM_065405747.1#LOC135879698
SUCLG1	XM_065404728.1#SUCLG1
SUCLG1	XM_065404729.1#SUCLG1
CTNNA2	XM_065405686.1#CTNNA2
CTNNA2	XM_065405687.1#CTNNA2
CTNNA2	XM_065405685.1#CTNNA2
CTNNA2	XM_065405684.1#CTNNA2
CTNNA2	XM_065405682.1#CTNNA2
LRRTM1	XM_065405688.1#LRRTM1
ADRA1D	XM_065405281.1#ADRA1D
SMOX	XM_065405381.1#SMOX
RNF24	XM_065405468.1#RNF24
PANK2	XM_065404784.1#PANK2
MAVS	XM_065405748.1#MAVS
PTPRA	XM_065405788.1#PTPRA
PTPRA	XM_065405789.1#PTPRA
LOC135879168	XM_065405065.1#LOC135879168
MRPS26	XM_065405064.1#MRPS26
LOC135879480	XM_065405473.1#LOC135879480
LOC135879459	XM_065405445.1#LOC135879459
UBOX5	XM_065404725.1#UBOX5
FASTKD5	XM_065404723.1#FASTKD5
LZTS3	XM_065405622.1#LZTS3
DDRGK1	XM_065404749.1#DDRGK1
LOC135879700	XM_065405749.1#LOC135879700
LOC135879596	XM_065405638.1#LOC135879596
SLC4A11	XM_065405750.1#SLC4A11
LOC135879702	XM_065405752.1#LOC135879702
DNAAF9	XM_065405753.1#DNAAF9
ATRN	XM_065404708.1#ATRN
GFRA4	XM_065405754.1#GFRA4
ADAM33	XM_065404748.1#ADAM33
ALMS1	XM_065405755.1#ALMS1
EGR4	XM_065405828.1#EGR4
FBXO41	XM_065405667.1#FBXO41
CCT7	XM_065404640.1#CCT7
CCT7	XM_065404638.1#CCT7
PRADC1	XM_065405264.1#PRADC1
SMYD5	XM_065405408.1#SMYD5
LOC135879745	XM_065405803.1#LOC135879745
LOC135878843	XM_065404552.1#LOC135878843
RAB11FIP5	XM_065404885.1#RAB11FIP5
SFXN5	XM_065404998.1#SFXN5
LOC135879518	XM_065405533.1#LOC135879518
EXOC6B	XM_065404703.1#EXOC6B
LOC135879325	XM_065405273.1#LOC135879325
LOC135879325	XM_065405274.1#LOC135879325
DYSF	XM_065404742.1#DYSF
ZNF638	XM_065404740.1#ZNF638
ZNF638	XM_065404737.1#ZNF638
ZNF638	XM_065404738.1#ZNF638
ZNF638	XM_065404741.1#ZNF638
ZNF638	XM_065404739.1#ZNF638
PAIP2B	XM_065405359.1#PAIP2B
NAGK	XM_065404907.1#NAGK
NAGK	XM_065404908.1#NAGK
TEX261	XM_065404764.1#TEX261
ANKRD53	XM_065405756.1#ANKRD53
LOC135879707	XM_065405757.1#LOC135879707
ATP6V1B1	XM_065405026.1#ATP6V1B1
VAX2	XM_065405652.1#VAX2
SIGLEC1	XM_065405615.1#SIGLEC1
HSPA12B	XM_065405759.1#HSPA12B
ADISSP	XM_065404864.1#ADISSP
ADISSP	XM_065404863.1#ADISSP
ADISSP	XM_065404862.1#ADISSP
ADISSP	XM_065404865.1#ADISSP
SPEF1	XM_065405662.1#SPEF1
CDC25B	XM_065404800.1#CDC25B
AP5S1	XM_065405321.1#AP5S1
LOC135879458	XM_065405442.1#LOC135879458
LOC135879458	XM_065405443.1#LOC135879458
LOC135879709	XM_065405760.1#LOC135879709
LOC135879710	XM_065405761.1#LOC135879710
LOC135879414	XM_065405390.1#LOC135879414
LOC135879276	XM_065405197.1#LOC135879276
LOC135879486	XM_065405484.1#LOC135879486
LOC135879486	XM_065405485.1#LOC135879486
LOC135879486	XM_065405486.1#LOC135879486
LOC135879486	XM_065405494.1#LOC135879486
LOC135879486	XM_065405487.1#LOC135879486
LOC135879486	XM_065405488.1#LOC135879486
LOC135879486	XM_065405495.1#LOC135879486
LOC135879486	XM_065405489.1#LOC135879486
LOC135879486	XM_065405480.1#LOC135879486
LOC135879486	XM_065405493.1#LOC135879486
LOC135879486	XM_065405481.1#LOC135879486
LOC135879486	XM_065405482.1#LOC135879486
LOC135879486	XM_065405483.1#LOC135879486
SEMA4F	XM_065405477.1#SEMA4F
M1AP	XM_065405762.1#M1AP
DOK1	XM_065405578.1#DOK1
LOXL3	XM_065405087.1#LOXL3
HTRA2	XM_065405763.1#HTRA2
AUP1	XM_065404954.1#AUP1
LOC135879496	XM_065405506.1#LOC135879496
LOC135879497	XM_065405507.1#LOC135879497
DQX1	XM_065405364.1#DQX1
DQX1	XM_065405363.1#DQX1
LOC135879377	XM_065405344.1#LOC135879377
TLX2	XM_065405531.1#TLX2
LOC135879160	XM_065405031.1#LOC135879160
PCGF1	XM_065405764.1#PCGF1
LBX2	XM_065405590.1#LBX2
LOC135879714	XM_065405766.1#LOC135879714
TTC31	XM_065405767.1#TTC31
LOC135879347	XM_065405304.1#LOC135879347
MOGS	XM_065405186.1#MOGS
WBP1	XM_065405154.1#WBP1
INO80B	XM_065405339.1#INO80B
RTKN	XM_065405392.1#RTKN
LOC135879716	XM_065405768.1#LOC135879716
LOC135879420	XM_065405397.1#LOC135879420
WDR54	XM_065405660.1#WDR54
C5H2orf81	XM_065405769.1#C5H2orf81
LOC135879583	XM_065405623.1#LOC135879583
DCTN1	XM_065404587.1#DCTN1
NOP56	XM_065404759.1#NOP56
IDH3B	XM_065405849.1#IDH3B
VPS16	XM_065405770.1#VPS16
PCED1A	XM_065405512.1#PCED1A
LOC135879633	XM_065405689.1#LOC135879633
LOC135879629	XM_065405681.1#LOC135879629
LOC135879116	XM_065404965.1#LOC135879116
LOC135879116	XM_065404967.1#LOC135879116
LOC135879116	XM_065404966.1#LOC135879116
CPXM1	XM_065404878.1#CPXM1
ST3GAL5	XM_065422878.1#ST3GAL5
ST3GAL5	XM_065422879.1#ST3GAL5
ST3GAL5	XM_065422880.1#ST3GAL5
MRPL17	XM_065406325.1#MRPL17
ARHGEF39	XM_065406948.1#ARHGEF39
LOC135880324	XM_065406588.1#LOC135880324
CA9	XM_065406589.1#CA9
LOC135880215	XM_065406387.1#LOC135880215
LOC135880215	XM_065406386.1#LOC135880215
TPM2	XM_065406336.1#TPM2
TPM2	XM_065406334.1#TPM2
TPM2	XM_065406339.1#TPM2
TPM2	XM_065406338.1#TPM2
TPM2	XM_065406337.1#TPM2
TPM2	XM_065406335.1#TPM2
TLN1	XM_065405943.1#TLN1
CREB3	XM_065406620.1#CREB3
LOC135880032	XM_065406116.1#LOC135880032
LOC135880548	XM_065406875.1#LOC135880548
LOC135880031	XM_065406115.1#LOC135880031
LOC135880019	XM_065406096.1#LOC135880019
GBA2	XM_065406743.1#GBA2
RGP1	XM_065406578.1#RGP1
MSMP	XM_065407034.1#MSMP
NPR2	XM_065406324.1#NPR2
HINT2	XM_065406591.1#HINT2
TAF1C	XM_065406799.1#TAF1C
FAM221B	XM_065406594.1#FAM221B
TMEM8B	XM_065406777.1#TMEM8B
GGT6	XM_065407019.1#GGT6
LOC135879944	XM_065405983.1#LOC135879944
LOC135879988	XM_065406046.1#LOC135879988
LOC135879909	XM_065405942.1#LOC135879909
TESK1	XM_065406714.1#TESK1
LOC135880332	XM_065406597.1#LOC135880332
CIMIP2B	XM_065406881.1#CIMIP2B
RUSC2	XM_065406646.1#RUSC2
LOC135880274	XM_065406512.1#LOC135880274
UNC13B	XM_065406871.1#UNC13B
ATOSB	XM_065406176.1#ATOSB
STOML2	XM_065406177.1#STOML2
PIGO	XM_065406829.1#PIGO
FANCG	XM_065406740.1#FANCG
VCP	XM_065407002.1#VCP
DNAJB5	XM_065406565.1#DNAJB5
DNAJB5	XM_065406564.1#DNAJB5
PHF24	XM_065406867.1#PHF24
LOC135880224	XM_065406402.1#LOC135880224
LOC135879960	XM_065406003.1#LOC135879960
LOC135879828	XM_065405864.1#LOC135879828
IL11RA	XM_065406600.1#IL11RA
DCTN3	XM_065406492.1#DCTN3
ARID3C	XM_065406798.1#ARID3C
LOC135880112	XM_065406239.1#LOC135880112
LOC135880381	XM_065406656.1#LOC135880381
GALT	XM_065406747.1#GALT
CNTFR	XM_065406943.1#CNTFR
RPP25L	XM_065406212.1#RPP25L
DNAI1	XM_065406605.1#DNAI1
FAM219A	XM_065406792.1#FAM219A
FAM219A	XM_065406793.1#FAM219A
FAM219A	XM_065406794.1#FAM219A
FAM219A	XM_065406795.1#FAM219A
SPMIP6	XM_065406606.1#SPMIP6
MYORG	XM_065407065.1#MYORG
LOC135880709	XM_065407066.1#LOC135880709
NUDT2	XM_065406237.1#NUDT2
NUDT2	XM_065406238.1#NUDT2
KIF24	XM_065406944.1#KIF24
UBAP1	XM_065405873.1#UBAP1
UBAP1	XM_065405875.1#UBAP1
UBAP1	XM_065405876.1#UBAP1
UBAP1	XM_065405874.1#UBAP1
DCAF12	XM_065406406.1#DCAF12
UBAP2	XM_065407069.1#UBAP2
LOC135880278	XM_065406516.1#LOC135880278
UBE2R2	XM_065405870.1#UBE2R2
NOL6	XM_065406314.1#NOL6
AQP3	XM_065406522.1#AQP3
LOC135880342	XM_065406607.1#LOC135880342
LOC135880153	XM_065406307.1#LOC135880153
TPGS2	XM_065406305.1#TPGS2
KIAA1328	XM_065406501.1#KIAA1328
CELF4	XM_065406462.1#CELF4
CELF4	XM_065406447.1#CELF4
CELF4	XM_065406431.1#CELF4
CELF4	XM_065406471.1#CELF4
CELF4	XM_065406452.1#CELF4
CELF4	XM_065406448.1#CELF4
CELF4	XM_065406460.1#CELF4
CELF4	XM_065406443.1#CELF4
CELF4	XM_065406469.1#CELF4
CELF4	XM_065406450.1#CELF4
CELF4	XM_065406434.1#CELF4
CELF4	XM_065406461.1#CELF4
CELF4	XM_065406445.1#CELF4
CELF4	XM_065406470.1#CELF4
CELF4	XM_065406451.1#CELF4
CELF4	XM_065406463.1#CELF4
CELF4	XM_065406435.1#CELF4
CELF4	XM_065406446.1#CELF4
CELF4	XM_065406459.1#CELF4
CELF4	XM_065406444.1#CELF4
CELF4	XM_065406430.1#CELF4
CELF4	XM_065406458.1#CELF4
CELF4	XM_065406442.1#CELF4
CELF4	XM_065406468.1#CELF4
CELF4	XM_065406432.1#CELF4
CELF4	XM_065406467.1#CELF4
CELF4	XM_065406466.1#CELF4
CELF4	XM_065406464.1#CELF4
PIK3C3	XM_065406376.1#PIK3C3
RIT2	XM_065406611.1#RIT2
SYT4	XM_065406802.1#SYT4
SETBP1	XM_065406939.1#SETBP1
SETBP1	XM_065406941.1#SETBP1
LOC135880674	XM_065407027.1#LOC135880674
LOC135880675	XM_065407028.1#LOC135880675
LOC135880347	XM_065406613.1#LOC135880347
SIGLEC15	XM_065407029.1#SIGLEC15
EPG5	XM_065406616.1#EPG5
PSTPIP2	XM_065406618.1#PSTPIP2
ATP5F1A	XM_065407052.1#ATP5F1A
HAUS1	XM_065406361.1#HAUS1
HAUS1	XM_065406362.1#HAUS1
ARK2N	XM_065406821.1#ARK2N
ARK2N	XM_065406822.1#ARK2N
ARK2C	XM_065407037.1#ARK2C
LOXHD1	XM_065406719.1#LOXHD1
ST8SIA5	XM_065406702.1#ST8SIA5
ST8SIA5	XM_065406700.1#ST8SIA5
ST8SIA5	XM_065406699.1#ST8SIA5
LOC135880592	XM_065406935.1#LOC135880592
PIAS2	XM_065406936.1#PIAS2
KATNAL2	XM_065406648.1#KATNAL2
KATNAL2	XM_065406647.1#KATNAL2
HDHD2	XM_065406037.1#HDHD2
IER3IP1	XM_065406038.1#IER3IP1
SKOR2	XM_065406619.1#SKOR2
SMAD2	XM_065407080.1#SMAD2
SMAD2	XM_065407079.1#SMAD2
SMAD2	XM_065407078.1#SMAD2
SMAD2	XM_065407077.1#SMAD2
ZBTB7C	XM_065406977.1#ZBTB7C
CTIF	XM_065406541.1#CTIF
SMAD7	XM_065406585.1#SMAD7
SMAD7	XM_065406584.1#SMAD7
DYM	XM_065405941.1#DYM
DYM	XM_065405940.1#DYM
DYM	XM_065405937.1#DYM
C6H18orf32	XM_065406031.1#C6H18orf32
C6H18orf32	XM_065406032.1#C6H18orf32
RPL17	XM_065406033.1#RPL17
LIPG	XM_065406326.1#LIPG
ACAA2	XM_065406279.1#ACAA2
MYO5B	XM_065406951.1#MYO5B
CFAP53	XM_065407056.1#CFAP53
LOC135880473	XM_065406775.1#LOC135880473
SKA1	XM_065406922.1#SKA1
MAPK4	XM_065406680.1#MAPK4
MAPK4	XM_065406681.1#MAPK4
ME2	XM_065406216.1#ME2
ELAC1	XM_065407003.1#ELAC1
SMAD4	XM_065405866.1#SMAD4
MEX3C	XM_065406087.1#MEX3C
DCC	XM_065406266.1#DCC
MBD2	XM_065406252.1#MBD2
POLI	XM_065406500.1#POLI
C6H18orf54	XM_065406254.1#C6H18orf54
DYNAP	XM_065406889.1#DYNAP
RAB27B	XM_065406752.1#RAB27B
CCDC68	XM_065407010.1#CCDC68
TCF4	XM_065406724.1#TCF4
TCF4	XM_065406730.1#TCF4
TCF4	XM_065406731.1#TCF4
TCF4	XM_065406726.1#TCF4
TCF4	XM_065406728.1#TCF4
TCF4	XM_065406725.1#TCF4
TCF4	XM_065406727.1#TCF4
TCF4	XM_065406729.1#TCF4
TCF4	XM_065406734.1#TCF4
TCF4	XM_065406732.1#TCF4
TCF4	XM_065406735.1#TCF4
TCF4	XM_065406736.1#TCF4
TXNL1	XM_065406051.1#TXNL1
WDR7	XM_065406020.1#WDR7
WDR7	XM_065406019.1#WDR7
ST8SIA3	XM_065406879.1#ST8SIA3
ONECUT2	XM_065406892.1#ONECUT2
FECH	XM_065406098.1#FECH
NARS1	XM_065406021.1#NARS1
LOC135880360	XM_065406630.1#LOC135880360
ATP8B1	XM_065406631.1#ATP8B1
NEDD4L	XM_065406763.1#NEDD4L
NEDD4L	XM_065406765.1#NEDD4L
NEDD4L	XM_065406766.1#NEDD4L
ALPK2	XM_065407008.1#ALPK2
MALT1	XM_065406776.1#MALT1
ZNF532	XM_065406661.1#ZNF532
ZNF532	XM_065406659.1#ZNF532
ZNF532	XM_065406660.1#ZNF532
ZNF532	XM_065406662.1#ZNF532
SEC11C	XM_065406086.1#SEC11C
GRP	XM_065407020.1#GRP
RAX	XM_065406850.1#RAX
CPLX4	XM_065407000.1#CPLX4
LMAN1	XM_065406273.1#LMAN1
CCBE1	XM_065406913.1#CCBE1
PMAIP1	XM_065406830.1#PMAIP1
PDZD2	XM_065406808.1#PDZD2
GOLPH3	XM_065406074.1#GOLPH3
MTMR12	XM_065406697.1#MTMR12
ZFR	XM_065406953.1#ZFR
ZFR	XM_065406952.1#ZFR
SUB1	XM_065406347.1#SUB1
NPR3	XM_065406691.1#NPR3
NPR3	XM_065406690.1#NPR3
TARS1	XM_065405949.1#TARS1
ADAMTS12	XM_065406566.1#ADAMTS12
RXFP3	XM_065406947.1#RXFP3
SLC45A2	XM_065406774.1#SLC45A2
AMACR	XM_065406650.1#AMACR
C1QTNF3	XM_065406651.1#C1QTNF3
RAI14	XM_065406601.1#RAI14
RAI14	XM_065406602.1#RAI14
TTC23L	XM_065406636.1#TTC23L
RAD1	XM_065406298.1#RAD1
RAD1	XM_065406297.1#RAD1
BRIX1	XM_065406580.1#BRIX1
DNAJC21	XM_065406487.1#DNAJC21
AGXT2	XM_065406687.1#AGXT2
PRLR	XM_065406286.1#PRLR
LOC135879948	XM_065405989.1#LOC135879948
SPEF2	XM_065406801.1#SPEF2
IL7R	XM_065406911.1#IL7R
CAPSL	XM_065406854.1#CAPSL
LOC135880366	XM_065406637.1#LOC135880366
LMBRD2	XM_065406375.1#LMBRD2
SKP2	XM_065406344.1#SKP2
NADK2	XM_065406343.1#NADK2
RANBP3L	XM_065406638.1#RANBP3L
SLC1A3	XM_065407071.1#SLC1A3
SLC1A3	XM_065407072.1#SLC1A3
SLC1A3	XM_065407076.1#SLC1A3
SLC1A3	XM_065407073.1#SLC1A3
SLC1A3	XM_065407074.1#SLC1A3
SLC1A3	XM_065407075.1#SLC1A3
NIPBL	XM_065405961.1#NIPBL
CPLANE1	XM_065406312.1#CPLANE1
NUP155	XM_065406186.1#NUP155
NUP155	XM_065406185.1#NUP155
WDR70	XM_065406340.1#WDR70
GDNF	XM_065406910.1#GDNF
GDNF	XM_065406908.1#GDNF
EGFLAM	XM_065406645.1#EGFLAM
LIFR	XM_065406827.1#LIFR
OSMR	XM_065406208.1#OSMR
RICTOR	XM_065406075.1#RICTOR
LOC135880007	XM_065406076.1#LOC135880007
FYB1	XM_065406209.1#FYB1
C9	XM_065406975.1#C9
DAB2	XM_065406790.1#DAB2
PTGER4	XM_065407017.1#PTGER4
TTC33	XM_065406379.1#TTC33
PRKAA1	XM_065406145.1#PRKAA1
RPL37	XM_065406221.1#RPL37
C7	XM_065406652.1#C7
C6	XM_065406812.1#C6
PLCXD3	XM_065406918.1#PLCXD3
OXCT1	XM_065406515.1#OXCT1
RIMOC1	XM_065406511.1#RIMOC1
FBXO4	XM_065406509.1#FBXO4
GHR	XM_065406476.1#GHR
CCDC152	XM_065407033.1#CCDC152
SELENOP	XM_065407032.1#SELENOP
ZNF131	XM_065406826.1#ZNF131
NIM1K	XM_065407062.1#NIM1K
HMGCS1	XM_065406598.1#HMGCS1
TMEM267	XM_065406749.1#TMEM267
C6H5orf34	XM_065406657.1#C6H5orf34
PAIP1	XM_065406149.1#PAIP1
NNT	XM_065406316.1#NNT
FGF10	XM_065406786.1#FGF10
MRPS30	XM_065406524.1#MRPS30
HCN1	XM_065406546.1#HCN1
EMB	XM_065406784.1#EMB
PARP8	XM_065406201.1#PARP8
PARP8	XM_065406202.1#PARP8
ISL1	XM_065406823.1#ISL1
ITGA1	XM_065406048.1#ITGA1
PELO	XM_065406049.1#PELO
ITGA2	XM_065406608.1#ITGA2
MOCS2	XM_065406170.1#MOCS2
MOCS2	XM_065406168.1#MOCS2
MOCS2	XM_065406171.1#MOCS2
MOCS2	XM_065406169.1#MOCS2
MOCS2	XM_065406172.1#MOCS2
MOCS2	XM_065406173.1#MOCS2
FST	XM_065406869.1#FST
NDUFS4	XM_065406582.1#NDUFS4
NDUFS4	XM_065406583.1#NDUFS4
ARL15	XM_065406746.1#ARL15
HSPB3	XM_065407057.1#HSPB3
SNX18	XM_065406781.1#SNX18
LOC135880390	XM_065406669.1#LOC135880390
ESM1	XM_065407016.1#ESM1
ESM1	XM_065407015.1#ESM1
GZMA	XM_065406912.1#GZMA
CDC20B	XM_065406567.1#CDC20B
GPX8	XM_065406568.1#GPX8
GPX8	XM_065406569.1#GPX8
GPX8	XM_065406571.1#GPX8
MCIDAS	XM_065406670.1#MCIDAS
CCNO	XM_065406998.1#CCNO
DHX29	XM_065406024.1#DHX29
DHX29	XM_065406023.1#DHX29
MTREX	XM_065406070.1#MTREX
PLPP1	XM_065406069.1#PLPP1
SLC38A9	XM_065406411.1#SLC38A9
SLC38A9	XM_065406412.1#SLC38A9
SLC38A9	XM_065406413.1#SLC38A9
DDX4	XM_065406277.1#DDX4
IL31RA	XM_065406671.1#IL31RA
IL6ST	XM_065406288.1#IL6ST
IL6ST	XM_065406289.1#IL6ST
ANKRD55	XM_065406672.1#ANKRD55
MAP3K1	XM_065406682.1#MAP3K1
SETD9	XM_065406525.1#SETD9
MIER3	XM_065406563.1#MIER3
GPBP1	XM_065405998.1#GPBP1
GPBP1	XM_065405997.1#GPBP1
ACTBL2	XM_065406319.1#ACTBL2
PLK2	XM_065406363.1#PLK2
RAB3C	XM_065406497.1#RAB3C
PDE4D	XM_065406984.1#PDE4D
PDE4D	XM_065406986.1#PDE4D
DEPDC1B	XM_065406496.1#DEPDC1B
DEPDC1B	XM_065406495.1#DEPDC1B
ELOVL7	XM_065406713.1#ELOVL7
ERCC8	XM_065406158.1#ERCC8
NDUFAF2	XM_065406649.1#NDUFAF2
SMIM15	XM_065406259.1#SMIM15
SMIM15	XM_065406262.1#SMIM15
SMIM15	XM_065406261.1#SMIM15
SMIM15	XM_065406263.1#SMIM15
LOC135880122	XM_065406255.1#LOC135880122
LOC135880122	XM_065406256.1#LOC135880122
LOC135880122	XM_065406257.1#LOC135880122
ZSWIM6	XM_065406676.1#ZSWIM6
LOC135879840	XM_065405880.1#LOC135879840
KIF2A	XM_065405971.1#KIF2A
KIF2A	XM_065405972.1#KIF2A
KIF2A	XM_065405973.1#KIF2A
DIMT1	XM_065406310.1#DIMT1
DIMT1	XM_065406311.1#DIMT1
DIMT1	XM_065406308.1#DIMT1
IPO11	XM_065406414.1#IPO11
LRRC70	XM_065407018.1#LRRC70
HTR1A	XM_065406813.1#HTR1A
RNF180	XM_065406748.1#RNF180
LOC135879841	XM_065405882.1#LOC135879841
RGS7BP	XM_065406797.1#RGS7BP
SREK1IP1	XM_065406142.1#SREK1IP1
LOC135880535	XM_065406862.1#LOC135880535
LOC135880534	XM_065406860.1#LOC135880534
LOC135880534	XM_065406861.1#LOC135880534
ADAMTS6	XM_065406967.1#ADAMTS6
ADAMTS6	XM_065406966.1#ADAMTS6
CENPK	XM_065405984.1#CENPK
PPWD1	XM_065405986.1#PPWD1
TRIM23	XM_065406200.1#TRIM23
SHLD3	XM_065406969.1#SHLD3
TRAPPC13	XM_065406968.1#TRAPPC13
SGTB	XM_065406721.1#SGTB
NLN	XM_065406625.1#NLN
ERBIN	XM_065407058.1#ERBIN
SREK1	XM_065406249.1#SREK1
MAST4	XM_065406852.1#MAST4
CD180	XM_065405867.1#CD180
PIK3R1	XM_065407046.1#PIK3R1
PIK3R1	XM_065407049.1#PIK3R1
PIK3R1	XM_065407047.1#PIK3R1
SLC30A5	XM_065406013.1#SLC30A5
CCNB1	XM_065406356.1#CCNB1
CENPH	XM_065405936.1#CENPH
KGD4	XM_065406014.1#KGD4
CDK7	XM_065406579.1#CDK7
SERINC5	XM_065405883.1#SERINC5
THBS4	XM_065406883.1#THBS4
MTX3	XM_065406864.1#MTX3
CMYA5	XM_065405884.1#CMYA5
TENT2	XM_065406097.1#TENT2
HOMER1	XM_065406548.1#HOMER1
JMY	XM_065406644.1#JMY
LOC135880131	XM_065406274.1#LOC135880131
DMGDH	XM_065406675.1#DMGDH
ARSB	XM_065406354.1#ARSB
LHFPL2	XM_065407064.1#LHFPL2
SCAMP1	XM_065406004.1#SCAMP1
AP3B1	XM_065406916.1#AP3B1
AP3B1	XM_065406915.1#AP3B1
TBCA	XM_065407053.1#TBCA
OTP	XM_065407067.1#OTP
WDR41	XM_065406540.1#WDR41
PDE8B	XM_065406099.1#PDE8B
AGGF1	XM_065406138.1#AGGF1
CRHBP	XM_065406890.1#CRHBP
S100Z	XM_065406718.1#S100Z
F2RL1	XM_065406693.1#F2RL1
F2R	XM_065406119.1#F2R
IQGAP2	XM_065407024.1#IQGAP2
F2RL2	XM_065407025.1#F2RL2
SV2C	XM_065406576.1#SV2C
SV2C	XM_065406577.1#SV2C
SV2C	XM_065406575.1#SV2C
POC5	XM_065406391.1#POC5
ANKDD1B	XM_065405885.1#ANKDD1B
POLK	XM_065406265.1#POLK
CERT1	XM_065406517.1#CERT1
CERT1	XM_065406519.1#CERT1
MED18	XM_065406723.1#MED18
HMGCR	XM_065406234.1#HMGCR
ANKRD31	XM_065407031.1#ANKRD31
GCNT4	XM_065406995.1#GCNT4
GCNT4	XM_065406994.1#GCNT4
FAM169A	XM_065406907.1#FAM169A
NSA2	XM_065406131.1#NSA2
GFM2	XM_065406557.1#GFM2
HEXB	XM_065406159.1#HEXB
ENC1	XM_065406738.1#ENC1
ARHGEF28	XM_065406111.1#ARHGEF28
LOC135879846	XM_065405886.1#LOC135879846
UTP15	XM_065406271.1#UTP15
ANKRA2	XM_065406025.1#ANKRA2
ANKRA2	XM_065406027.1#ANKRA2
ANKRA2	XM_065406026.1#ANKRA2
BTF3	XM_065406045.1#BTF3
FOXD1	XM_065406710.1#FOXD1
TMEM171	XM_065406663.1#TMEM171
FCHO2	XM_065405887.1#FCHO2
TNPO1	XM_065405982.1#TNPO1
ZNF366	XM_065405871.1#ZNF366
PTCD2	XM_065406405.1#PTCD2
MRPS27	XM_065406180.1#MRPS27
MRPS27	XM_065406178.1#MRPS27
MAP1B	XM_065406378.1#MAP1B
CARTPT	XM_065406987.1#CARTPT
MCCC2	XM_065406596.1#MCCC2
BDP1	XM_065406560.1#BDP1
SERF1B	XM_065406489.1#SERF1B
LOC135880014	XM_065406088.1#LOC135880014
LOC135880014	XM_065406089.1#LOC135880014
LOC135879929	XM_065405963.1#LOC135879929
LOC135879929	XM_065405964.1#LOC135879929
LOC135879929	XM_065405965.1#LOC135879929
OCLN	XM_065406633.1#OCLN
OCLN	XM_065406632.1#OCLN
MARVELD2	XM_065406750.1#MARVELD2
RAD17	XM_065406143.1#RAD17
RAD17	XM_065406144.1#RAD17
AK6	XM_065406689.1#AK6
CCDC125	XM_065406866.1#CCDC125
ZFYVE16	XM_065406370.1#ZFYVE16
FAM151B	XM_065406836.1#FAM151B
ANKRD34B	XM_065406956.1#ANKRD34B
DHFR	XM_065406139.1#DHFR
MSH3	XM_065406009.1#MSH3
RASGRF2	XM_065406010.1#RASGRF2
CKMT2	XM_065406189.1#CKMT2
ZCCHC9	XM_065406392.1#ZCCHC9
ACOT12	XM_065406757.1#ACOT12
SSBP2	XM_065406924.1#SSBP2
SSBP2	XM_065406923.1#SSBP2
ATG10	XM_065407012.1#ATG10
LOC135879933	XM_065405970.1#LOC135879933
LOC135879932	XM_065405968.1#LOC135879932
LOC135879932	XM_065405967.1#LOC135879932
LOC135879829	XM_065405865.1#LOC135879829
LOC135879849	XM_065405889.1#LOC135879849
TMEM167A	XM_065406380.1#TMEM167A
XRCC4	XM_065406751.1#XRCC4
VCAN	XM_065406321.1#VCAN
HAPLN1	XM_065406698.1#HAPLN1
EDIL3	XM_065405890.1#EDIL3
LOC135880326	XM_065406590.1#LOC135880326
RASA1	XM_065406508.1#RASA1
CCNH	XM_065406207.1#CCNH
CCNH	XM_065406205.1#CCNH
TMEM161B	XM_065406358.1#TMEM161B
MEF2C	XM_065406954.1#MEF2C
CETN3	XM_065406360.1#CETN3
MBLAC2	XM_065406204.1#MBLAC2
POLR3G	XM_065406933.1#POLR3G
LYSMD3	XM_065406617.1#LYSMD3
ADGRV1	XM_065406543.1#ADGRV1
ARRDC3	XM_065405974.1#ARRDC3
NR2F1	XM_065406245.1#NR2F1
NR2F1	XM_065406248.1#NR2F1
ARB2A	XM_065406106.1#ARB2A
KIAA0825	XM_065406817.1#KIAA0825
SLF1	XM_065405891.1#SLF1
MCTP1	XM_065406108.1#MCTP1
FAM81B	XM_065405892.1#FAM81B
SKIC3	XM_065406299.1#SKIC3
ARSK	XM_065406654.1#ARSK
GPR150	XM_065405957.1#GPR150
RFESD	XM_065406078.1#RFESD
RFESD	XM_065406079.1#RFESD
SPATA9	XM_065406077.1#SPATA9
LOC135880502	XM_065406815.1#LOC135880502
RHOBTB3	XM_065406242.1#RHOBTB3
RHOBTB3	XM_065406241.1#RHOBTB3
GLRX	XM_065405999.1#GLRX
GLRX	XM_065406000.1#GLRX
ELL2	XM_065406035.1#ELL2
PCSK1	XM_065406125.1#PCSK1
CAST	XM_065405995.1#CAST
ERAP1	XM_065407038.1#ERAP1
LOC135880147	XM_065406300.1#LOC135880147
LOC135880148	XM_065406301.1#LOC135880148
LNPEP	XM_065405954.1#LNPEP
LOC135879857	XM_065405893.1#LOC135879857
LIX1	XM_065406988.1#LIX1
RIOK2	XM_065406267.1#RIOK2
RIOK2	XM_065406268.1#RIOK2
RGMB	XM_065406668.1#RGMB
CHD1	XM_065406973.1#CHD1
FAM174A	XM_065406768.1#FAM174A
ST8SIA4	XM_065406587.1#ST8SIA4
LOC135880515	XM_065406831.1#LOC135880515
PAM	XM_065406841.1#PAM
PAM	XM_065406842.1#PAM
PAM	XM_065406838.1#PAM
PAM	XM_065406843.1#PAM
PAM	XM_065406844.1#PAM
PAM	XM_065406846.1#PAM
PAM	XM_065406847.1#PAM
PAM	XM_065406845.1#PAM
PAM	XM_065406849.1#PAM
GIN1	XM_065406715.1#GIN1
PPIP5K2	XM_065405953.1#PPIP5K2
MACIR	XM_065406558.1#MACIR
MACIR	XM_065406559.1#MACIR
NUDT12	XM_065406415.1#NUDT12
NUDT12	XM_065406416.1#NUDT12
EFNA5	XM_065406825.1#EFNA5
EFNA5	XM_065406824.1#EFNA5
FBXL17	XM_065406296.1#FBXL17
FER	XM_065406919.1#FER
PJA2	XM_065406182.1#PJA2
PJA2	XM_065406181.1#PJA2
PJA2	XM_065406184.1#PJA2
PJA2	XM_065406183.1#PJA2
LOC135879858	XM_065405895.1#LOC135879858
MAN2A1	XM_065406341.1#MAN2A1
TMEM232	XM_065406769.1#TMEM232
SLC25A46	XM_065406395.1#SLC25A46
WDR36	XM_065406359.1#WDR36
CAMK4	XM_065406770.1#CAMK4
STARD4	XM_065406927.1#STARD4
EPB41L4A	XM_065406716.1#EPB41L4A
APC	XM_065405978.1#APC
APC	XM_065405979.1#APC
SRP19	XM_065406123.1#SRP19
SRP19	XM_065406124.1#SRP19
REEP5	XM_065406034.1#REEP5
DCP2	XM_065406317.1#DCP2
MCC	XM_065405951.1#MCC
YTHDC2	XM_065406383.1#YTHDC2
KCNN2	XM_065406428.1#KCNN2
TRIM36	XM_065406399.1#TRIM36
TRIM36	XM_065406400.1#TRIM36
PGGT1B	XM_065406562.1#PGGT1B
CCDC112	XM_065405896.1#CCDC112
FEM1C	XM_065406938.1#FEM1C
TICAM2	XM_065406135.1#TICAM2
TMED7	XM_065406134.1#TMED7
CDO1	XM_065406814.1#CDO1
ATG12	XM_065407044.1#ATG12
ATG12	XM_065407043.1#ATG12
ATG12	XM_065407042.1#ATG12
AP3S1	XM_065407040.1#AP3S1
AP3S1	XM_065407041.1#AP3S1
LVRN	XM_065406741.1#LVRN
ARL14EPL	XM_065405955.1#ARL14EPL
COMMD10	XM_065406639.1#COMMD10
COMMD10	XM_065406640.1#COMMD10
SEMA6A	XM_065406161.1#SEMA6A
SEMA6A	XM_065406160.1#SEMA6A
DTWD2	XM_065406722.1#DTWD2
DMXL1	XM_065406803.1#DMXL1
DMXL1	XM_065406804.1#DMXL1
DMXL1	XM_065406805.1#DMXL1
DMXL1	XM_065406806.1#DMXL1
TNFAIP8	XM_065406401.1#TNFAIP8
HSD17B4	XM_065406047.1#HSD17B4
PRR16	XM_065405872.1#PRR16
SRFBP1	XM_065406365.1#SRFBP1
SRFBP1	XM_065406367.1#SRFBP1
SRFBP1	XM_065406368.1#SRFBP1
SRFBP1	XM_065406369.1#SRFBP1
SRFBP1	XM_065406366.1#SRFBP1
LOX	XM_065406870.1#LOX
ZNF475	XM_065405897.1#ZNF475
SNCAIP	XM_065406513.1#SNCAIP
SNX2	XM_065406050.1#SNX2
SNX24	XM_065405946.1#SNX24
SNX24	XM_065405945.1#SNX24
PPIC	XM_065405944.1#PPIC
PRDM6	XM_065406992.1#PRDM6
CEP120	XM_065406477.1#CEP120
CSNK1G3	XM_065406893.1#CSNK1G3
CSNK1G3	XM_065406894.1#CSNK1G3
LOC135880357	XM_065406626.1#LOC135880357
ZNF608	XM_065406742.1#ZNF608
GRAMD2B	XM_065406684.1#GRAMD2B
ALDH7A1	XM_065406118.1#ALDH7A1
ALDH7A1	XM_065406117.1#ALDH7A1
PHAX	XM_065406197.1#PHAX
SPMIP10	XM_065407054.1#SPMIP10
LMNB1	XM_065406945.1#LMNB1
LMNB1	XM_065406946.1#LMNB1
MARCHF3	XM_065406534.1#MARCHF3
C6H5orf63	XM_065406621.1#C6H5orf63
C6H5orf63	XM_065406624.1#C6H5orf63
C6H5orf63	XM_065406623.1#C6H5orf63
MEGF10	XM_065406302.1#MEGF10
MEGF10	XM_065406303.1#MEGF10
PRRC1	XM_065405988.1#PRRC1
PRRC1	XM_065405987.1#PRRC1
CTXN3	XM_065407007.1#CTXN3
SLC12A2	XM_065407063.1#SLC12A2
FBN2	XM_065406785.1#FBN2
SLC27A6	XM_065406422.1#SLC27A6
ISOC1	XM_065406384.1#ISOC1
ADAMTS19	XM_065405898.1#ADAMTS19
MINAR2	XM_065405899.1#MINAR2
CHSY3	XM_065406388.1#CHSY3
HINT1	XM_065406240.1#HINT1
LYRM7	XM_065406371.1#LYRM7
CDC42SE2	XM_065406539.1#CDC42SE2
SPTLC1	XM_065406233.1#SPTLC1
ROR2	XM_065405900.1#ROR2
LOC135879866	XM_065405901.1#LOC135879866
NFIL3	XM_065406486.1#NFIL3
AUH	XM_065406755.1#AUH
LOC135880546	XM_065406873.1#LOC135880546
SYK	XM_065406535.1#SYK
SYK	XM_065406537.1#SYK
DIRAS2	XM_065406796.1#DIRAS2
GADD45G	XM_065406706.1#GADD45G
SEMA4D	XM_065406581.1#SEMA4D
SECISBP2	XM_065406166.1#SECISBP2
CKS2	XM_065406835.1#CKS2
SHC3	XM_065406404.1#SHC3
S1PR3	XM_065406759.1#S1PR3
NXNL2	XM_065405863.1#NXNL2
SPIN1	XM_065406394.1#SPIN1
SPIN1	XM_065406393.1#SPIN1
MFSD14B	XM_065406999.1#MFSD14B
CNTNAP4	XM_065405994.1#CNTNAP4
LOC135880477	XM_065406779.1#LOC135880477
LRRC2	XM_065406877.1#LRRC2
LOC135880698	XM_065407055.1#LOC135880698
LOC135879937	XM_065405976.1#LOC135879937
LOC135879867	XM_065405902.1#LOC135879867
PRXL2C	XM_065406834.1#PRXL2C
CDC14B	XM_065406121.1#CDC14B
CDC14B	XM_065406120.1#CDC14B
HABP4	XM_065406291.1#HABP4
ZNF367	XM_065407045.1#ZNF367
SLC35D2	XM_065406737.1#SLC35D2
HSD17B3	XM_065407001.1#HSD17B3
ERCC6L2	XM_065406381.1#ERCC6L2
PTCH1	XM_065406090.1#PTCH1
PTCH1	XM_065406091.1#PTCH1
FANCC	XM_065406349.1#FANCC
AOPEP	XM_065406348.1#AOPEP
LOC135879919	XM_065405952.1#LOC135879919
LOC135880139	XM_065406287.1#LOC135880139
CTSL	XM_065405996.1#CTSL
DAPK1	XM_065406990.1#DAPK1
GAS1	XM_065405904.1#GAS1
LOC135879938	XM_065405977.1#LOC135879938
LOC135880285	XM_065406529.1#LOC135880285
LOC135880285	XM_065406530.1#LOC135880285
LOC135880285	XM_065406531.1#LOC135880285
TUT7	XM_065405966.1#TUT7
LOC135879963	XM_065406007.1#LOC135879963
GOLM1	XM_065406926.1#GOLM1
NAA35	XM_065406203.1#NAA35
AGTPBP1	XM_065406008.1#AGTPBP1
NTRK2	XM_065406073.1#NTRK2
NTRK2	XM_065406072.1#NTRK2
SLC28A3	XM_065406533.1#SLC28A3
RMI1	XM_065406957.1#RMI1
HNRNPK	XM_065406959.1#HNRNPK
HNRNPK	XM_065406960.1#HNRNPK
HNRNPK	XM_065406958.1#HNRNPK
QNG1	XM_065406783.1#QNG1
KIF27	XM_065406418.1#KIF27
GKAP1	XM_065406083.1#GKAP1
UBQLN1	XM_065406002.1#UBQLN1
IDNK	XM_065406993.1#IDNK
FRMD3	XM_065406507.1#FRMD3
MLANA	XM_065405960.1#MLANA
ERMP1	XM_065406758.1#ERMP1
RIC1	XM_065406276.1#RIC1
RIC1	XM_065406275.1#RIC1
LOC135880576	XM_065406917.1#LOC135880576
LOC135880470	XM_065406771.1#LOC135880470
PLGRKT	XM_065406604.1#PLGRKT
LOC135880661	XM_065407011.1#LOC135880661
JAK2	XM_065406323.1#JAK2
RCL1	XM_065406374.1#RCL1
RCL1	XM_065406372.1#RCL1
RCL1	XM_065406373.1#RCL1
AK3	XM_065406556.1#AK3
SPATA6L	XM_065406983.1#SPATA6L
SLC1A1	XM_065405990.1#SLC1A1
GLIS3	XM_065406703.1#GLIS3
RFX3	XM_065406095.1#RFX3
LOC135880312	XM_065406572.1#LOC135880312
PUM3	XM_065406478.1#PUM3
KCNV2	XM_065405905.1#KCNV2
VLDLR	XM_065406427.1#VLDLR
VLDLR	XM_065406426.1#VLDLR
VLDLR	XM_065406425.1#VLDLR
VLDLR	XM_065406424.1#VLDLR
SMARCA2	XM_065406865.1#SMARCA2
DMRT2	XM_065406851.1#DMRT2
DMRT3	XM_065406949.1#DMRT3
DMRT1	XM_065406250.1#DMRT1
KANK1	XM_065406293.1#KANK1
KANK1	XM_065406292.1#KANK1
DOCK8	XM_065406685.1#DOCK8
LOC135880654	XM_065407006.1#LOC135880654
LOC135879870	XM_065405906.1#LOC135879870
PGM5	XM_065406627.1#PGM5
TMEM252	XM_065406015.1#TMEM252
PIP5K1B	XM_065405907.1#PIP5K1B
FXN	XM_065406767.1#FXN
TJP2	XM_065406039.1#TJP2
TJP2	XM_065406040.1#TJP2
TJP2	XM_065406041.1#TJP2
TJP2	XM_065406042.1#TJP2
TJP2	XM_065406044.1#TJP2
ENTREP1	XM_065406886.1#ENTREP1
APBA1	XM_065406527.1#APBA1
PTAR1	XM_065406285.1#PTAR1
PTAR1	XM_065406284.1#PTAR1
PTAR1	XM_065406282.1#PTAR1
PTAR1	XM_065406283.1#PTAR1
PTAR1	XM_065406281.1#PTAR1
LOC135880663	XM_065407013.1#LOC135880663
CFAP95	XM_065405947.1#CFAP95
MAMDC2	XM_065406789.1#MAMDC2
SMC5	XM_065406162.1#SMC5
KLF9	XM_065405868.1#KLF9
TRPM3	XM_065406154.1#TRPM3
TRPM3	XM_065406153.1#TRPM3
TRPM3	XM_065406152.1#TRPM3
TRPM3	XM_065406151.1#TRPM3
CEMIP2	XM_065406157.1#CEMIP2
CEMIP2	XM_065406156.1#CEMIP2
ABHD17B	XM_065406679.1#ABHD17B
C6H9orf85	XM_065406407.1#C6H9orf85
GDA	XM_065406532.1#GDA
ZFAND5	XM_065406230.1#ZFAND5
ZFAND5	XM_065406229.1#ZFAND5
TMC1	XM_065405908.1#TMC1
ALDH1A1	XM_065406028.1#ALDH1A1
ALDH1A1	XM_065406029.1#ALDH1A1
LOC135880421	XM_065406707.1#LOC135880421
ANXA1	XM_065406053.1#ANXA1
RORB	XM_065406253.1#RORB
TRPM6	XM_065405909.1#TRPM6
C6H9orf40	XM_065406521.1#C6H9orf40
CARNMT1	XM_065406673.1#CARNMT1
NMRK1	XM_065405910.1#NMRK1
OSTF1	XM_065406147.1#OSTF1
OSTF1	XM_065406148.1#OSTF1
PCSK5	XM_065407022.1#PCSK5
PCSK5	XM_065407023.1#PCSK5
RFK	XM_065406782.1#RFK
GCNT1	XM_065406226.1#GCNT1
GCNT1	XM_065406223.1#GCNT1
GCNT1	XM_065406227.1#GCNT1
GCNT1	XM_065406224.1#GCNT1
GCNT1	XM_065406228.1#GCNT1
GCNT1	XM_065406225.1#GCNT1
PRUNE2	XM_065406219.1#PRUNE2
LOC135879876	XM_065405911.1#LOC135879876
FOXB2	XM_065406820.1#FOXB2
VPS13A	XM_065406641.1#VPS13A
LOC135880677	XM_065407030.1#LOC135880677
LOC135880484	XM_065406787.1#LOC135880484
CEP78	XM_065406683.1#CEP78
PSAT1	XM_065406717.1#PSAT1
LOC135880559	XM_065406887.1#LOC135880559
LOC135880300	XM_065406555.1#LOC135880300
LOC135880300	XM_065406552.1#LOC135880300
LOC135880300	XM_065406554.1#LOC135880300
LOC135880300	XM_065406550.1#LOC135880300
LOC135880300	XM_065406551.1#LOC135880300
LOC135880300	XM_065406549.1#LOC135880300
RASEF	XM_065406855.1#RASEF
LOC135880630	XM_065406978.1#LOC135880630
LOC135880589	XM_065406932.1#LOC135880589
LOC135879879	XM_065405913.1#LOC135879879
LOC135880639	XM_065406989.1#LOC135880639
LOC135880618	XM_065406965.1#LOC135880618
LOC135879880	XM_065405914.1#LOC135879880
LOC135879882	XM_065405915.1#LOC135879882
LOC135880595	XM_065406937.1#LOC135880595
LOC135880555	XM_065406884.1#LOC135880555
HACD4	XM_065406833.1#HACD4
HACD4	XM_065406832.1#HACD4
FOCAD	XM_065406352.1#FOCAD
FOCAD	XM_065406351.1#FOCAD
FOCAD	XM_065406350.1#FOCAD
MLLT3	XM_065406708.1#MLLT3
SLC24A2	XM_065406686.1#SLC24A2
ACER2	XM_065405878.1#ACER2
RPS6	XM_065405879.1#RPS6
DENND4C	XM_065406964.1#DENND4C
PLIN2	XM_065405958.1#PLIN2
PLIN2	XM_065405959.1#PLIN2
HAUS6	XM_065406163.1#HAUS6
SAXO1	XM_065405916.1#SAXO1
ADAMTSL1	XM_065406494.1#ADAMTSL1
ADAMTSL1	XM_065406493.1#ADAMTSL1
SH3GL2	XM_065406423.1#SH3GL2
CNTLN	XM_065406475.1#CNTLN
BNC2	XM_065406666.1#BNC2
CCDC171	XM_065406609.1#CCDC171
PSIP1	XM_065406056.1#PSIP1
SNAPC3	XM_065406058.1#SNAPC3
SNAPC3	XM_065406057.1#SNAPC3
TTC39B	XM_065406315.1#TTC39B
LOC135879957	XM_065406001.1#LOC135879957
FREM1	XM_065406895.1#FREM1
FREM1	XM_065406896.1#FREM1
CER1	XM_065407005.1#CER1
ZDHHC21	XM_065406942.1#ZDHHC21
NFIB	XM_065406897.1#NFIB
NFIB	XM_065406898.1#NFIB
NFIB	XM_065406903.1#NFIB
NFIB	XM_065406900.1#NFIB
NFIB	XM_065406901.1#NFIB
NFIB	XM_065406904.1#NFIB
NFIB	XM_065406905.1#NFIB
NFIB	XM_065406902.1#NFIB
MPDZ	XM_065405917.1#MPDZ
LURAP1L	XM_065405956.1#LURAP1L
TYRP1	XM_065406498.1#TYRP1
PTPRD	XM_065406322.1#PTPRD
KDM4C	XM_065406934.1#KDM4C
GLDC	XM_065405918.1#GLDC
UHRF2	XM_065406006.1#UHRF2
BRD10	XM_065406333.1#BRD10
LOC135880628	XM_065406976.1#LOC135880628
LOC135880616	XM_065406963.1#LOC135880616
LOC135880615	XM_065406961.1#LOC135880615
LOC135879887	XM_065405919.1#LOC135879887
MTAP	XM_065406211.1#MTAP
CDKN2B	XM_065406175.1#CDKN2B
LOC135880070	XM_065406174.1#LOC135880070
DMRTA1	XM_065405920.1#DMRTA1
ELAVL2	XM_065406063.1#ELAVL2
ELAVL2	XM_065406062.1#ELAVL2
ELAVL2	XM_065406065.1#ELAVL2
ELAVL2	XM_065406064.1#ELAVL2
ELAVL2	XM_065406061.1#ELAVL2
ELAVL2	XM_065406060.1#ELAVL2
ELAVL2	XM_065406059.1#ELAVL2
ELAVL2	XM_065406067.1#ELAVL2
TUSC1	XM_065406136.1#TUSC1
CAAP1	XM_065406655.1#CAAP1
PLAA	XM_065406215.1#PLAA
IFT74	XM_065406480.1#IFT74
IFT74	XM_065406479.1#IFT74
LRRC19	XM_065406997.1#LRRC19
TEK	XM_065406222.1#TEK
LOC135880583	XM_065406925.1#LOC135880583
MOB3B	XM_065405921.1#MOB3B
C9orf72	XM_065406491.1#C9orf72
LINGO2	XM_065406753.1#LINGO2
ACO1	XM_065406972.1#ACO1
RIGI	XM_065406971.1#RIGI
TOPORS	XM_065406345.1#TOPORS
SMIM27	XM_065406346.1#SMIM27
NDUFB6	XM_065406488.1#NDUFB6
TMEM215	XM_065405948.1#TMEM215
LOC135879892	XM_065405923.1#LOC135879892
LPAR1	XM_065406481.1#LPAR1
MUSK	XM_065406635.1#MUSK
SVEP1	XM_065406573.1#SVEP1
LOC135879936	XM_065405975.1#LOC135879936
LOC135880276	XM_065406514.1#LOC135880276
PTGR1	XM_065406382.1#PTGR1
SMC2	XM_065406313.1#SMC2
ECPAS	XM_065406150.1#ECPAS
DNAJC25	XM_065406811.1#DNAJC25
GNG10	XM_065406132.1#GNG10
LOC135879893	XM_065405924.1#LOC135879893
UGCG	XM_065406538.1#UGCG
SUSD1	XM_065405925.1#SUSD1
PTBP3	XM_065406012.1#PTBP3
PTBP3	XM_065406011.1#PTBP3
HSDL2	XM_065406599.1#HSDL2
KIAA1958	XM_065406885.1#KIAA1958
INIP	XM_065406191.1#INIP
INIP	XM_065406192.1#INIP
INIP	XM_065406190.1#INIP
INIP	XM_065406194.1#INIP
INIP	XM_065406195.1#INIP
INIP	XM_065406193.1#INIP
SNX30	XM_065405926.1#SNX30
SLC46A2	XM_065406872.1#SLC46A2
LOC135880235	XM_065406420.1#LOC135880235
LOC135880235	XM_065406421.1#LOC135880235
LOC135879897	XM_065405927.1#LOC135879897
PLPPR1	XM_065406745.1#PLPPR1
LOC135880532	XM_065406858.1#LOC135880532
LOC135880521	XM_065406837.1#LOC135880521
MRPL50	XM_065406232.1#MRPL50
ALDOB	XM_065406196.1#ALDOB
PGAP4	XM_065406213.1#PGAP4
RNF20	XM_065405991.1#RNF20
RNF20	XM_065405992.1#RNF20
GRIN3A	XM_065406674.1#GRIN3A
LOC135880151	XM_065406304.1#LOC135880151
LOC135880622	XM_065406970.1#LOC135880622
LOC135880135	XM_065406278.1#LOC135880135
LOC135879898	XM_065405928.1#LOC135879898
LOC135879899	XM_065405930.1#LOC135879899
SHB	XM_065406819.1#SHB
IGFBPL1	XM_065407035.1#IGFBPL1
TOMM5	XM_065406545.1#TOMM5
FRMPD1	XM_065406863.1#FRMPD1
TRMT10B	XM_065406704.1#TRMT10B
LOC135880266	XM_065406502.1#LOC135880266
DCAF10	XM_065406140.1#DCAF10
SLC25A51	XM_065406658.1#SLC25A51
FBXO10	XM_065406914.1#FBXO10
POLR1E	XM_065406137.1#POLR1E
ZBTB5	XM_065406955.1#ZBTB5
GRHPR	XM_065406403.1#GRHPR
LOC135880294	XM_065406542.1#LOC135880294
ZCCHC7	XM_065406629.1#ZCCHC7
ZCCHC7	XM_065406628.1#ZCCHC7
PAX5	XM_065406100.1#PAX5
MELK	XM_065406547.1#MELK
LOC135880562	XM_065406891.1#LOC135880562
RNF38	XM_065406165.1#RNF38
RNF38	XM_065406164.1#RNF38
TRIM14	XM_065406235.1#TRIM14
NANS	XM_065406236.1#NANS
CCIN	XM_065406991.1#CCIN
CLTA	XM_065406114.1#CLTA
GNE	XM_065406503.1#GNE
GNE	XM_065406504.1#GNE
GNE	XM_065406505.1#GNE
CPLX1	XM_065405931.1#CPLX1
PCGF3	XM_065406773.1#PCGF3
SLC49A3	XM_065406853.1#SLC49A3
DGKQ	XM_065406705.1#DGKQ
LOC135880504	XM_065406818.1#LOC135880504
SLC26A1	XM_065406920.1#SLC26A1
IDUA	XM_065406778.1#IDUA
LOC135880253	XM_065406485.1#LOC135880253
LOC135880253	XM_065406483.1#LOC135880253
LOC135880253	XM_065406484.1#LOC135880253
PDE6B	XM_065405932.1#PDE6B
ATP5ME	XM_065406982.1#ATP5ME
MYL5	XM_065406506.1#MYL5
TMEM175	XM_065407061.1#TMEM175
LOC135880346	XM_065406612.1#LOC135880346
GAK	XM_065407060.1#GAK
PIGG	XM_065406664.1#PIGG
TMEM271	XM_065406018.1#TMEM271
TRABD2A	XM_065406878.1#TRABD2A
DNAH6	XM_065405933.1#DNAH6
LOC135880586	XM_065406928.1#LOC135880586
CHRNA6	XM_065406930.1#CHRNA6
CHRNB3	XM_065406931.1#CHRNB3
THAP1	XM_065406695.1#THAP1
THAP1	XM_065406694.1#THAP1
LOC135880657	XM_065407009.1#LOC135880657
RNF170	XM_065406711.1#RNF170
HOOK3	XM_065406217.1#HOOK3
KCMF1	XM_065406272.1#KCMF1
FNTA	XM_065406264.1#FNTA
FUT10	XM_065406696.1#FUT10
NRG1	XM_065406980.1#NRG1
NRG1	XM_065406979.1#NRG1
LOC135880632	XM_065406981.1#LOC135880632
LPL	XM_065406355.1#LPL
PSD3	XM_065406126.1#PSD3
PSD3	XM_065406127.1#PSD3
LOC135880040	XM_065406130.1#LOC135880040
LOC135880163	XM_065406320.1#LOC135880163
ABCA1	XM_065406810.1#ABCA1
SLC44A1	XM_065406244.1#SLC44A1
FSD1L	XM_065406357.1#FSD1L
FKTN	XM_065406761.1#FKTN
FKTN	XM_065406762.1#FKTN
TAL2	XM_065407039.1#TAL2
TMEM38B	XM_065406104.1#TMEM38B
TMEM38B	XM_065406105.1#TMEM38B
TMEM38B	XM_065406102.1#TMEM38B
TMEM38B	XM_065406103.1#TMEM38B
ZNF462	XM_065406472.1#ZNF462
ZNF462	XM_065406473.1#ZNF462
RAD23B	XM_065405980.1#RAD23B
KLF4	XM_065406593.1#KLF4
KLF4	XM_065406592.1#KLF4
CORO2A	XM_065406187.1#CORO2A
TBC1D2	XM_065406113.1#TBC1D2
LOC135879903	XM_065405934.1#LOC135879903
ELP1	XM_065407068.1#ELP1
ACTL7A	XM_065406856.1#ACTL7A
APTX	XM_065405858.1#APTX
APTX	XM_065405859.1#APTX
APTX	XM_065405860.1#APTX
DNAJA1	XM_065405862.1#DNAJA1
SMU1	XM_065406094.1#SMU1
SMU1	XM_065406092.1#SMU1
B4GALT1	XM_065406052.1#B4GALT1
SPINK4	XM_065406859.1#SPINK4
HEMGN	XM_065406331.1#HEMGN
HEMGN	XM_065406332.1#HEMGN
FOXE1	XM_065406874.1#FOXE1
XPA	XM_065406214.1#XPA
NCBP1	XM_065406327.1#NCBP1
TSTD2	XM_065406328.1#TSTD2
TMOD1	XM_065406330.1#TMOD1
TDRD7	XM_065406055.1#TDRD7
LOC135879904	XM_065405935.1#LOC135879904
LOC135880348	XM_065406615.1#LOC135880348
LOC135880348	XM_065406614.1#LOC135880348
ALDH18A1	XM_065407530.1#ALDH18A1
TCTN3	XM_065408409.1#TCTN3
ENTPD1	XM_065407532.1#ENTPD1
CPN1	XM_065408403.1#CPN1
DNMBP	XM_065408314.1#DNMBP
DNMBP	XM_065408315.1#DNMBP
ABCC2	XM_065408338.1#ABCC2
CUTC	XM_065407811.1#CUTC
CUTC	XM_065407810.1#CUTC
CUTC	XM_065407808.1#CUTC
CUTC	XM_065407812.1#CUTC
LOC135881257	XM_065407846.1#LOC135881257
LOC135881266	XM_065407856.1#LOC135881266
ENTPD7	XM_065407533.1#ENTPD7
SLC25A28	XM_065407647.1#SLC25A28
NKX2-3	XM_065408158.1#NKX2-3
GOT1	XM_065407150.1#GOT1
CNNM1	XM_065407534.1#CNNM1
HPSE2	XM_065408175.1#HPSE2
HPS1	XM_065407535.1#HPS1
PYROXD2	XM_065408322.1#PYROXD2
LOXL4	XM_065407837.1#LOXL4
R3HCC1L	XM_065408543.1#R3HCC1L
CRTAC1	XM_065407538.1#CRTAC1
GOLGA7B	XM_065408086.1#GOLGA7B
ZFYVE27	XM_065407545.1#ZFYVE27
ZFYVE27	XM_065407548.1#ZFYVE27
ZFYVE27	XM_065407547.1#ZFYVE27
ZFYVE27	XM_065407546.1#ZFYVE27
ZFYVE27	XM_065407544.1#ZFYVE27
MARVELD1	XM_065407136.1#MARVELD1
AVPI1	XM_065408579.1#AVPI1
PI4K2A	XM_065408040.1#PI4K2A
MORN4	XM_065408612.1#MORN4
HOGA1	XM_065408041.1#HOGA1
ANKRD2	XM_065408092.1#ANKRD2
UBTD1	XM_065407233.1#UBTD1
MMS19	XM_065407232.1#MMS19
ZDHHC16	XM_065408116.1#ZDHHC16
EXOSC1	XM_065407791.1#EXOSC1
PGAM1	XM_065407488.1#PGAM1
LOC135881050	XM_065407540.1#LOC135881050
RRP12	XM_065407730.1#RRP12
RRP12	XM_065407731.1#RRP12
RRP12	XM_065407732.1#RRP12
LOC135881052	XM_065407542.1#LOC135881052
ARHGAP19	XM_065408421.1#ARHGAP19
SLIT1	XM_065408481.1#SLIT1
SLIT1	XM_065408482.1#SLIT1
LOC135881091	XM_065407597.1#LOC135881091
LOC135881887	XM_065408614.1#LOC135881887
PPRC1	XM_065408062.1#PPRC1
LDB1	XM_065407164.1#LDB1
LDB1	XM_065407165.1#LDB1
LOC135881966	XM_065408739.1#LOC135881966
HPS6	XM_065407090.1#HPS6
ARMH3	XM_065408100.1#ARMH3
KCNIP2	XM_065407219.1#KCNIP2
KCNIP2	XM_065407221.1#KCNIP2
KCNIP2	XM_065407220.1#KCNIP2
OGA	XM_065407619.1#OGA
OGA	XM_065407620.1#OGA
NPM3	XM_065408513.1#NPM3
FGF8	XM_065408071.1#FGF8
FBXW4	XM_065407464.1#FBXW4
DPCD	XM_065408159.1#DPCD
POLL	XM_065407740.1#POLL
LOC135881433	XM_065408093.1#LOC135881433
BTRC	XM_065407543.1#BTRC
LBX1	XM_065408432.1#LBX1
TLX1	XM_065408506.1#TLX1
KAZALD1	XM_065408580.1#KAZALD1
SFXN3	XM_065407972.1#SFXN3
LOC135881004	XM_065407476.1#LOC135881004
PDZD7	XM_065408503.1#PDZD7
LZTS2	XM_065408528.1#LZTS2
TWNK	XM_065408487.1#TWNK
MRPL43	XM_065408012.1#MRPL43
SEMA4G	XM_065408422.1#SEMA4G
SLF2	XM_065407958.1#SLF2
MFSD13A	XM_065408021.1#MFSD13A
ACTR1A	XM_065407896.1#ACTR1A
SUFU	XM_065408109.1#SUFU
TRIM8	XM_065407190.1#TRIM8
ARL3	XM_065407964.1#ARL3
SFXN2	XM_065408118.1#SFXN2
LOC135881057	XM_065407551.1#LOC135881057
WBP1L	XM_065407203.1#WBP1L
WBP1L	XM_065407204.1#WBP1L
LOC135881741	XM_065408434.1#LOC135881741
BORCS7	XM_065408515.1#BORCS7
AS3MT	XM_065407677.1#AS3MT
CNNM2	XM_065407818.1#CNNM2
NT5C2	XM_065407293.1#NT5C2
INA	XM_065407477.1#INA
PCGF6	XM_065407967.1#PCGF6
TAF5	XM_065407960.1#TAF5
TAF5	XM_065407961.1#TAF5
LOC135881722	XM_065408411.1#LOC135881722
LOC135881672	XM_065408339.1#LOC135881672
PDCD11	XM_065407552.1#PDCD11
CALHM2	XM_065408495.1#CALHM2
CALHM1	XM_065408734.1#CALHM1
CALHM3	XM_065407554.1#CALHM3
NEURL1	XM_065407292.1#NEURL1
SH3PXD2A	XM_065407840.1#SH3PXD2A
SH3PXD2A	XM_065407839.1#SH3PXD2A
SH3PXD2A	XM_065407842.1#SH3PXD2A
SH3PXD2A	XM_065407841.1#SH3PXD2A
STN1	XM_065407111.1#STN1
STN1	XM_065407112.1#STN1
SLK	XM_065407420.1#SLK
SLK	XM_065407421.1#SLK
SLK	XM_065407422.1#SLK
COL17A1	XM_065408149.1#COL17A1
SFR1	XM_065408355.1#SFR1
CFAP43	XM_065408052.1#CFAP43
LOC135880876	XM_065407255.1#LOC135880876
ITPRIP	XM_065407110.1#ITPRIP
ITPRIP	XM_065407109.1#ITPRIP
CFAP58	XM_065407107.1#CFAP58
SORCS3	XM_065407380.1#SORCS3
SORCS1	XM_065407558.1#SORCS1
XPNPEP1	XM_065407605.1#XPNPEP1
ADD3	XM_065408681.1#ADD3
ADD3	XM_065408680.1#ADD3
ADD3	XM_065408685.1#ADD3
ADD3	XM_065408687.1#ADD3
ADD3	XM_065408682.1#ADD3
ADD3	XM_065408684.1#ADD3
ADD3	XM_065408683.1#ADD3
MXI1	XM_065407149.1#MXI1
MXI1	XM_065407145.1#MXI1
MXI1	XM_065407148.1#MXI1
MXI1	XM_065407146.1#MXI1
SMNDC1	XM_065407344.1#SMNDC1
SMNDC1	XM_065407343.1#SMNDC1
DUSP5	XM_065407254.1#DUSP5
SMC3	XM_065407191.1#SMC3
RBM20	XM_065408586.1#RBM20
PDCD4	XM_065407646.1#PDCD4
BBIP1	XM_065408061.1#BBIP1
SHOC2	XM_065408025.1#SHOC2
ADRA2A	XM_065408397.1#ADRA2A
GPAM	XM_065408029.1#GPAM
TECTB	XM_065408689.1#TECTB
LOC135881791	XM_065408499.1#LOC135881791
ACSL5	XM_065407104.1#ACSL5
ACSL5	XM_065407105.1#ACSL5
ACSL5	XM_065407106.1#ACSL5
ZDHHC6	XM_065407475.1#ZDHHC6
ZDHHC6	XM_065407474.1#ZDHHC6
VTI1A	XM_065407890.1#VTI1A
VTI1A	XM_065407889.1#VTI1A
TCF7L2	XM_065407909.1#TCF7L2
TCF7L2	XM_065407910.1#TCF7L2
TCF7L2	XM_065407915.1#TCF7L2
TCF7L2	XM_065407912.1#TCF7L2
TCF7L2	XM_065407913.1#TCF7L2
TCF7L2	XM_065407916.1#TCF7L2
TCF7L2	XM_065407927.1#TCF7L2
TCF7L2	XM_065407911.1#TCF7L2
TCF7L2	XM_065407914.1#TCF7L2
TCF7L2	XM_065407919.1#TCF7L2
TCF7L2	XM_065407922.1#TCF7L2
TCF7L2	XM_065407917.1#TCF7L2
TCF7L2	XM_065407923.1#TCF7L2
TCF7L2	XM_065407920.1#TCF7L2
TCF7L2	XM_065407926.1#TCF7L2
TCF7L2	XM_065407924.1#TCF7L2
TCF7L2	XM_065407921.1#TCF7L2
TCF7L2	XM_065407925.1#TCF7L2
HABP2	XM_065407563.1#HABP2
NRAP	XM_065407202.1#NRAP
CASP7	XM_065407998.1#CASP7
PLEKHS1	XM_065407319.1#PLEKHS1
DCLRE1A	XM_065408553.1#DCLRE1A
NHLRC2	XM_065407531.1#NHLRC2
ADRB1	XM_065408141.1#ADRB1
CCDC186	XM_065407727.1#CCDC186
TDRD1	XM_065407943.1#TDRD1
VWA2	XM_065408493.1#VWA2
AFAP1L2	XM_065407564.1#AFAP1L2
ABLIM1	XM_065408563.1#ABLIM1
ABLIM1	XM_065408561.1#ABLIM1
ABLIM1	XM_065408558.1#ABLIM1
ABLIM1	XM_065408557.1#ABLIM1
ABLIM1	XM_065408560.1#ABLIM1
ABLIM1	XM_065408562.1#ABLIM1
ABLIM1	XM_065408559.1#ABLIM1
FHIP2A	XM_065407813.1#FHIP2A
TRUB1	XM_065407947.1#TRUB1
ATRNL1	XM_065407744.1#ATRNL1
LOC135881837	XM_065408550.1#LOC135881837
GFRA1	XM_065408101.1#GFRA1
CCDC172	XM_065407570.1#CCDC172
LOC135881461	XM_065408123.1#LOC135881461
LOC135881271	XM_065407865.1#LOC135881271
HSPA12A	XM_065407573.1#HSPA12A
ENO4	XM_065408574.1#ENO4
SHTN1	XM_065408126.1#SHTN1
VAX1	XM_065408522.1#VAX1
KCNK18	XM_065407574.1#KCNK18
SLC18A2	XM_065407141.1#SLC18A2
PDZD8	XM_065408069.1#PDZD8
EMX2	XM_065408390.1#EMX2
EMX2	XM_065408393.1#EMX2
RAB11FIP2	XM_065408013.1#RAB11FIP2
FAM204A	XM_065407571.1#FAM204A
FAM204A	XM_065407572.1#FAM204A
PRLHR	XM_065408548.1#PRLHR
LOC135881077	XM_065407580.1#LOC135881077
CACUL1	XM_065408180.1#CACUL1
NANOS1	XM_065407086.1#NANOS1
EIF3A	XM_065407434.1#EIF3A
DENND10	XM_065407779.1#DENND10
DENND10	XM_065407780.1#DENND10
SFXN4	XM_065407988.1#SFXN4
SFXN4	XM_065407987.1#SFXN4
PRDX3	XM_065407134.1#PRDX3
GRK5	XM_065407317.1#GRK5
RGS10	XM_065408599.1#RGS10
TIAL1	XM_065407390.1#TIAL1
TIAL1	XM_065407391.1#TIAL1
BAG3	XM_065408351.1#BAG3
INPP5F	XM_065408183.1#INPP5F
MCMBP	XM_065407876.1#MCMBP
SEC23IP	XM_065407182.1#SEC23IP
PLPP4	XM_065407581.1#PLPP4
WDR11	XM_065407823.1#WDR11
FGFR2	XM_065407682.1#FGFR2
FGFR2	XM_065407683.1#FGFR2
ATE1	XM_065407279.1#ATE1
ATE1	XM_065407277.1#ATE1
ATE1	XM_065407278.1#ATE1
NSMCE4A	XM_065408170.1#NSMCE4A
TACC2	XM_065407844.1#TACC2
BTBD16	XM_065407589.1#BTBD16
PLEKHA1	XM_065407403.1#PLEKHA1
HTRA1	XM_065407873.1#HTRA1
LOC135881086	XM_065407591.1#LOC135881086
LOC135881088	XM_065407592.1#LOC135881088
LOC135881089	XM_065407593.1#LOC135881089
LOC135881029	XM_065407518.1#LOC135881029
C7H10orf88	XM_065408119.1#C7H10orf88
LOC135880855	XM_065407223.1#LOC135880855
PSTK	XM_065408181.1#PSTK
IKZF5	XM_065408026.1#IKZF5
ACADSB	XM_065407742.1#ACADSB
ACADSB	XM_065407743.1#ACADSB
HMX3	XM_065408507.1#HMX3
HMX2	XM_065408590.1#HMX2
BUB3	XM_065407696.1#BUB3
BUB3	XM_065407697.1#BUB3
GPR26	XM_065408703.1#GPR26
CPXM2	XM_065407710.1#CPXM2
CHST15	XM_065408568.1#CHST15
OAT	XM_065407753.1#OAT
NKX1-2	XM_065408575.1#NKX1-2
LHPP	XM_065408024.1#LHPP
FAM53B	XM_065408023.1#FAM53B
EEF1AKMT2	XM_065407634.1#EEF1AKMT2
ABRAXAS2	XM_065407582.1#ABRAXAS2
ZRANB1	XM_065407611.1#ZRANB1
CTBP2	XM_065407217.1#CTBP2
CTBP2	XM_065407216.1#CTBP2
TEX36	XM_065407747.1#TEX36
EDRF1	XM_065407746.1#EDRF1
UROS	XM_065408582.1#UROS
BCCIP	XM_065407836.1#BCCIP
DHX32	XM_065407600.1#DHX32
FANK1	XM_065407601.1#FANK1
ADAM12	XM_065407602.1#ADAM12
C7H10orf90	XM_065408545.1#C7H10orf90
DOCK1	XM_065408426.1#DOCK1
DOCK1	XM_065408427.1#DOCK1
INSYN2A	XM_065407137.1#INSYN2A
NPS	XM_065407156.1#NPS
FOXI2	XM_065408292.1#FOXI2
CLRN3	XM_065408751.1#CLRN3
PTPRE	XM_065407196.1#PTPRE
PTPRE	XM_065407198.1#PTPRE
MKI67	XM_065407613.1#MKI67
MGMT	XM_065408056.1#MGMT
EBF3	XM_065408697.1#EBF3
EBF3	XM_065408702.1#EBF3
EBF3	XM_065408696.1#EBF3
EBF3	XM_065408699.1#EBF3
EBF3	XM_065408695.1#EBF3
EBF3	XM_065408701.1#EBF3
EBF3	XM_065408694.1#EBF3
EBF3	XM_065408698.1#EBF3
EBF3	XM_065408693.1#EBF3
EBF3	XM_065408692.1#EBF3
EBF3	XM_065408691.1#EBF3
C7H10orf143	XM_065407852.1#C7H10orf143
GLRX3	XM_065407285.1#GLRX3
GLRX3	XM_065407286.1#GLRX3
TCERG1L	XM_065408523.1#TCERG1L
PPP2R2D	XM_065407119.1#PPP2R2D
PPP2R2D	XM_065407120.1#PPP2R2D
BNIP3	XM_065407931.1#BNIP3
JAKMIP3	XM_065407354.1#JAKMIP3
JAKMIP3	XM_065407356.1#JAKMIP3
JAKMIP3	XM_065407357.1#JAKMIP3
JAKMIP3	XM_065407358.1#JAKMIP3
JAKMIP3	XM_065407359.1#JAKMIP3
JAKMIP3	XM_065407363.1#JAKMIP3
JAKMIP3	XM_065407360.1#JAKMIP3
JAKMIP3	XM_065407364.1#JAKMIP3
JAKMIP3	XM_065407355.1#JAKMIP3
JAKMIP3	XM_065407361.1#JAKMIP3
JAKMIP3	XM_065407362.1#JAKMIP3
JAKMIP3	XM_065407366.1#JAKMIP3
JAKMIP3	XM_065407368.1#JAKMIP3
JAKMIP3	XM_065407369.1#JAKMIP3
JAKMIP3	XM_065407373.1#JAKMIP3
JAKMIP3	XM_065407367.1#JAKMIP3
JAKMIP3	XM_065407372.1#JAKMIP3
JAKMIP3	XM_065407371.1#JAKMIP3
JAKMIP3	XM_065407374.1#JAKMIP3
JAKMIP3	XM_065407370.1#JAKMIP3
DPYSL4	XM_065408615.1#DPYSL4
DPYSL4	XM_065408616.1#DPYSL4
STK32C	XM_065408055.1#STK32C
LRRC27	XM_065408735.1#LRRC27
PWWP2B	XM_065408388.1#PWWP2B
INPP5A	XM_065407974.1#INPP5A
NKX6-2	XM_065407973.1#NKX6-2
LOC135880848	XM_065407212.1#LOC135880848
CFAP46	XM_065408178.1#CFAP46
LOC135881172	XM_065407720.1#LOC135881172
ADGRA1	XM_065407945.1#ADGRA1
KNDC1	XM_065408135.1#KNDC1
LOC135881872	XM_065408593.1#LOC135881872
LOC135881978	XM_065408759.1#LOC135881978
LOC135881821	XM_065408534.1#LOC135881821
DNTT	XM_065408452.1#DNTT
BLNK	XM_065408305.1#BLNK
ZNF518A	XM_065407629.1#ZNF518A
CCNJ	XM_065408370.1#CCNJ
CCNJ	XM_065408371.1#CCNJ
CC2D2B	XM_065407632.1#CC2D2B
LOC135881119	XM_065407633.1#LOC135881119
BTAF1	XM_065407237.1#BTAF1
CPEB3	XM_065407238.1#CPEB3
CPEB3	XM_065407242.1#CPEB3
CPEB3	XM_065407241.1#CPEB3
CPEB3	XM_065407240.1#CPEB3
CPEB3	XM_065407239.1#CPEB3
MARCHF5	XM_065407142.1#MARCHF5
IDE	XM_065407188.1#IDE
IDE	XM_065407187.1#IDE
KIF11	XM_065408152.1#KIF11
HHEX	XM_065407878.1#HHEX
EXOC6	XM_065408079.1#EXOC6
LOC135881336	XM_065407963.1#LOC135881336
LOC135881451	XM_065408110.1#LOC135881451
MYOF	XM_065408077.1#MYOF
CEP55	XM_065408442.1#CEP55
FFAR4	XM_065408460.1#FFAR4
RBP4	XM_065408412.1#RBP4
PDE6C	XM_065407642.1#PDE6C
PDE6C	XM_065407643.1#PDE6C
PDE6C	XM_065407644.1#PDE6C
LOC135881159	XM_065407706.1#LOC135881159
LGI1	XM_065407984.1#LGI1
LGI1	XM_065407985.1#LGI1
SLC35G1	XM_065408638.1#SLC35G1
PLCE1	XM_065407590.1#PLCE1
NOC3L	XM_065407304.1#NOC3L
TBC1D12	XM_065407306.1#TBC1D12
TBC1D12	XM_065407305.1#TBC1D12
FGFBP3	XM_065407157.1#FGFBP3
TNKS2	XM_065407263.1#TNKS2
PPP1R3C	XM_065408475.1#PPP1R3C
HECTD2	XM_065408008.1#HECTD2
PCGF5	XM_065407424.1#PCGF5
PCGF5	XM_065407425.1#PCGF5
PCGF5	XM_065407423.1#PCGF5
ANKRD1	XM_065408130.1#ANKRD1
RPP30	XM_065407556.1#RPP30
RPP30	XM_065407555.1#RPP30
HTR7	XM_065408556.1#HTR7
KIF20B	XM_065407838.1#KIF20B
LOC135881870	XM_065408591.1#LOC135881870
PANK1	XM_065408049.1#PANK1
SLC16A12	XM_065408485.1#SLC16A12
LOC135881019	XM_065407500.1#LOC135881019
LIPA	XM_065408631.1#LIPA
CH25H	XM_065407115.1#CH25H
FAS	XM_065408036.1#FAS
ACTA2	XM_065407483.1#ACTA2
ACTA2	XM_065407487.1#ACTA2
ACTA2	XM_065407486.1#ACTA2
ACTA2	XM_065407484.1#ACTA2
ACTA2	XM_065407485.1#ACTA2
STAMBPL1	XM_065407944.1#STAMBPL1
ANKRD22	XM_065408619.1#ANKRD22
LOC135880909	XM_065407296.1#LOC135880909
LOC135880885	XM_065407266.1#LOC135880885
LOC135880885	XM_065407267.1#LOC135880885
LOC135880886	XM_065407269.1#LOC135880886
LOC135881032	XM_065407520.1#LOC135881032
LOC135881460	XM_065408122.1#LOC135881460
LOC135880859	XM_065407227.1#LOC135880859
LOC135880856	XM_065407224.1#LOC135880856
RNLS	XM_065407940.1#RNLS
RNLS	XM_065407941.1#RNLS
PTEN	XM_065407616.1#PTEN
ATAD1	XM_065407586.1#ATAD1
ATAD1	XM_065407587.1#ATAD1
ATAD1	XM_065407588.1#ATAD1
PAPSS2	XM_065407675.1#PAPSS2
MINPP1	XM_065408082.1#MINPP1
MINPP1	XM_065408081.1#MINPP1
SGMS1	XM_065407676.1#SGMS1
LOC135881518	XM_065408187.1#LOC135881518
A1CF	XM_065407726.1#A1CF
A1CF	XM_065407724.1#A1CF
PRKG1	XM_065407822.1#PRKG1
PRKG1	XM_065407820.1#PRKG1
DKK1	XM_065408431.1#DKK1
PCDH15	XM_065407245.1#PCDH15
PCDH15	XM_065407244.1#PCDH15
IPMK	XM_065407803.1#IPMK
CISD1	XM_065408137.1#CISD1
UBE2D1	XM_065407559.1#UBE2D1
UBE2D1	XM_065407560.1#UBE2D1
TFAM	XM_065407346.1#TFAM
DNAJC9	XM_065407850.1#DNAJC9
FAM149B1	XM_065408002.1#FAM149B1
ECD	XM_065407519.1#ECD
NUDT13	XM_065408447.1#NUDT13
P4HA1	XM_065407401.1#P4HA1
P4HA1	XM_065407402.1#P4HA1
PLA2G12B	XM_065408688.1#PLA2G12B
OIT3	XM_065408479.1#OIT3
MCU	XM_065407431.1#MCU
MCU	XM_065407429.1#MCU
MICU1	XM_065407427.1#MICU1
MICU1	XM_065407426.1#MICU1
MICU1	XM_065407428.1#MICU1
DNAJB12	XM_065407213.1#DNAJB12
DDIT4	XM_065407722.1#DDIT4
ANAPC16	XM_065407454.1#ANAPC16
ASCC1	XM_065407441.1#ASCC1
ASCC1	XM_065407442.1#ASCC1
SPOCK2	XM_065408103.1#SPOCK2
TYSND1	XM_065407800.1#TYSND1
TYSND1	XM_065407798.1#TYSND1
TYSND1	XM_065407799.1#TYSND1
SAR1A	XM_065407257.1#SAR1A
SAR1A	XM_065407258.1#SAR1A
SAR1A	XM_065407259.1#SAR1A
PPA1	XM_065407775.1#PPA1
NPFFR1	XM_065408327.1#NPFFR1
LRRC20	XM_065408505.1#LRRC20
EIF4EBP2	XM_065408449.1#EIF4EBP2
PALD1	XM_065408334.1#PALD1
ADAMTS14	XM_065407718.1#ADAMTS14
LOC135881421	XM_065408076.1#LOC135881421
LOC135881171	XM_065407719.1#LOC135881171
TBATA	XM_065407207.1#TBATA
SGPL1	XM_065408189.1#SGPL1
PCBD1	XM_065408382.1#PCBD1
UNC5B	XM_065407776.1#UNC5B
SLC29A3	XM_065408190.1#SLC29A3
CDH23	XM_065408191.1#CDH23
C7H10orf105	XM_065407144.1#C7H10orf105
VSIR	XM_065407226.1#VSIR
LOC135881424	XM_065408080.1#LOC135881424
LOC135880768	XM_065407094.1#LOC135880768
LOC135880768	XM_065407095.1#LOC135880768
CHST3	XM_065408501.1#CHST3
AIFM2	XM_065408182.1#AIFM2
LOC135880952	XM_065407387.1#LOC135880952
LOC135880952	XM_065407386.1#LOC135880952
LOC135880952	XM_065407385.1#LOC135880952
COL13A1	XM_065408179.1#COL13A1
PSORS1C2	XM_065408192.1#PSORS1C2
FAM241B	XM_065407933.1#FAM241B
NEUROG3	XM_065408576.1#NEUROG3
LOC135881525	XM_065408193.1#LOC135881525
TSPAN15	XM_065408420.1#TSPAN15
TACR2	XM_065408054.1#TACR2
LOC135881406	XM_065408059.1#LOC135881406
LOC135881406	XM_065408057.1#LOC135881406
LOC135881407	XM_065408060.1#LOC135881407
SUPV3L1	XM_065408294.1#SUPV3L1
VPS26A	XM_065407567.1#VPS26A
VPS26A	XM_065407566.1#VPS26A
SRGN	XM_065408194.1#SRGN
KIFBP	XM_065407583.1#KIFBP
LOC135880814	XM_065407159.1#LOC135880814
LOC135880814	XM_065407158.1#LOC135880814
LOC135881199	XM_065407752.1#LOC135881199
STOX1	XM_065408588.1#STOX1
CCAR1	XM_065407408.1#CCAR1
TET1	XM_065408621.1#TET1
SLC25A16	XM_065407288.1#SLC25A16
DNA2	XM_065408196.1#DNA2
RUFY2	XM_065407497.1#RUFY2
RUFY2	XM_065407496.1#RUFY2
HNRNPH3	XM_065408769.1#HNRNPH3
HNRNPH3	XM_065408771.1#HNRNPH3
HNRNPH3	XM_065408768.1#HNRNPH3
HNRNPH3	XM_065408766.1#HNRNPH3
HNRNPH3	XM_065408772.1#HNRNPH3
HNRNPH3	XM_065408767.1#HNRNPH3
HNRNPH3	XM_065408773.1#HNRNPH3
ATOH7	XM_065408197.1#ATOH7
MYPN	XM_065408198.1#MYPN
HERC4	XM_065408624.1#HERC4
HERC4	XM_065408625.1#HERC4
LOC135881806	XM_065408516.1#LOC135881806
SIRT1	XM_065407801.1#SIRT1
DNAJC12	XM_065408115.1#DNAJC12
CTNNA3	XM_065408662.1#CTNNA3
LRRTM3	XM_065408663.1#LRRTM3
LOC135881680	XM_065408349.1#LOC135881680
REEP3	XM_065407908.1#REEP3
JMJD1C	XM_065407152.1#JMJD1C
NRBF2	XM_065408088.1#NRBF2
NRBF2	XM_065408087.1#NRBF2
EGR2	XM_065408174.1#EGR2
ADO	XM_065408661.1#ADO
ZNF365	XM_065408585.1#ZNF365
RTKN2	XM_065408413.1#RTKN2
ARID5B	XM_065408344.1#ARID5B
CABCOCO1	XM_065408199.1#CABCOCO1
TMEM26	XM_065408707.1#TMEM26
RHOBTB1	XM_065408304.1#RHOBTB1
RHOBTB1	XM_065408303.1#RHOBTB1
CDK1	XM_065407539.1#CDK1
ANK3	XM_065407161.1#ANK3
ANK3	XM_065407162.1#ANK3
CCDC6	XM_065408756.1#CCDC6
CCDC6	XM_065408757.1#CCDC6
SLC16A9	XM_065408632.1#SLC16A9
FAM13C	XM_065408755.1#FAM13C
PHYHIPL	XM_065408450.1#PHYHIPL
BICC1	XM_065408387.1#BICC1
LOC135880838	XM_065407199.1#LOC135880838
CCSER2	XM_065408287.1#CCSER2
CCSER2	XM_065408288.1#CCSER2
CCSER2	XM_065408289.1#CCSER2
CCSER2	XM_065408290.1#CCSER2
GRID1	XM_065407849.1#GRID1
WAPL	XM_065407708.1#WAPL
OPN4	XM_065408200.1#OPN4
LDB3	XM_065408201.1#LDB3
BMPR1A	XM_065407099.1#BMPR1A
BMPR1A	XM_065407102.1#BMPR1A
MMRN2	XM_065408658.1#MMRN2
SNCG	XM_065408203.1#SNCG
GLUD1	XM_065408754.1#GLUD1
SHLD2	XM_065407681.1#SHLD2
LOC135881534	XM_065408204.1#LOC135881534
GPRIN2	XM_065407096.1#GPRIN2
LOC135880912	XM_065407301.1#LOC135880912
NCOA4	XM_065408603.1#NCOA4
NCOA4	XM_065408605.1#NCOA4
NCOA4	XM_065408604.1#NCOA4
TIMM23B	XM_065408606.1#TIMM23B
PARG	XM_065407576.1#PARG
PARG	XM_065407578.1#PARG
OGDHL	XM_065407448.1#OGDHL
OGDHL	XM_065407452.1#OGDHL
OGDHL	XM_065407449.1#OGDHL
OGDHL	XM_065407450.1#OGDHL
OGDHL	XM_065407453.1#OGDHL
C7H10orf53	XM_065407113.1#C7H10orf53
CHAT	XM_065408293.1#CHAT
SLC18A3	XM_065408630.1#SLC18A3
RGR	XM_065408535.1#RGR
LRIT1	XM_065408741.1#LRIT1
LRIT2	XM_065407151.1#LRIT2
CDHR1	XM_065408539.1#CDHR1
GHITM	XM_065408765.1#GHITM
NRG3	XM_065407905.1#NRG3
NRG3	XM_065407904.1#NRG3
NRG3	XM_065407903.1#NRG3
SH2D4B	XM_065408394.1#SH2D4B
SH2D4B	XM_065408395.1#SH2D4B
LOC135881239	XM_065407815.1#LOC135881239
TSPAN14	XM_065407178.1#TSPAN14
TSPAN14	XM_065407179.1#TSPAN14
TSPAN14	XM_065407180.1#TSPAN14
PRXL2A	XM_065407717.1#PRXL2A
PRXL2A	XM_065407716.1#PRXL2A
EXOSC3	XM_065407825.1#EXOSC3
LOC135881536	XM_065408205.1#LOC135881536
DYDC1	XM_065408597.1#DYDC1
MAT1A	XM_065408206.1#MAT1A
LOC135880785	XM_065407122.1#LOC135880785
LOC135880784	XM_065407121.1#LOC135880784
LOC135881542	XM_065408207.1#LOC135881542
LOC135881202	XM_065407755.1#LOC135881202
LOC135881653	XM_065408318.1#LOC135881653
LOC135881654	XM_065408320.1#LOC135881654
RASGEF1A	XM_065408000.1#RASGEF1A
CSGALNACT2	XM_065407352.1#CSGALNACT2
CSGALNACT2	XM_065407351.1#CSGALNACT2
RET	XM_065408208.1#RET
BMS1	XM_065407712.1#BMS1
TMEM254	XM_065407652.1#TMEM254
LOC135881544	XM_065408210.1#LOC135881544
ANXA11	XM_065408570.1#ANXA11
ANXA11	XM_065408569.1#ANXA11
ZCCHC24	XM_065408547.1#ZCCHC24
PPIF	XM_065407456.1#PPIF
ZMIZ1	XM_065407792.1#ZMIZ1
RPS24	XM_065407444.1#RPS24
RPS24	XM_065407443.1#RPS24
POLR3A	XM_065407797.1#POLR3A
DLG5	XM_065408068.1#DLG5
KCNMA1	XM_065407332.1#KCNMA1
KCNMA1	XM_065407334.1#KCNMA1
KCNMA1	XM_065407336.1#KCNMA1
KCNMA1	XM_065407339.1#KCNMA1
KCNMA1	XM_065407340.1#KCNMA1
KCNMA1	XM_065407341.1#KCNMA1
KCNMA1	XM_065407342.1#KCNMA1
KCNMA1	XM_065407333.1#KCNMA1
KCNMA1	XM_065407335.1#KCNMA1
KCNMA1	XM_065407338.1#KCNMA1
KCNMA1	XM_065407331.1#KCNMA1
LRMDA	XM_065408750.1#LRMDA
ZNF503	XM_065408486.1#ZNF503
COMTD1	XM_065408497.1#COMTD1
VDAC2	XM_065407117.1#VDAC2
SAMD8	XM_065408084.1#SAMD8
LOC135881645	XM_065408308.1#LOC135881645
LOC135881832	XM_065408546.1#LOC135881832
LOC135881463	XM_065408125.1#LOC135881463
LOC135881388	XM_065408038.1#LOC135881388
LOC135881388	XM_065408037.1#LOC135881388
LOC135881705	XM_065408386.1#LOC135881705
KAT6B	XM_065407517.1#KAT6B
ADK	XM_065407400.1#ADK
ADK	XM_065407398.1#ADK
ADK	XM_065407399.1#ADK
AP3M1	XM_065407739.1#AP3M1
VCL	XM_065407512.1#VCL
VCL	XM_065407511.1#VCL
PLAU	XM_065407879.1#PLAU
CHUK	XM_065408526.1#CHUK
LOC135881817	XM_065408527.1#LOC135881817
ADAM8	XM_065407479.1#ADAM8
TUBGCP2	XM_065407949.1#TUBGCP2
ZNF511	XM_065408089.1#ZNF511
ZNF511	XM_065408090.1#ZNF511
LOC135881685	XM_065408352.1#LOC135881685
CALY	XM_065408611.1#CALY
ECHS1	XM_065407738.1#ECHS1
SPRN	XM_065407641.1#SPRN
MTG1	XM_065408096.1#MTG1
PAOX	XM_065407777.1#PAOX
DEPP1	XM_065408211.1#DEPP1
LOC135880899	XM_065407284.1#LOC135880899
TMEM72	XM_065407118.1#TMEM72
CXCL12	XM_065408540.1#CXCL12
ERCC6	XM_065407807.1#ERCC6
LOC135881905	XM_065408639.1#LOC135881905
DRGX	XM_065408656.1#DRGX
C7H10orf71	XM_065408637.1#C7H10orf71
TMEM273	XM_065408673.1#TMEM273
VSTM4	XM_065408578.1#VSTM4
WDFY4	XM_065407457.1#WDFY4
LRRC18	XM_065407458.1#LRRC18
ARHGAP22	XM_065407857.1#ARHGAP22
MAPK8	XM_065408459.1#MAPK8
MAPK8	XM_065408455.1#MAPK8
MAPK8	XM_065408454.1#MAPK8
MAPK8	XM_065408457.1#MAPK8
MAPK8	XM_065408456.1#MAPK8
MAPK8	XM_065408458.1#MAPK8
FRMPD2	XM_065408212.1#FRMPD2
PTPN20	XM_065407847.1#PTPN20
GDF10	XM_065408441.1#GDF10
GDF2	XM_065408551.1#GDF2
RBP3	XM_065408213.1#RBP3
ZNF488	XM_065408214.1#ZNF488
ANTXRL	XM_065407860.1#ANTXRL
ANXA8L1	XM_065407728.1#ANXA8L1
NPY4R2	XM_065408474.1#NPY4R2
LOC135881890	XM_065408617.1#LOC135881890
MSMB	XM_065408764.1#MSMB
LOC135881099	XM_065407609.1#LOC135881099
ZFAND4	XM_065407814.1#ZFAND4
MARCHF8	XM_065408347.1#MARCHF8
MARCHF8	XM_065408348.1#MARCHF8
LOC135881452	XM_065408111.1#LOC135881452
LOC135881452	XM_065408112.1#LOC135881452
LOC135881452	XM_065408114.1#LOC135881452
LOC135881396	XM_065408045.1#LOC135881396
LOC135881396	XM_065408046.1#LOC135881396
LOC135881396	XM_065408048.1#LOC135881396
LOC135881098	XM_065407606.1#LOC135881098
LOC135881098	XM_065407607.1#LOC135881098
LOC135881098	XM_065407608.1#LOC135881098
LOC135881350	XM_065407980.1#LOC135881350
LOC135881350	XM_065407982.1#LOC135881350
LOC135881350	XM_065407983.1#LOC135881350
LOC135881021	XM_065407502.1#LOC135881021
LOC135881021	XM_065407503.1#LOC135881021
LOC135881021	XM_065407504.1#LOC135881021
LOC135881148	XM_065407687.1#LOC135881148
LOC135881220	XM_065407788.1#LOC135881220
LOC135881221	XM_065407789.1#LOC135881221
LOC135881226	XM_065407796.1#LOC135881226
ALOX5	XM_065407832.1#ALOX5
ALOX5	XM_065407834.1#ALOX5
ALOX5	XM_065407833.1#ALOX5
TLL2	XM_065407272.1#TLL2
TM9SF3	XM_065407330.1#TM9SF3
PIK3AP1	XM_065407952.1#PIK3AP1
NOLC1	XM_065407462.1#NOLC1
NOLC1	XM_065407463.1#NOLC1
LOC135881696	XM_065408369.1#LOC135881696
ELOVL3	XM_065408443.1#ELOVL3
PITX3	XM_065408145.1#PITX3
GBF1	XM_065407097.1#GBF1
LOC135881874	XM_065408596.1#LOC135881874
NFKB2	XM_065407492.1#NFKB2
PSD	XM_065407612.1#PSD
FBXL15	XM_065408544.1#FBXL15
CUEDC2	XM_065408074.1#CUEDC2
PAX2	XM_065407230.1#PAX2
PAX2	XM_065407228.1#PAX2
PAX2	XM_065407231.1#PAX2
PAX2	XM_065407229.1#PAX2
HIF1AN	XM_065407435.1#HIF1AN
NDUFB8	XM_065407901.1#NDUFB8
SEC31B	XM_065408721.1#SEC31B
WNT8B	XM_065407714.1#WNT8B
SCD	XM_065407637.1#SCD
PKD2L1	XM_065407881.1#PKD2L1
LOC135881314	XM_065407937.1#LOC135881314
BLOC1S2	XM_065407575.1#BLOC1S2
LOC135881551	XM_065408215.1#LOC135881551
LOC135881644	XM_065408306.1#LOC135881644
LOC135881655	XM_065408321.1#LOC135881655
CAMK2G	XM_065407709.1#CAMK2G
NDST2	XM_065407692.1#NDST2
ZSWIM8	XM_065407085.1#ZSWIM8
LOC135881412	XM_065408065.1#LOC135881412
CHCHD1	XM_065407968.1#CHCHD1
FUT11	XM_065407585.1#FUT11
SEC24C	XM_065407154.1#SEC24C
SYNPO2L	XM_065408333.1#SYNPO2L
MYOZ1	XM_065408480.1#MYOZ1
USP54	XM_065407975.1#USP54
PPP3CB	XM_065407143.1#PPP3CB
ANXA7	XM_065408444.1#ANXA7
EIF3F	XM_065407419.1#EIF3F
SORBS1	XM_065408217.1#SORBS1
LOC135881034	XM_065407522.1#LOC135881034
PDLIM1	XM_065407515.1#PDLIM1
PDLIM1	XM_065407513.1#PDLIM1
PDLIM1	XM_065407516.1#PDLIM1
PDLIM1	XM_065407514.1#PDLIM1
HELLS	XM_065407246.1#HELLS
HELLS	XM_065407247.1#HELLS
LOC135880830	XM_065407186.1#LOC135880830
LOC135881771	XM_065408478.1#LOC135881771
LOC135881555	XM_065408218.1#LOC135881555
LOC135880942	XM_065407353.1#LOC135880942
FANCD2	XM_065408219.1#FANCD2
EMC3	XM_065407880.1#EMC3
USP4	XM_065408657.1#USP4
GPX1	XM_065408774.1#GPX1
RHOA	XM_065408627.1#RHOA
RHOA	XM_065408628.1#RHOA
RHOA	XM_065408629.1#RHOA
LOC135880883	XM_065407264.1#LOC135880883
RNF123	XM_065408775.1#RNF123
AMIGO3	XM_065408758.1#AMIGO3
GMPPB	XM_065408776.1#GMPPB
IP6K1	XM_065408073.1#IP6K1
IP6K1	XM_065408072.1#IP6K1
LOC135881557	XM_065408220.1#LOC135881557
CDHR4	XM_065407091.1#CDHR4
INKA1	XM_065408672.1#INKA1
UBA7	XM_065408785.1#UBA7
TCTA	XM_065408001.1#TCTA
AMT	XM_065407977.1#AMT
AMT	XM_065407978.1#AMT
NICN1	XM_065408664.1#NICN1
DAG1	XM_065408555.1#DAG1
MST1	XM_065407754.1#MST1
APEH	XM_065407396.1#APEH
APEH	XM_065407394.1#APEH
APEH	XM_065407393.1#APEH
BSN	XM_065408221.1#BSN
TRAIP	XM_065408133.1#TRAIP
CAMKV	XM_065408177.1#CAMKV
LOC135881673	XM_065408340.1#LOC135881673
MST1R	XM_065407895.1#MST1R
MON1A	XM_065408405.1#MON1A
MON1A	XM_065408404.1#MON1A
RBM6	XM_065407645.1#RBM6
RBM5	XM_065408346.1#RBM5
SEMA3F	XM_065408384.1#SEMA3F
GNAT1	XM_065408148.1#GNAT1
GNAI2	XM_065408104.1#GNAI2
SLC38A3	XM_065407679.1#SLC38A3
SEMA3B	XM_065408566.1#SEMA3B
LOC135881718	XM_065408406.1#LOC135881718
LOC135881719	XM_065408407.1#LOC135881719
IFRD2	XM_065407745.1#IFRD2
LSMEM2	XM_065407193.1#LSMEM2
LOC135881559	XM_065408222.1#LOC135881559
HYAL1	XM_065408085.1#HYAL1
HYAL2	XM_065407976.1#HYAL2
TUSC2	XM_065407868.1#TUSC2
RASSF1	XM_065408044.1#RASSF1
ZMYND10	XM_065408417.1#ZMYND10
NPRL2	XM_065407929.1#NPRL2
LOC135881135	XM_065407673.1#LOC135881135
TMEM115	XM_065407877.1#TMEM115
CACNA2D2	XM_065407282.1#CACNA2D2
GLYCTK	XM_065408325.1#GLYCTK
GLYCTK	XM_065408326.1#GLYCTK
DNAH1	XM_065408329.1#DNAH1
BAP1	XM_065408332.1#BAP1
BAP1	XM_065408330.1#BAP1
SEMA3G	XM_065407092.1#SEMA3G
ACY1	XM_065408015.1#ACY1
ABHD14A	XM_065407562.1#ABHD14A
ABHD14A	XM_065407561.1#ABHD14A
ABHD14B	XM_065407507.1#ABHD14B
PCBP4	XM_065407505.1#PCBP4
PCBP4	XM_065407506.1#PCBP4
GPR62	XM_065408609.1#GPR62
PARP3	XM_065408223.1#PARP3
RRP9	XM_065408401.1#RRP9
GRM2	XM_065408098.1#GRM2
GRM2	XM_065408099.1#GRM2
IQCF6	XM_065407524.1#IQCF6
TEX264	XM_065407872.1#TEX264
LOC135881020	XM_065407501.1#LOC135881020
RAD54L2	XM_065407885.1#RAD54L2
DCAF1	XM_065408140.1#DCAF1
RBM15B	XM_065407283.1#RBM15B
MANF	XM_065408117.1#MANF
DOCK3	XM_065408097.1#DOCK3
MAPKAPK3	XM_065408095.1#MAPKAPK3
CISH	XM_065407383.1#CISH
HEMK1	XM_065408337.1#HEMK1
C7H3orf18	XM_065408723.1#C7H3orf18
LOC135880884	XM_065407265.1#LOC135880884
WDR82	XM_065407274.1#WDR82
PPM1M	XM_065407715.1#PPM1M
TWF2	XM_065407377.1#TWF2
LOC135880946	XM_065407376.1#LOC135880946
ALAS1	XM_065407471.1#ALAS1
POC1A	XM_065407939.1#POC1A
DUSP7	XM_065407729.1#DUSP7
TNNC1	XM_065407805.1#TNNC1
NISCH	XM_065407307.1#NISCH
STAB1	XM_065407955.1#STAB1
NT5DC2	XM_065407956.1#NT5DC2
LOC135881562	XM_065408224.1#LOC135881562
LOC135880949	XM_065407382.1#LOC135880949
PBRM1	XM_065407662.1#PBRM1
PBRM1	XM_065407657.1#PBRM1
PBRM1	XM_065407661.1#PBRM1
PBRM1	XM_065407656.1#PBRM1
PBRM1	XM_065407653.1#PBRM1
PBRM1	XM_065407672.1#PBRM1
PBRM1	XM_065407659.1#PBRM1
PBRM1	XM_065407655.1#PBRM1
PBRM1	XM_065407654.1#PBRM1
PBRM1	XM_065407667.1#PBRM1
PBRM1	XM_065407668.1#PBRM1
PBRM1	XM_065407660.1#PBRM1
GNL3	XM_065407345.1#GNL3
GLT8D1	XM_065408328.1#GLT8D1
SPCS1	XM_065407192.1#SPCS1
NEK4	XM_065407509.1#NEK4
LOC135881970	XM_065408747.1#LOC135881970
LOC135880940	XM_065407349.1#LOC135880940
STIMATE	XM_065407930.1#STIMATE
SFMBT1	XM_065408146.1#SFMBT1
RFT1	XM_065408107.1#RFT1
PRKCD	XM_065407300.1#PRKCD
PFKFB4	XM_065407324.1#PFKFB4
PFKFB4	XM_065407323.1#PFKFB4
PFKFB4	XM_065407321.1#PFKFB4
PFKFB4	XM_065407325.1#PFKFB4
SHISA5	XM_065407131.1#SHISA5
ATRIP	XM_065407130.1#ATRIP
LOC135881264	XM_065407854.1#LOC135881264
IPPK	XM_065407482.1#IPPK
CENPP	XM_065408730.1#CENPP
CENPP	XM_065408728.1#CENPP
CENPP	XM_065408729.1#CENPP
ECM2	XM_065408726.1#ECM2
ASPN	XM_065408727.1#ASPN
OMD	XM_065407525.1#OMD
OGN	XM_065408731.1#OGN
NOL8	XM_065407480.1#NOL8
IARS1	XM_065408763.1#IARS1
ATP2B2	XM_065408374.1#ATP2B2
ATP2B2	XM_065408373.1#ATP2B2
ATP2B2	XM_065408376.1#ATP2B2
ATP2B2	XM_065408372.1#ATP2B2
ATP2B2	XM_065408377.1#ATP2B2
ATP2B2	XM_065408378.1#ATP2B2
ATP2B2	XM_065408379.1#ATP2B2
SLC6A11	XM_065407123.1#SLC6A11
SLC6A1	XM_065408722.1#SLC6A1
HRH1	XM_065408488.1#HRH1
ATG7	XM_065408358.1#ATG7
VGLL4	XM_065408368.1#VGLL4
TAMM41	XM_065408367.1#TAMM41
TAMM41	XM_065408363.1#TAMM41
TAMM41	XM_065408365.1#TAMM41
SYN2	XM_065408359.1#SYN2
TIMP4	XM_065408415.1#TIMP4
PPARG	XM_065407260.1#PPARG
TSEN2	XM_065408361.1#TSEN2
TSEN2	XM_065408360.1#TSEN2
TSEN2	XM_065408362.1#TSEN2
MKRN2OS	XM_065408740.1#MKRN2OS
MKRN2	XM_065407703.1#MKRN2
RAF1	XM_065408533.1#RAF1
CNBP	XM_065408709.1#CNBP
CNBP	XM_065408708.1#CNBP
CNBP	XM_065408711.1#CNBP
CNBP	XM_065408710.1#CNBP
ISY1	XM_065407614.1#ISY1
LOC135881785	XM_065408492.1#LOC135881785
RAB43	XM_065407418.1#RAB43
GP9	XM_065407621.1#GP9
EFCC1	XM_065408655.1#EFCC1
ACAD9	XM_065407948.1#ACAD9
IQSEC1	XM_065408003.1#IQSEC1
NUP210	XM_065408226.1#NUP210
HDAC11	XM_065408498.1#HDAC11
FBLN2	XM_065407831.1#FBLN2
WNT7A	XM_065407348.1#WNT7A
FBXW12	XM_065408324.1#FBXW12
PTPDC1	XM_065408172.1#PTPDC1
PTPDC1	XM_065408171.1#PTPDC1
BARX1	XM_065408622.1#BARX1
PHF2	XM_065407318.1#PHF2
FAM120A	XM_065408666.1#FAM120A
LOC135881566	XM_065408227.1#LOC135881566
EEF1G	XM_065407140.1#EEF1G
POLR2G	XM_065407936.1#POLR2G
LOC135881365	XM_065408006.1#LOC135881365
LOC135881567	XM_065408228.1#LOC135881567
ZBTB3	XM_065407951.1#ZBTB3
LOC135881358	XM_065407999.1#LOC135881358
LOC135881932	XM_065408690.1#LOC135881932
TTC9C	XM_065408064.1#TTC9C
HNRNPUL2	XM_065408549.1#HNRNPUL2
LOC135880887	XM_065407270.1#LOC135880887
GNG3	XM_065408185.1#GNG3
BSCL2	XM_065407845.1#BSCL2
LOC135881568	XM_065408229.1#LOC135881568
UBXN1	XM_065407757.1#UBXN1
DMAC1	XM_065408010.1#DMAC1
LOC135881489	XM_065408151.1#LOC135881489
CSKMT	XM_065407138.1#CSKMT
C7H11orf98	XM_065408028.1#C7H11orf98
INTS5	XM_065408490.1#INTS5
GANAB	XM_065407103.1#GANAB
B3GAT3	XM_065407617.1#B3GAT3
B3GAT3	XM_065407618.1#B3GAT3
EML3	XM_065407302.1#EML3
MTA2	XM_065407468.1#MTA2
LOC135881288	XM_065407888.1#LOC135881288
LOC135881288	XM_065407887.1#LOC135881288
TUT1	XM_065408188.1#TUT1
TAF6L	XM_065407869.1#TAF6L
TMEM179B	XM_065407436.1#TMEM179B
TMEM179B	XM_065407437.1#TMEM179B
WDR74	XM_065407689.1#WDR74
WDR74	XM_065407690.1#WDR74
STX5	XM_065408039.1#STX5
NXF1	XM_065407469.1#NXF1
NXF1	XM_065407470.1#NXF1
TMEM223	XM_065408445.1#TMEM223
LOC135881124	XM_065407640.1#LOC135881124
ZDHHC24	XM_065407969.1#ZDHHC24
ZDHHC24	XM_065407971.1#ZDHHC24
ACTN3	XM_065408437.1#ACTN3
ACTN3	XM_065408435.1#ACTN3
ACTN3	XM_065408436.1#ACTN3
ACTN3	XM_065408438.1#ACTN3
RCE1	XM_065408439.1#RCE1
LOC135881185	XM_065407736.1#LOC135881185
SPTBN2	XM_065407734.1#SPTBN2
LOC135880920	XM_065407311.1#LOC135880920
LOC135880920	XM_065407308.1#LOC135880920
LOC135880920	XM_065407309.1#LOC135880920
CCS	XM_065407168.1#CCS
LOC135880820	XM_065407166.1#LOC135880820
CCDC87	XM_065408230.1#CCDC87
LOC135881571	XM_065408231.1#LOC135881571
LOC135880836	XM_065407195.1#LOC135880836
LOC135880836	XM_065407194.1#LOC135880836
LOC135881572	XM_065408232.1#LOC135881572
ZNRD2	XM_065408053.1#ZNRD2
FAM89B	XM_065408598.1#FAM89B
EHBP1L1	XM_065408234.1#EHBP1L1
KCNK7	XM_065408341.1#KCNK7
SIPA1	XM_065407723.1#SIPA1
PCNX3	XM_065407089.1#PCNX3
MAP3K11	XM_065408129.1#MAP3K11
LTBP3	XM_065408127.1#LTBP3
LTBP3	XM_065408128.1#LTBP3
MEN1	XM_065407861.1#MEN1
MEN1	XM_065407862.1#MEN1
MEN1	XM_065407864.1#MEN1
MEN1	XM_065407863.1#MEN1
MAP4K2	XM_065407206.1#MAP4K2
SF1	XM_065408749.1#SF1
SF1	XM_065408748.1#SF1
PYGM	XM_065408717.1#PYGM
PYGM	XM_065408718.1#PYGM
PYGM	XM_065408719.1#PYGM
LOC135881037	XM_065407526.1#LOC135881037
RASGRP2	XM_065407439.1#RASGRP2
NRXN2	XM_065408659.1#NRXN2
TIGD3	XM_065407088.1#TIGD3
SLC25A45	XM_065407536.1#SLC25A45
SLC25A45	XM_065407537.1#SLC25A45
FRMD8	XM_065408282.1#FRMD8
SCYL1	XM_065408733.1#SCYL1
CDC42BPG	XM_065408584.1#CDC42BPG
EHD1	XM_065407248.1#EHD1
LOC135881392	XM_065408042.1#LOC135881392
LOC135881574	XM_065408235.1#LOC135881574
ATG2A	XM_065408620.1#ATG2A
LOC135881156	XM_065407700.1#LOC135881156
LOC135880998	XM_065407467.1#LOC135880998
PPP2R5B	XM_065407225.1#PPP2R5B
GPHA2	XM_065408236.1#GPHA2
BATF2	XM_065408237.1#BATF2
LOC135881312	XM_065407935.1#LOC135881312
ARL2	XM_065407698.1#ARL2
ARL2	XM_065407699.1#ARL2
SNX15	XM_065408336.1#SNX15
SAC3D1	XM_065408725.1#SAC3D1
LOC135881577	XM_065408238.1#LOC135881577
NAALADL1	XM_065408317.1#NAALADL1
CDCA5	XM_065408592.1#CDCA5
ZFPL1	XM_065408425.1#ZFPL1
TMEM262	XM_065408132.1#TMEM262
VPS51	XM_065407853.1#VPS51
LOC135881990	XM_065408781.1#LOC135881990
TM7SF2	XM_065408291.1#TM7SF2
ZNHIT2	XM_065408108.1#ZNHIT2
FAU	XM_065407693.1#FAU
FAU	XM_065407694.1#FAU
FAU	XM_065407695.1#FAU
MRPL49	XM_065407750.1#MRPL49
LOC135880794	XM_065407135.1#LOC135880794
SYVN1	XM_065408779.1#SYVN1
SYVN1	XM_065408780.1#SYVN1
SYVN1	XM_065408777.1#SYVN1
SPDYC	XM_065408520.1#SPDYC
CAPN1	XM_065408424.1#CAPN1
CAPN1	XM_065408423.1#CAPN1
POLA2	XM_065407685.1#POLA2
POLA2	XM_065407686.1#POLA2
CDC42EP2	XM_065408381.1#CDC42EP2
DPF2	XM_065408742.1#DPF2
DPF2	XM_065408744.1#DPF2
DPF2	XM_065408745.1#DPF2
DPF2	XM_065408746.1#DPF2
CHRM1	XM_065408050.1#CHRM1
LOC135880915	XM_065407303.1#LOC135880915
LOC135880872	XM_065407250.1#LOC135880872
LOC135880872	XM_065407251.1#LOC135880872
LOC135881231	XM_065407804.1#LOC135881231
LOC135881579	XM_065408239.1#LOC135881579
LOC135881582	XM_065408240.1#LOC135881582
LOC135881802	XM_065408512.1#LOC135881802
LOC135881585	XM_065408242.1#LOC135881585
LGALS12	XM_065408500.1#LGALS12
LOC135881586	XM_065408243.1#LOC135881586
LOC135881636	XM_065408297.1#LOC135881636
LOC135881636	XM_065408296.1#LOC135881636
LOC135881115	XM_065407626.1#LOC135881115
LOC135881115	XM_065407627.1#LOC135881115
LOC135881115	XM_065407628.1#LOC135881115
ATL3	XM_065407215.1#ATL3
RTN3	XM_065407294.1#RTN3
RTN3	XM_065407295.1#RTN3
LOC135880779	XM_065407114.1#LOC135880779
LOC135881799	XM_065408508.1#LOC135881799
MARK2	XM_065408335.1#MARK2
RCOR2	XM_065407897.1#RCOR2
NAA40	XM_065408491.1#NAA40
OTUB1	XM_065407965.1#OTUB1
OTUB1	XM_065407966.1#OTUB1
MACROD1	XM_065408286.1#MACROD1
FLRT1	XM_065408312.1#FLRT1
STIP1	XM_065407249.1#STIP1
FERMT3	XM_065408589.1#FERMT3
TRPT1	XM_065407499.1#TRPT1
NUDT22	XM_065408186.1#NUDT22
DNAJC4	XM_065407989.1#DNAJC4
DNAJC4	XM_065407990.1#DNAJC4
DNAJC4	XM_065407992.1#DNAJC4
DNAJC4	XM_065407993.1#DNAJC4
VEGFB	XM_065408716.1#VEGFB
FKBP2	XM_065408070.1#FKBP2
PPP1R14B	XM_065408517.1#PPP1R14B
PLCB3	XM_065407177.1#PLCB3
LOC135881206	XM_065407760.1#LOC135881206
LOC135881206	XM_065407758.1#LOC135881206
LOC135881206	XM_065407764.1#LOC135881206
LOC135881206	XM_065407761.1#LOC135881206
LOC135881207	XM_065407768.1#LOC135881207
BAD	XM_065408094.1#BAD
GPR137	XM_065408043.1#GPR137
KCNK4	XM_065408343.1#KCNK4
ESRRA	XM_065407493.1#ESRRA
TRMT112	XM_065407783.1#TRMT112
TRMT112	XM_065407784.1#TRMT112
PRDX5	XM_065408144.1#PRDX5
CCDC88B	XM_065407782.1#CCDC88B
RPS6KA4	XM_065408154.1#RPS6KA4
LOC135881638	XM_065408299.1#LOC135881638
SLC3A2	XM_065408298.1#SLC3A2
LOC135881725	XM_065408414.1#LOC135881725
SART1	XM_065407276.1#SART1
EIF1AD	XM_065407957.1#EIF1AD
BANF1	XM_065407459.1#BANF1
BANF1	XM_065407461.1#BANF1
LOC135881736	XM_065408429.1#LOC135881736
LOC135881587	XM_065408244.1#LOC135881587
LOC135881367	XM_065408009.1#LOC135881367
C7H11orf86	XM_065407320.1#C7H11orf86
PC	XM_065407790.1#PC
LRFN4	XM_065408255.1#LRFN4
OVOL1	XM_065408514.1#OVOL1
AP5B1	XM_065408160.1#AP5B1
RNASEH2C	XM_065408636.1#RNASEH2C
KAT5	XM_065408633.1#KAT5
KAT5	XM_065408635.1#KAT5
RELA	XM_065407579.1#RELA
C7H11orf68	XM_065407447.1#C7H11orf68
DRAP1	XM_065408309.1#DRAP1
DRAP1	XM_065408310.1#DRAP1
SNX32	XM_065407733.1#SNX32
CFL1	XM_065407290.1#CFL1
MUS81	XM_065408461.1#MUS81
EFEMP2	XM_065407866.1#EFEMP2
FIBP	XM_065407785.1#FIBP
CCDC85B	XM_065408737.1#CCDC85B
FOSL1	XM_065408248.1#FOSL1
LOC135880963	XM_065407407.1#LOC135880963
LOC135881588	XM_065408245.1#LOC135881588
LOC135881589	XM_065408246.1#LOC135881589
LOC135881841	XM_065408554.1#LOC135881841
BBS1	XM_065408247.1#BBS1
DPP3	XM_065407816.1#DPP3
PELI3	XM_065408139.1#PELI3
PELI3	XM_065408138.1#PELI3
LOC135881941	XM_065408712.1#LOC135881941
CD248	XM_065408571.1#CD248
RIN1	XM_065408410.1#RIN1
BRMS1	XM_065407756.1#BRMS1
B4GAT1	XM_065408356.1#B4GAT1
SLC29A2	XM_065408105.1#SLC29A2
NPAS4	XM_065408608.1#NPAS4
MRPL11	XM_065407932.1#MRPL11
LOC135881920	XM_065408665.1#LOC135881920
GAL3ST3	XM_065408720.1#GAL3ST3
SF3B2	XM_065407445.1#SF3B2
SF3B2	XM_065407446.1#SF3B2
PACS1	XM_065407273.1#PACS1
KLC2	XM_065408536.1#KLC2
KLC2	XM_065408537.1#KLC2
RAB1B	XM_065408670.1#RAB1B
RAB1B	XM_065408669.1#RAB1B
CNIH2	XM_065408430.1#CNIH2
YIF1A	XM_065407093.1#YIF1A
TMEM151A	XM_065408732.1#TMEM151A
WNK2	XM_065407824.1#WNK2
NINJ1	XM_065407874.1#NINJ1
CARD19	XM_065408249.1#CARD19
SUSD3	XM_065408250.1#SUSD3
FGD3	XM_065407622.1#FGD3
BICD2	XM_065407624.1#BICD2
TMEM40	XM_065408577.1#TMEM40
TKT	XM_065408398.1#TKT
TKT	XM_065408399.1#TKT
DCP1A	XM_065407211.1#DCP1A
CACNA1D	XM_065407208.1#CACNA1D
CACNA1D	XM_065407209.1#CACNA1D
CHDH	XM_065408521.1#CHDH
IL17RB	XM_065408251.1#IL17RB
ACTR8	XM_065407218.1#ACTR8
SELENOK	XM_065407793.1#SELENOK
SELENOK	XM_065407795.1#SELENOK
CACNA2D3	XM_065407986.1#CACNA2D3
LRTM1	XM_065407527.1#LRTM1
WNT5A	XM_065407153.1#WNT5A
ERC2	XM_065408253.1#ERC2
CCDC66	XM_065408469.1#CCDC66
TASOR	XM_065408465.1#TASOR
TASOR	XM_065408463.1#TASOR
TASOR	XM_065408462.1#TASOR
TASOR	XM_065408468.1#TASOR
TASOR	XM_065408467.1#TASOR
TASOR	XM_065408466.1#TASOR
ARHGEF3	XM_065407770.1#ARHGEF3
IL17RD	XM_065408470.1#IL17RD
HESX1	XM_065408623.1#HESX1
APPL1	XM_065407495.1#APPL1
ASB14	XM_065408254.1#ASB14
DNAH12	XM_065408714.1#DNAH12
PDE12	XM_065408011.1#PDE12
ARF4	XM_065407185.1#ARF4
DENND6A	XM_065407859.1#DENND6A
SLMAP	XM_065407127.1#SLMAP
FLNB	XM_065408016.1#FLNB
FLNB	XM_065408017.1#FLNB
FLNB	XM_065408018.1#FLNB
FLNB	XM_065408020.1#FLNB
LOC135880865	XM_065407236.1#LOC135880865
DNASE1L3	XM_065407707.1#DNASE1L3
ABHD6	XM_065408504.1#ABHD6
IP6K2	XM_065407466.1#IP6K2
NCKIPSD	XM_065408357.1#NCKIPSD
CELSR3	XM_065408472.1#CELSR3
SLC26A6	XM_065408473.1#SLC26A6
LOC135881886	XM_065408613.1#LOC135881886
COL7A1	XM_065408257.1#COL7A1
COPG1	XM_065407291.1#COPG1
HMCES	XM_065407494.1#HMCES
LOC135881068	XM_065407569.1#LOC135881068
LOC135880879	XM_065407261.1#LOC135880879
RAB7A	XM_065408704.1#RAB7A
RPN1	XM_065407184.1#RPN1
GATA2	XM_065407604.1#GATA2
DNAJB8	XM_065408162.1#DNAJB8
EEFSEC	XM_065408075.1#EEFSEC
RUVBL1	XM_065407997.1#RUVBL1
SEC61A1	XM_065408640.1#SEC61A1
KBTBD12	XM_065408668.1#KBTBD12
MGLL	XM_065408124.1#MGLL
ABTB1	XM_065407298.1#ABTB1
ABTB1	XM_065407297.1#ABTB1
PODXL2	XM_065408258.1#PODXL2
MCM2	XM_065408259.1#MCM2
TPRA1	XM_065407751.1#TPRA1
CHCHD6	XM_065407771.1#CHCHD6
CHCHD6	XM_065407773.1#CHCHD6
CHCHD6	XM_065407772.1#CHCHD6
CHCHD6	XM_065407774.1#CHCHD6
PLXNA1	XM_065408674.1#PLXNA1
PLXNA1	XM_065408675.1#PLXNA1
LOC135881604	XM_065408260.1#LOC135881604
TXNRD3	XM_065408519.1#TXNRD3
CHST13	XM_065407183.1#CHST13
SLC41A3	XM_065407898.1#SLC41A3
SLC41A3	XM_065407899.1#SLC41A3
KLF15	XM_065408433.1#KLF15
CFAP100	XM_065408147.1#CFAP100
ZXDC	XM_065408261.1#ZXDC
UROC1	XM_065408136.1#UROC1
LOC135881502	XM_065408169.1#LOC135881502
CHCHD4	XM_065407639.1#CHCHD4
TMEM43	XM_065407631.1#TMEM43
TMEM43	XM_065407630.1#TMEM43
XPC	XM_065407819.1#XPC
LSM3	XM_065407942.1#LSM3
SLC6A6	XM_065408567.1#SLC6A6
GRIP2	XM_065407705.1#GRIP2
CCDC174	XM_065407489.1#CCDC174
CCDC174	XM_065407491.1#CCDC174
C7H3orf20	XM_065408263.1#C7H3orf20
FGD5	XM_065408176.1#FGD5
NR2C2	XM_065407610.1#NR2C2
MRPS25	XM_065407979.1#MRPS25
RBSN	XM_065408121.1#RBSN
TRH	XM_065408542.1#TRH
TMCC1	XM_065407871.1#TMCC1
PLXND1	XM_065407389.1#PLXND1
LOC135880888	XM_065407271.1#LOC135880888
RHO	XM_065407416.1#RHO
IFT122	XM_065407414.1#IFT122
IFT122	XM_065407413.1#IFT122
IFT122	XM_065407412.1#IFT122
IFT122	XM_065407411.1#IFT122
IFT122	XM_065407410.1#IFT122
IFT122	XM_065407409.1#IFT122
MBD4	XM_065407415.1#MBD4
EFCAB12	XM_065408762.1#EFCAB12
RPL32	XM_065407521.1#RPL32
LOC135881286	XM_065407883.1#LOC135881286
SEC13	XM_065407235.1#SEC13
GHRL	XM_065407433.1#GHRL
TATDN2	XM_065407432.1#TATDN2
IRAK2	XM_065407959.1#IRAK2
VHL	XM_065408380.1#VHL
THUMPD3	XM_065407855.1#THUMPD3
SRGAP3	XM_065407280.1#SRGAP3
SRGAP3	XM_065407281.1#SRGAP3
RAD18	XM_065407787.1#RAD18
OXTR	XM_065408402.1#OXTR
CAV3	XM_065408385.1#CAV3
LOC135881471	XM_065408134.1#LOC135881471
LOC135881881	XM_065408607.1#LOC135881881
SSUH2	XM_065408587.1#SSUH2
LMCD1	XM_065408396.1#LMCD1
GRM7	XM_065407326.1#GRM7
EDEM1	XM_065407711.1#EDEM1
ARL8B	XM_065408063.1#ARL8B
BHLHE40	XM_065407934.1#BHLHE40
ITPR1	XM_065407748.1#ITPR1
SUMF1	XM_065408143.1#SUMF1
LOC135881607	XM_065408264.1#LOC135881607
LRRN1	XM_065408323.1#LRRN1
CRBN	XM_065408004.1#CRBN
CRBN	XM_065408005.1#CRBN
TRNT1	XM_065407478.1#TRNT1
IL5RA	XM_065407172.1#IL5RA
IL5RA	XM_065407175.1#IL5RA
IL5RA	XM_065407174.1#IL5RA
IL5RA	XM_065407171.1#IL5RA
IL5RA	XM_065407173.1#IL5RA
IL5RA	XM_065407176.1#IL5RA
LOC135881964	XM_065408738.1#LOC135881964
LOC135881945	XM_065408715.1#LOC135881945
CHL1	XM_065408167.1#CHL1
CHL1	XM_065408168.1#CHL1
CHL1	XM_065408166.1#CHL1
LOC135880792	XM_065407132.1#LOC135880792
PDZRN3	XM_065407827.1#PDZRN3
PDZRN3	XM_065407828.1#PDZRN3
PDZRN3	XM_065407829.1#PDZRN3
PPP4R2	XM_065407684.1#PPP4R2
GXYLT2	XM_065408164.1#GXYLT2
SHQ1	XM_065408150.1#SHQ1
RYBP	XM_065407894.1#RYBP
PROK2	XM_065408581.1#PROK2
GPR27	XM_065408265.1#GPR27
EIF4E3	XM_065408163.1#EIF4E3
FOXP1	XM_065407830.1#FOXP1
MDFIC2	XM_065408266.1#MDFIC2
LOC135881610	XM_065408267.1#LOC135881610
LOC135881611	XM_065408268.1#LOC135881611
MITF	XM_065408531.1#MITF
MITF	XM_065408530.1#MITF
MITF	XM_065408532.1#MITF
FRMD4B	XM_065407405.1#FRMD4B
FRMD4B	XM_065407406.1#FRMD4B
LMOD3	XM_065408418.1#LMOD3
ARL6IP5	XM_065407160.1#ARL6IP5
UBA3	XM_065407384.1#UBA3
TMF1	XM_065407848.1#TMF1
EOGT	XM_065408345.1#EOGT
TAFA4	XM_065408269.1#TAFA4
TAFA1	XM_065408538.1#TAFA1
SUCLG2	XM_065407893.1#SUCLG2
LOC135881214	XM_065407781.1#LOC135881214
KBTBD8	XM_065408477.1#KBTBD8
LRIG1	XM_065407623.1#LRIG1
SLC25A26	XM_065407721.1#SLC25A26
MAGI1	XM_065408270.1#MAGI1
ADAMTS9	XM_065407328.1#ADAMTS9
ADAMTS9	XM_065407329.1#ADAMTS9
PRICKLE2	XM_065408051.1#PRICKLE2
PSMD6	XM_065407472.1#PSMD6
ATXN7	XM_065407691.1#ATXN7
THOC7	XM_065407806.1#THOC7
C7H3orf49	XM_065408273.1#C7H3orf49
SNTN	XM_065408760.1#SNTN
SYNPR	XM_065408284.1#SYNPR
CADPS	XM_065408642.1#CADPS
CADPS	XM_065408643.1#CADPS
CADPS	XM_065408648.1#CADPS
CADPS	XM_065408649.1#CADPS
CADPS	XM_065408644.1#CADPS
CADPS	XM_065408650.1#CADPS
CADPS	XM_065408646.1#CADPS
CADPS	XM_065408641.1#CADPS
CADPS	XM_065408645.1#CADPS
CADPS	XM_065408652.1#CADPS
CADPS	XM_065408651.1#CADPS
CADPS	XM_065408653.1#CADPS
CADPS	XM_065408654.1#CADPS
FEZF2	XM_065408350.1#FEZF2
CEP15	XM_065408600.1#CEP15
CEP15	XM_065408601.1#CEP15
PTPRG	XM_065407550.1#PTPRG
PTPRG	XM_065407549.1#PTPRG
FHIT	XM_065408274.1#FHIT
CFAP20DC	XM_065408313.1#CFAP20DC
FAM3D	XM_065408275.1#FAM3D
FAM107A	XM_065408471.1#FAM107A
ACOX2	XM_065407870.1#ACOX2
KCTD6	XM_065407906.1#KCTD6
PDHB	XM_065408302.1#PDHB
PXK	XM_065408300.1#PXK
PXK	XM_065408301.1#PXK
HTD2	XM_065407315.1#HTD2
RPP14	XM_065407316.1#RPP14
PRKAR2A	XM_065408276.1#PRKAR2A
SLC25A20	XM_065407680.1#SLC25A20
ARIH2	XM_065407314.1#ARIH2
P4HTM	XM_065408496.1#P4HTM
LOC135881039	XM_065407528.1#LOC135881039
WDR6	XM_065408316.1#WDR6
DALRD3	XM_065408106.1#DALRD3
NDUFAF3	XM_065407953.1#NDUFAF3
NDUFAF3	XM_065407954.1#NDUFAF3
IMPDH2	XM_065408509.1#IMPDH2
QRICH1	XM_065408783.1#QRICH1
QRICH1	XM_065408784.1#QRICH1
QARS1	XM_065408782.1#QARS1
LOC135880839	XM_065407200.1#LOC135880839
LOC135881851	XM_065408573.1#LOC135881851
USP19	XM_065408595.1#USP19
LAMB2	XM_065407126.1#LAMB2
LOC135880880	XM_065407262.1#LOC135880880
CCDC71	XM_065408022.1#CCDC71
KLHDC8B	XM_065408484.1#KLHDC8B
IHO1	XM_065408277.1#IHO1
PRRT3	XM_065407201.1#PRRT3
CRELD1	XM_065408161.1#CRELD1
IL17RC	XM_065408354.1#IL17RC
IL17RE	XM_065408278.1#IL17RE
JAGN1	XM_065408389.1#JAGN1
RPUSD3	XM_065408279.1#RPUSD3
TTLL3	XM_065408524.1#TTLL3
ARPC4	XM_065408525.1#ARPC4
TADA3	XM_065408285.1#TADA3
CAMK1	XM_065408034.1#CAMK1
OGG1	XM_065408033.1#OGG1
BRPF1	XM_065408032.1#BRPF1
BRPF1	XM_065408031.1#BRPF1
BRPF1	XM_065408030.1#BRPF1
CPNE9	XM_065407595.1#CPNE9
CPNE9	XM_065407594.1#CPNE9
MTMR14	XM_065408706.1#MTMR14
MTMR14	XM_065408705.1#MTMR14
LHFPL4	XM_065408489.1#LHFPL4
SETD5	XM_065407253.1#SETD5
SETD5	XM_065407252.1#SETD5
LOC135881623	XM_065408280.1#LOC135881623
LOC135881624	XM_065408281.1#LOC135881624
PLXNB1	XM_065407128.1#PLXNB1
PLXNB1	XM_065407129.1#PLXNB1
CCDC51	XM_065408156.1#CCDC51
CCDC51	XM_065408155.1#CCDC51
CCDC51	XM_065408157.1#CCDC51
PIF1	XM_065409879.1#PIF1
CFAP144	XM_065410193.1#CFAP144
EBNA1BP2	XM_065409202.1#EBNA1BP2
EBNA1BP2	XM_065409203.1#EBNA1BP2
EBNA1BP2	XM_065409201.1#EBNA1BP2
CFAP57	XM_065409883.1#CFAP57
TMEM125	XM_065408881.1#TMEM125
LOC135882660	XM_065409639.1#LOC135882660
C8H1orf210	XM_065408871.1#C8H1orf210
TIE1	XM_065409418.1#TIE1
MPL	XM_065409657.1#MPL
CDC20	XM_065409624.1#CDC20
ELOVL1	XM_065408822.1#ELOVL1
ELOVL1	XM_065408823.1#ELOVL1
ELOVL1	XM_065408821.1#ELOVL1
ELOVL1	XM_065408824.1#ELOVL1
MED8	XM_065409010.1#MED8
MED8	XM_065409009.1#MED8
SZT2	XM_065408874.1#SZT2
HYI	XM_065408875.1#HYI
PTPRF	XM_065409241.1#PTPRF
KDM4A	XM_065410133.1#KDM4A
ST3GAL3	XM_065409115.1#ST3GAL3
ST3GAL3	XM_065409116.1#ST3GAL3
ST3GAL3	XM_065409117.1#ST3GAL3
ST3GAL3	XM_065409119.1#ST3GAL3
ST3GAL3	XM_065409118.1#ST3GAL3
ST3GAL3	XM_065409120.1#ST3GAL3
ST3GAL3	XM_065409121.1#ST3GAL3
ARTN	XM_065408831.1#ARTN
IPO13	XM_065409204.1#IPO13
DPH2	XM_065410077.1#DPH2
ATP6V0B	XM_065409127.1#ATP6V0B
B4GALT2	XM_065409364.1#B4GALT2
LOC135882366	XM_065409262.1#LOC135882366
SLC6A9	XM_065409266.1#SLC6A9
LOC135882370	XM_065409267.1#LOC135882370
DMAP1	XM_065409458.1#DMAP1
ERI3	XM_065409400.1#ERI3
RNF220	XM_065409164.1#RNF220
RNF220	XM_065409165.1#RNF220
TMEM53	XM_065409398.1#TMEM53
TMEM53	XM_065409399.1#TMEM53
ARMH1	XM_065410087.1#ARMH1
KIF2C	XM_065409140.1#KIF2C
KIF2C	XM_065409139.1#KIF2C
KIF2C	XM_065409138.1#KIF2C
RPS8	XM_065408935.1#RPS8
BEST4	XM_065409599.1#BEST4
PLK3	XM_065409450.1#PLK3
DYNLT4	XM_065408859.1#DYNLT4
BTBD19	XM_065409268.1#BTBD19
PTCH2	XM_065409233.1#PTCH2
EIF2B3	XM_065409141.1#EIF2B3
EIF2B3	XM_065409142.1#EIF2B3
EIF2B3	XM_065409143.1#EIF2B3
HECTD3	XM_065408989.1#HECTD3
UROD	XM_065408990.1#UROD
ZSWIM5	XM_065409664.1#ZSWIM5
LOC135883092	XM_065410131.1#LOC135883092
HPDL	XM_065408794.1#HPDL
MUTYH	XM_065409390.1#MUTYH
TOE1	XM_065409049.1#TOE1
TOE1	XM_065409050.1#TOE1
TESK2	XM_065409529.1#TESK2
LOC135882302	XM_065409171.1#LOC135882302
LOC135882302	XM_065409170.1#LOC135882302
MMACHC	XM_065410063.1#MMACHC
PRDX1	XM_065408937.1#PRDX1
AKR1A1	XM_065409042.1#AKR1A1
AKR1A1	XM_065409043.1#AKR1A1
NASP	XM_065409098.1#NASP
NASP	XM_065409100.1#NASP
NASP	XM_065409099.1#NASP
CCDC17	XM_065409269.1#CCDC17
GPBP1L1	XM_065408901.1#GPBP1L1
GPBP1L1	XM_065408899.1#GPBP1L1
GPBP1L1	XM_065408900.1#GPBP1L1
TMEM69	XM_065409628.1#TMEM69
IPP	XM_065409495.1#IPP
LOC135882699	XM_065409686.1#LOC135882699
MAST2	XM_065409475.1#MAST2
PIK3R3	XM_065410143.1#PIK3R3
PIK3R3	XM_065410145.1#PIK3R3
TSPAN1	XM_065410055.1#TSPAN1
POMGNT1	XM_065409329.1#POMGNT1
LURAP1	XM_065408837.1#LURAP1
RAD54L	XM_065409070.1#RAD54L
LRRC41	XM_065409069.1#LRRC41
LRRC41	XM_065409068.1#LRRC41
LOC135882523	XM_065409457.1#LOC135882523
NSUN4	XM_065409289.1#NSUN4
NSUN4	XM_065409288.1#NSUN4
LOC135882600	XM_065409557.1#LOC135882600
LOC135882632	XM_065409606.1#LOC135882632
LOC135882645	XM_065409620.1#LOC135882645
LOC135882639	XM_065409615.1#LOC135882639
DMBX1	XM_065410017.1#DMBX1
DMBX1	XM_065410018.1#DMBX1
TMEM275	XM_065408961.1#TMEM275
MKNK1	XM_065409205.1#MKNK1
MOB3C	XM_065408980.1#MOB3C
ATPAF1	XM_065409210.1#ATPAF1
ATPAF1	XM_065409211.1#ATPAF1
EFCAB14	XM_065409213.1#EFCAB14
LOC135882985	XM_065410009.1#LOC135882985
LOC135883023	XM_065410058.1#LOC135883023
LOC135882692	XM_065409677.1#LOC135882692
LOC135882690	XM_065409676.1#LOC135882690
LOC135882987	XM_065410010.1#LOC135882987
PDZK1IP1	XM_065409830.1#PDZK1IP1
TAL1	XM_065409792.1#TAL1
TAL1	XM_065409793.1#TAL1
STIL	XM_065409544.1#STIL
CMPK1	XM_065409007.1#CMPK1
FOXE3	XM_065410076.1#FOXE3
FOXD2	XM_065409771.1#FOXD2
TRABD2B	XM_065410015.1#TRABD2B
SLC5A9	XM_065408864.1#SLC5A9
SPATA6	XM_065409445.1#SPATA6
AGBL4	XM_065409275.1#AGBL4
BEND5	XM_065409731.1#BEND5
ELAVL4	XM_065408947.1#ELAVL4
ELAVL4	XM_065408952.1#ELAVL4
ELAVL4	XM_065408949.1#ELAVL4
ELAVL4	XM_065408951.1#ELAVL4
ELAVL4	XM_065408953.1#ELAVL4
DMRTA2	XM_065409820.1#DMRTA2
FAF1	XM_065409464.1#FAF1
CDKN2C	XM_065409467.1#CDKN2C
RNF11	XM_065409291.1#RNF11
TTC39A	XM_065409104.1#TTC39A
TTC39A	XM_065409105.1#TTC39A
EPS15	XM_065409191.1#EPS15
OSBPL9	XM_065408795.1#OSBPL9
OSBPL9	XM_065408796.1#OSBPL9
NRDC	XM_065410155.1#NRDC
RAB3B	XM_065409499.1#RAB3B
TXNDC12	XM_065409501.1#TXNDC12
KTI12	XM_065409861.1#KTI12
BTF3L4	XM_065408965.1#BTF3L4
ZFYVE9	XM_065409623.1#ZFYVE9
CC2D1B	XM_065409182.1#CC2D1B
ORC1	XM_065409794.1#ORC1
PRPF38A	XM_065409109.1#PRPF38A
TUT4	XM_065408902.1#TUT4
GPX7	XM_065409839.1#GPX7
SHISAL2A	XM_065410113.1#SHISAL2A
LOC135882715	XM_065409709.1#LOC135882715
ZYG11B	XM_065409263.1#ZYG11B
LOC135882527	XM_065409460.1#LOC135882527
LOC135882527	XM_065409461.1#LOC135882527
ECHDC2	XM_065409482.1#ECHDC2
SCP2	XM_065408994.1#SCP2
PODN	XM_065409670.1#PODN
SLC1A7	XM_065409229.1#SLC1A7
CPT2	XM_065409857.1#CPT2
CZIB	XM_065409419.1#CZIB
MAGOH	XM_065408878.1#MAGOH
LOC135882292	XM_065409151.1#LOC135882292
LRP8	XM_065409640.1#LRP8
LOC135882988	XM_065410011.1#LOC135882988
DMRTB1	XM_065409281.1#DMRTB1
GLIS1	XM_065409869.1#GLIS1
NDC1	XM_065409446.1#NDC1
YIPF1	XM_065408913.1#YIPF1
YIPF1	XM_065408914.1#YIPF1
YIPF1	XM_065408915.1#YIPF1
YIPF1	XM_065408917.1#YIPF1
YIPF1	XM_065408916.1#YIPF1
YIPF1	XM_065408912.1#YIPF1
YIPF1	XM_065408911.1#YIPF1
DIO1	XM_065409736.1#DIO1
IFT25	XM_065409790.1#IFT25
IFT25	XM_065409789.1#IFT25
LRRC42	XM_065409614.1#LRRC42
LDLRAD1	XM_065410196.1#LDLRAD1
TMEM59	XM_065409075.1#TMEM59
TMEM59	XM_065409074.1#TMEM59
LOC135882576	XM_065409520.1#LOC135882576
TCEANC2	XM_065409473.1#TCEANC2
CDCP2	XM_065410198.1#CDCP2
LOC135882281	XM_065409133.1#LOC135882281
LOC135883026	XM_065410061.1#LOC135883026
MRPL37	XM_065409567.1#MRPL37
SSBP3	XM_065409594.1#SSBP3
SSBP3	XM_065409593.1#SSBP3
SSBP3	XM_065409592.1#SSBP3
SSBP3	XM_065409591.1#SSBP3
SSBP3	XM_065409595.1#SSBP3
ACOT11	XM_065409708.1#ACOT11
FAM151A	XM_065410064.1#FAM151A
TTC4	XM_065409389.1#TTC4
MROH7	XM_065409282.1#MROH7
PARS2	XM_065409377.1#PARS2
TTC22	XM_065410105.1#TTC22
CIMAP2	XM_065409283.1#CIMAP2
DHCR24	XM_065409890.1#DHCR24
TMEM61	XM_065409284.1#TMEM61
BSND	XM_065408854.1#BSND
PCSK9	XM_065409813.1#PCSK9
USP24	XM_065409056.1#USP24
PLPP3	XM_065409626.1#PLPP3
PRKAA2	XM_065409412.1#PRKAA2
FYB2	XM_065409292.1#FYB2
C8A	XM_065409875.1#C8A
C8B	XM_065409807.1#C8B
DAB1	XM_065409675.1#DAB1
DAB1	XM_065409674.1#DAB1
DAB1	XM_065409673.1#DAB1
OMA1	XM_065409697.1#OMA1
TACSTD2	XM_065409858.1#TACSTD2
MYSM1	XM_065409471.1#MYSM1
LOC135882038	XM_065408793.1#LOC135882038
JUN	XM_065409411.1#JUN
FGGY	XM_065409589.1#FGGY
LOC135883059	XM_065410097.1#LOC135883059
HOOK1	XM_065409160.1#HOOK1
LOC135882720	XM_065409718.1#LOC135882720
LOC135883111	XM_065410156.1#LOC135883111
LOC135883027	XM_065410062.1#LOC135883027
LOC135883049	XM_065410086.1#LOC135883049
LOC135882848	XM_065409877.1#LOC135882848
LOC135882208	XM_065409025.1#LOC135882208
C8H1orf87	XM_065410210.1#C8H1orf87
LOC135882695	XM_065409681.1#LOC135882695
NFIA	XM_065409193.1#NFIA
NFIA	XM_065409192.1#NFIA
NFIA	XM_065409197.1#NFIA
NFIA	XM_065409195.1#NFIA
NFIA	XM_065409198.1#NFIA
NFIA	XM_065409196.1#NFIA
TM2D1	XM_065409568.1#TM2D1
PATJ	XM_065409300.1#PATJ
KANK4	XM_065409758.1#KANK4
USP1	XM_065409397.1#USP1
DOCK7	XM_065409526.1#DOCK7
DOCK7	XM_065409527.1#DOCK7
DOCK7	XM_065409528.1#DOCK7
DOCK7	XM_065409523.1#DOCK7
DOCK7	XM_065409524.1#DOCK7
DOCK7	XM_065409525.1#DOCK7
ANGPTL3	XM_065410141.1#ANGPTL3
ATG4C	XM_065409225.1#ATG4C
FOXD3	XM_065409806.1#FOXD3
ALG6	XM_065409519.1#ALG6
ITGB3BP	XM_065409770.1#ITGB3BP
EFCAB7	XM_065408981.1#EFCAB7
PGM1	XM_065408984.1#PGM1
PGM1	XM_065408983.1#PGM1
ROR1	XM_065409301.1#ROR1
UBE2U	XM_065408792.1#UBE2U
CACHD1	XM_065409688.1#CACHD1
RAVER2	XM_065409865.1#RAVER2
JAK1	XM_065409822.1#JAK1
AK4	XM_065409077.1#AK4
DNAJC6	XM_065409659.1#DNAJC6
LEPROT	XM_065409124.1#LEPROT
LEPR	XM_065409368.1#LEPR
PDE4B	XM_065410138.1#PDE4B
PDE4B	XM_065410140.1#PDE4B
PDE4B	XM_065410139.1#PDE4B
SGIP1	XM_065409303.1#SGIP1
DYNLT5	XM_065410108.1#DYNLT5
INSL5	XM_065408903.1#INSL5
DNAI4	XM_065409235.1#DNAI4
MIER1	XM_065408954.1#MIER1
MIER1	XM_065408956.1#MIER1
SLC35D1	XM_065409763.1#SLC35D1
IL23R	XM_065409236.1#IL23R
IL12RB2	XM_065410035.1#IL12RB2
SERBP1	XM_065409238.1#SERBP1
SERBP1	XM_065409237.1#SERBP1
GADD45A	XM_065409512.1#GADD45A
GNG12	XM_065409844.1#GNG12
DIRAS3	XM_065409834.1#DIRAS3
LOC135882722	XM_065409726.1#LOC135882722
LOC135882722	XM_065409725.1#LOC135882722
LOC135882612	XM_065409572.1#LOC135882612
RPE65	XM_065409637.1#RPE65
RPE65	XM_065409638.1#RPE65
DEPDC1	XM_065409561.1#DEPDC1
LRRC7	XM_065409206.1#LRRC7
LRRC7	XM_065409208.1#LRRC7
LRRC40	XM_065409901.1#LRRC40
SRSF11	XM_065410039.1#SRSF11
SRSF11	XM_065410038.1#SRSF11
SRSF11	XM_065410041.1#SRSF11
ANKRD13C	XM_065409587.1#ANKRD13C
CTH	XM_065409277.1#CTH
PTGER3	XM_065409843.1#PTGER3
ZRANB2	XM_065408883.1#ZRANB2
NEGR1	XM_065409166.1#NEGR1
LRRIQ3	XM_065410197.1#LRRIQ3
FPGT	XM_065408996.1#FPGT
TNNI3K	XM_065408995.1#TNNI3K
LRRC53	XM_065408817.1#LRRC53
ERICH3	XM_065410119.1#ERICH3
CRYZ	XM_065409189.1#CRYZ
CRYZ	XM_065409188.1#CRYZ
TYW3	XM_065409654.1#TYW3
LHX8	XM_065409687.1#LHX8
SLC44A5	XM_065410019.1#SLC44A5
ACADM	XM_065409302.1#ACADM
RABGGTB	XM_065408985.1#RABGGTB
MSH4	XM_065409536.1#MSH4
ST6GALNAC3	XM_065409537.1#ST6GALNAC3
ST6GALNAC3	XM_065409538.1#ST6GALNAC3
ST6GALNAC5	XM_065409836.1#ST6GALNAC5
PIGK	XM_065409406.1#PIGK
AK5	XM_065409668.1#AK5
ZZZ3	XM_065409518.1#ZZZ3
ZZZ3	XM_065409517.1#ZZZ3
USP33	XM_065409014.1#USP33
MIGA1	XM_065409290.1#MIGA1
NEXN	XM_065409706.1#NEXN
NEXN	XM_065409707.1#NEXN
FUBP1	XM_065409582.1#FUBP1
FUBP1	XM_065409581.1#FUBP1
FUBP1	XM_065409580.1#FUBP1
FUBP1	XM_065409579.1#FUBP1
FUBP1	XM_065409576.1#FUBP1
FUBP1	XM_065409578.1#FUBP1
DNAJB4	XM_065409703.1#DNAJB4
GIPC2	XM_065409782.1#GIPC2
PTGFR	XM_065410116.1#PTGFR
LOC135882726	XM_065409729.1#LOC135882726
LOC135882824	XM_065409851.1#LOC135882824
ADGRL4	XM_065409842.1#ADGRL4
ADGRL2	XM_065410118.1#ADGRL2
LOC135882417	XM_065409320.1#LOC135882417
TTLL7	XM_065409321.1#TTLL7
PRKACB	XM_065410137.1#PRKACB
SAMD13	XM_065409322.1#SAMD13
LOC135882982	XM_065410004.1#LOC135882982
LOC135882795	XM_065409821.1#LOC135882795
DNASE2B	XM_065409856.1#DNASE2B
LOC135882421	XM_065409326.1#LOC135882421
RPF1	XM_065409327.1#RPF1
GNG5	XM_065408987.1#GNG5
SPATA1	XM_065408986.1#SPATA1
CTBS	XM_065409260.1#CTBS
LOC135883144	XM_065410208.1#LOC135883144
LOC135883143	XM_065410207.1#LOC135883143
SSX2IP	XM_065409808.1#SSX2IP
LPAR3	XM_065409832.1#LPAR3
MCOLN2	XM_065409053.1#MCOLN2
MCOLN3	XM_065409408.1#MCOLN3
MCOLN3	XM_065409409.1#MCOLN3
DNAI3	XM_065409847.1#DNAI3
SYDE2	XM_065410072.1#SYDE2
C8H1orf52	XM_065409378.1#C8H1orf52
BCL10	XM_065408967.1#BCL10
BCL10	XM_065408968.1#BCL10
BCL10	XM_065408971.1#BCL10
DDAH1	XM_065409823.1#DDAH1
CCN1	XM_065409331.1#CCN1
ZNHIT6	XM_065409328.1#ZNHIT6
COL24A1	XM_065409330.1#COL24A1
ODF2L	XM_065409642.1#ODF2L
ODF2L	XM_065409641.1#ODF2L
LOC135882381	XM_065409279.1#LOC135882381
LOC135882430	XM_065409334.1#LOC135882430
LOC135882432	XM_065409337.1#LOC135882432
LOC135882433	XM_065409338.1#LOC135882433
LOC135882437	XM_065409342.1#LOC135882437
LOC135882439	XM_065409343.1#LOC135882439
SH3GLB1	XM_065409144.1#SH3GLB1
SH3GLB1	XM_065409145.1#SH3GLB1
SELENOF	XM_065409374.1#SELENOF
HS2ST1	XM_065409556.1#HS2ST1
LMO4	XM_065409270.1#LMO4
LOC135882696	XM_065409682.1#LOC135882696
LOC135882696	XM_065409683.1#LOC135882696
PKN2	XM_065408944.1#PKN2
GTF2B	XM_065409336.1#GTF2B
KYAT3	XM_065409511.1#KYAT3
LRRC8B	XM_065409878.1#LRRC8B
LRRC8C	XM_065409616.1#LRRC8C
LRRC8D	XM_065409558.1#LRRC8D
ZNF326	XM_065409200.1#ZNF326
BARHL2	XM_065410073.1#BARHL2
ZNF644	XM_065409128.1#ZNF644
HFM1	XM_065409361.1#HFM1
CDC7	XM_065409837.1#CDC7
TGFBR3	XM_065409551.1#TGFBR3
BRDT	XM_065409362.1#BRDT
EPHX4	XM_065410022.1#EPHX4
BTBD8	XM_065409854.1#BTBD8
C8H1orf146	XM_065409652.1#C8H1orf146
GLMN	XM_065409651.1#GLMN
RPAP2	XM_065409299.1#RPAP2
GFI1	XM_065409694.1#GFI1
EVI5	XM_065409159.1#EVI5
EVI5	XM_065409158.1#EVI5
EVI5	XM_065409157.1#EVI5
EVI5	XM_065409156.1#EVI5
RPL5	XM_065408807.1#RPL5
RPL5	XM_065408806.1#RPL5
DIPK1A	XM_065409849.1#DIPK1A
DIPK1A	XM_065409850.1#DIPK1A
MTF2	XM_065409054.1#MTF2
MTF2	XM_065409055.1#MTF2
TMED5	XM_065409472.1#TMED5
CCDC18	XM_065409080.1#CCDC18
LOC135883012	XM_065410043.1#LOC135883012
DR1	XM_065409199.1#DR1
FNBP1L	XM_065409214.1#FNBP1L
BCAR3	XM_065409367.1#BCAR3
DNTTIP2	XM_065409278.1#DNTTIP2
GCLM	XM_065409060.1#GCLM
GCLM	XM_065409059.1#GCLM
LOC135882233	XM_065409058.1#LOC135882233
ABCA4	XM_065409660.1#ABCA4
ARHGAP29	XM_065409090.1#ARHGAP29
ABCD3	XM_065409372.1#ABCD3
ABCD3	XM_065409371.1#ABCD3
ABCD3	XM_065409373.1#ABCD3
F3	XM_065410078.1#F3
SLC44A3	XM_065409478.1#SLC44A3
CNN3	XM_065409130.1#CNN3
ALG14	XM_065409799.1#ALG14
TLCD4	XM_065409440.1#TLCD4
LOC135882507	XM_065409436.1#LOC135882507
LOC135882507	XM_065409437.1#LOC135882507
LOC135882507	XM_065409438.1#LOC135882507
RWDD3	XM_065409452.1#RWDD3
LOC135882453	XM_065409365.1#LOC135882453
PTBP2	XM_065409029.1#PTBP2
PTBP2	XM_065409030.1#PTBP2
PTBP2	XM_065409031.1#PTBP2
DPYD	XM_065409369.1#DPYD
SNX7	XM_065409825.1#SNX7
PLPPR5	XM_065409788.1#PLPPR5
PLPPR4	XM_065409780.1#PLPPR4
PLPPR4	XM_065409777.1#PLPPR4
PLPPR4	XM_065409778.1#PLPPR4
PALMD	XM_065410096.1#PALMD
FRRS1	XM_065409720.1#FRRS1
FRRS1	XM_065409722.1#FRRS1
FRRS1	XM_065409721.1#FRRS1
FRRS1	XM_065409723.1#FRRS1
FRRS1	XM_065409724.1#FRRS1
FRRS1	XM_065409719.1#FRRS1
AGL	XM_065408828.1#AGL
SLC35A3	XM_065409509.1#SLC35A3
SLC35A3	XM_065409510.1#SLC35A3
MFSD14A	XM_065408942.1#MFSD14A
SASS6	XM_065409601.1#SASS6
TRMT13	XM_065409339.1#TRMT13
LRRC39	XM_065409340.1#LRRC39
DBT	XM_065409662.1#DBT
RTCA	XM_065409470.1#RTCA
VCAM1	XM_065409375.1#VCAM1
GPR88	XM_065410146.1#GPR88
CDC14A	XM_065409094.1#CDC14A
CDC14A	XM_065409093.1#CDC14A
EXTL2	XM_065409868.1#EXTL2
SLC30A7	XM_065409152.1#SLC30A7
SLC30A7	XM_065409153.1#SLC30A7
DPH5	XM_065409295.1#DPH5
DPH5	XM_065409296.1#DPH5
DPH5	XM_065409297.1#DPH5
LOC135882396	XM_065409294.1#LOC135882396
S1PR1	XM_065409353.1#S1PR1
OLFM3	XM_065409508.1#OLFM3
OLFM3	XM_065409506.1#OLFM3
COL11A1	XM_065408835.1#COL11A1
COL11A1	XM_065408833.1#COL11A1
COL11A1	XM_065408836.1#COL11A1
COL11A1	XM_065408834.1#COL11A1
RNPC3	XM_065409354.1#RNPC3
RNPC3	XM_065409355.1#RNPC3
LOC135882155	XM_065408962.1#LOC135882155
LOC135882153	XM_065408960.1#LOC135882153
LOC135882467	XM_065409382.1#LOC135882467
LOC135882877	XM_065409910.1#LOC135882877
NTNG1	XM_065409665.1#NTNG1
VAV3	XM_065410115.1#VAV3
VAV3	XM_065410114.1#VAV3
SLC25A24	XM_065408931.1#SLC25A24
EEIG2	XM_065409867.1#EEIG2
HENMT1	XM_065410142.1#HENMT1
PRPF38B	XM_065409441.1#PRPF38B
FNDC7	XM_065410104.1#FNDC7
STXBP3	XM_065409057.1#STXBP3
AKNAD1	XM_065409911.1#AKNAD1
GPSM2	XM_065408992.1#GPSM2
CLCC1	XM_065408991.1#CLCC1
WDR47	XM_065409631.1#WDR47
CAMSAP2	XM_065409319.1#CAMSAP2
CAMSAP2	XM_065409317.1#CAMSAP2
CAMSAP2	XM_065409318.1#CAMSAP2
CAMSAP2	XM_065409316.1#CAMSAP2
DDX59	XM_065409176.1#DDX59
DDX59	XM_065409178.1#DDX59
DDX59	XM_065409179.1#DDX59
DDX59	XM_065409177.1#DDX59
KIF14	XM_065409804.1#KIF14
ZNF281	XM_065409841.1#ZNF281
NR5A2	XM_065409483.1#NR5A2
PTPRC	XM_065409244.1#PTPRC
ATP6V1G3	XM_065410003.1#ATP6V1G3
NEK7	XM_065408926.1#NEK7
NEK7	XM_065408927.1#NEK7
LHX9	XM_065409635.1#LHX9
LHX9	XM_065409632.1#LHX9
LHX9	XM_065409634.1#LHX9
C8H1orf53	XM_065408855.1#C8H1orf53
DENND1B	XM_065409672.1#DENND1B
CRB1	XM_065409913.1#CRB1
ZBTB41	XM_065409463.1#ZBTB41
ASPM	XM_065409477.1#ASPM
F13B	XM_065409835.1#F13B
LOC135882498	XM_065409424.1#LOC135882498
LOC135882880	XM_065409914.1#LOC135882880
LOC135882881	XM_065409916.1#LOC135882881
CFH	XM_065409917.1#CFH
KCNT2	XM_065409272.1#KCNT2
KCNT2	XM_065409273.1#KCNT2
KCNT2	XM_065409274.1#KCNT2
LOC135882847	XM_065409876.1#LOC135882847
LOC135882883	XM_065409918.1#LOC135882883
CDC73	XM_065408934.1#CDC73
LOC135882357	XM_065409253.1#LOC135882357
LOC135882868	XM_065409900.1#LOC135882868
GLRX2	XM_065409428.1#GLRX2
GLRX2	XM_065409427.1#GLRX2
GLRX2	XM_065409429.1#GLRX2
RO60	XM_065409148.1#RO60
UCHL5	XM_065408999.1#UCHL5
RGS2	XM_065409396.1#RGS2
RGS13	XM_065409909.1#RGS13
RGS1	XM_065409315.1#RGS1
RGS21	XM_065409515.1#RGS21
LOC135882884	XM_065409920.1#LOC135882884
RGS18	XM_065409045.1#RGS18
BRINP3	XM_065409756.1#BRINP3
BRINP3	XM_065409757.1#BRINP3
PLA2G4A	XM_065409689.1#PLA2G4A
PTGS2	XM_065409600.1#PTGS2
PDC	XM_065410037.1#PDC
ODR4	XM_065409002.1#ODR4
ODR4	XM_065409001.1#ODR4
TPR	XM_065410182.1#TPR
PRG4	XM_065409921.1#PRG4
HMCN1	XM_065408898.1#HMCN1
IVNS1ABP	XM_065409998.1#IVNS1ABP
IVNS1ABP	XM_065409999.1#IVNS1ABP
SWT1	XM_065409997.1#SWT1
TRMT1L	XM_065409764.1#TRMT1L
RNF2	XM_065409888.1#RNF2
NIBAN1	XM_065409902.1#NIBAN1
EDEM3	XM_065409038.1#EDEM3
EDEM3	XM_065409037.1#EDEM3
C8H1orf21	XM_065409039.1#C8H1orf21
TSEN15	XM_065409752.1#TSEN15
COLGALT2	XM_065409498.1#COLGALT2
RGL1	XM_065409231.1#RGL1
RGL1	XM_065409230.1#RGL1
APOBEC4	XM_065410209.1#APOBEC4
ARPC5	XM_065409011.1#ARPC5
NCF2	XM_065409403.1#NCF2
NCF2	XM_065409404.1#NCF2
NCF2	XM_065409405.1#NCF2
SMG7	XM_065410033.1#SMG7
SMG7	XM_065410032.1#SMG7
SMG7	XM_065410031.1#SMG7
SMG7	XM_065410030.1#SMG7
NMNAT2	XM_065410074.1#NMNAT2
LAMC2	XM_065409539.1#LAMC2
LAMC1	XM_065408997.1#LAMC1
SHCBP1L	XM_065410059.1#SHCBP1L
DHX9	XM_065409092.1#DHX9
NPL	XM_065409889.1#NPL
RGS8	XM_065409530.1#RGS8
RGS8	XM_065409532.1#RGS8
RGS16	XM_065409619.1#RGS16
LOC135882593	XM_065409547.1#LOC135882593
LOC135882719	XM_065409716.1#LOC135882719
LOC135882673	XM_065409656.1#LOC135882673
RGSL1	XM_065409922.1#RGSL1
GLUL	XM_065409514.1#GLUL
ZNF648	XM_065409923.1#ZNF648
LOC135883128	XM_065410186.1#LOC135883128
LOC135882736	XM_065409738.1#LOC135882736
LOC135882603	XM_065409560.1#LOC135882603
CACNA1E	XM_065409006.1#CACNA1E
CACNA1E	XM_065409005.1#CACNA1E
CACNA1E	XM_065409003.1#CACNA1E
IER5	XM_065409924.1#IER5
STX6	XM_065409667.1#STX6
KIAA1614	XM_065410158.1#KIAA1614
XPR1	XM_065409102.1#XPR1
ACBD6	XM_065409421.1#ACBD6
LHX4	XM_065409621.1#LHX4
QSOX1	XM_065409925.1#QSOX1
CEP350	XM_065409685.1#CEP350
LOC135882497	XM_065409423.1#LOC135882497
LOC135882323	XM_065409209.1#LOC135882323
LOC135883016	XM_065410048.1#LOC135883016
LOC135883140	XM_065410199.1#LOC135883140
TDRD5	XM_065409927.1#TDRD5
NPHS2	XM_065409663.1#NPHS2
AXDND1	XM_065410094.1#AXDND1
SOAT1	XM_065409611.1#SOAT1
ABL2	XM_065408866.1#ABL2
ABL2	XM_065408868.1#ABL2
ABL2	XM_065408869.1#ABL2
TOR3A	XM_065409928.1#TOR3A
FAM20B	XM_065409787.1#FAM20B
RALGPS2	XM_065408804.1#RALGPS2
ANGPTL1	XM_065409866.1#ANGPTL1
RASAL2	XM_065409333.1#RASAL2
LOC135882798	XM_065409824.1#LOC135882798
SEC16B	XM_065409795.1#SEC16B
LOC135882896	XM_065409930.1#LOC135882896
BRINP2	XM_065409798.1#BRINP2
ASTN1	XM_065409136.1#ASTN1
PAPPA2	XM_065409588.1#PAPPA2
COP1	XM_065409149.1#COP1
COP1	XM_065409150.1#COP1
TNR	XM_065409041.1#TNR
KIAA0040	XM_065410176.1#KIAA0040
TNN	XM_065410083.1#TNN
MRPS14	XM_065409627.1#MRPS14
CACYBP	XM_065409570.1#CACYBP
CACYBP	XM_065409569.1#CACYBP
CACYBP	XM_065409571.1#CACYBP
RABGAP1L	XM_065408876.1#RABGAP1L
GPR52	XM_065410122.1#GPR52
RC3H1	XM_065409131.1#RC3H1
SERPINC1	XM_065409766.1#SERPINC1
ZBTB37	XM_065409488.1#ZBTB37
LOC135882522	XM_065409456.1#LOC135882522
DARS2	XM_065409341.1#DARS2
CENPL	XM_065408896.1#CENPL
KLHL20	XM_065408894.1#KLHL20
ANKRD45	XM_065410180.1#ANKRD45
UCK2	XM_065409535.1#UCK2
TMCO1	XM_065408988.1#TMCO1
ALDH9A1	XM_065409448.1#ALDH9A1
ALDH9A1	XM_065409447.1#ALDH9A1
MGST3	XM_065409449.1#MGST3
LRRC52	XM_065410223.1#LRRC52
ADCY10	XM_065409931.1#ADCY10
NUF2	XM_065409828.1#NUF2
PBX1	XM_065409285.1#PBX1
PBX1	XM_065409286.1#PBX1
LMX1A	XM_065409783.1#LMX1A
RXRG	XM_065409215.1#RXRG
SELE	XM_065409772.1#SELE
LOC135882757	XM_065409775.1#LOC135882757
LOC135882756	XM_065409774.1#LOC135882756
LOC135882755	XM_065409773.1#LOC135882755
LOC135882764	XM_065409784.1#LOC135882764
FIRRM	XM_065409081.1#FIRRM
SCYL3	XM_065409082.1#SCYL3
KIFAP3	XM_065409644.1#KIFAP3
KIFAP3	XM_065409645.1#KIFAP3
KIFAP3	XM_065409647.1#KIFAP3
NTMT2	XM_065410110.1#NTMT2
GORAB	XM_065410191.1#GORAB
GORAB	XM_065410192.1#GORAB
PRRX1	XM_065409880.1#PRRX1
PRRX1	XM_065409882.1#PRRX1
LOC135883131	XM_065410190.1#LOC135883131
LOC135883057	XM_065410095.1#LOC135883057
LOC135882895	XM_065409929.1#LOC135882895
LOC135882866	XM_065409898.1#LOC135882866
LOC135882790	XM_065409815.1#LOC135882790
PRRC2C	XM_065409932.1#PRRC2C
LOC135882117	XM_065408904.1#LOC135882117
MYOC	XM_065410075.1#MYOC
VAMP4	XM_065409608.1#VAMP4
VAMP4	XM_065409609.1#VAMP4
VAMP4	XM_065409607.1#VAMP4
METTL13	XM_065409563.1#METTL13
METTL13	XM_065409564.1#METTL13
DNM3	XM_065408897.1#DNM3
PIGC	XM_065409504.1#PIGC
SUCO	XM_065409617.1#SUCO
FASLG	XM_065410111.1#FASLG
TNFSF18	XM_065408938.1#TNFSF18
TNFSF4	XM_065410002.1#TNFSF4
TADA1	XM_065408865.1#TADA1
PRDX6	XM_065410211.1#PRDX6
FAM78B	XM_065410065.1#FAM78B
PLPP6	XM_065409502.1#PLPP6
LOC135882133	XM_065408930.1#LOC135882133
LOC135882901	XM_065409933.1#LOC135882901
LOC135882141	XM_065408939.1#LOC135882141
LOC135883085	XM_065410123.1#LOC135883085
PRKAB2	XM_065410125.1#PRKAB2
LOC135882268	XM_065409112.1#LOC135882268
LOC135882269	XM_065409114.1#LOC135882269
PHGDH	XM_065409691.1#PHGDH
HMGCS2	XM_065409643.1#HMGCS2
NOTCH2	XM_065409934.1#NOTCH2
SEC22B	XM_065410185.1#SEC22B
PACS2	XM_065410184.1#PACS2
MTA1	XM_065409048.1#MTA1
CRIP2	XM_065409516.1#CRIP2
LOC135882502	XM_065409431.1#LOC135882502
TEDC1	XM_065409430.1#TEDC1
TMEM121	XM_065410195.1#TMEM121
NOS1AP	XM_065409714.1#NOS1AP
NOS1AP	XM_065409712.1#NOS1AP
NOS1AP	XM_065409713.1#NOS1AP
SPATA46	XM_065409936.1#SPATA46
C8H1orf226	XM_065409937.1#C8H1orf226
UHMK1	XM_065409903.1#UHMK1
UAP1	XM_065409248.1#UAP1
UAP1	XM_065409249.1#UAP1
DDR2	XM_065409293.1#DDR2
HSD17B7	XM_065409023.1#HSD17B7
HSD17B7	XM_065409024.1#HSD17B7
CCDC190	XM_065409000.1#CCDC190
OLFML2B	XM_065408945.1#OLFML2B
ATF6	XM_065408946.1#ATF6
LOC135882493	XM_065409420.1#LOC135882493
RGS4	XM_065409487.1#RGS4
LOC135882462	XM_065409376.1#LOC135882462
LOC135882906	XM_065409938.1#LOC135882906
PCDH12	XM_065409047.1#PCDH12
DELE1	XM_065410226.1#DELE1
PCDH1	XM_065409733.1#PCDH1
LOC135882751	XM_065409769.1#LOC135882751
ARAP3	XM_065409796.1#ARAP3
LOC135882144	XM_065408941.1#LOC135882144
FCHSD1	XM_065409693.1#FCHSD1
RELL2	XM_065409939.1#RELL2
HDAC3	XM_065410130.1#HDAC3
DIAPH1	XM_065408815.1#DIAPH1
LOC135882908	XM_065409940.1#LOC135882908
LOC135882910	XM_065409941.1#LOC135882910
LOC135882911	XM_065409942.1#LOC135882911
LOC135882912	XM_065409943.1#LOC135882912
LOC135882914	XM_065409945.1#LOC135882914
LOC135882915	XM_065409946.1#LOC135882915
LOC135882916	XM_065409947.1#LOC135882916
LOC135882917	XM_065409948.1#LOC135882917
LOC135882073	XM_065408839.1#LOC135882073
LOC135882076	XM_065408843.1#LOC135882076
LOC135882072	XM_065408838.1#LOC135882072
LOC135882074	XM_065408840.1#LOC135882074
LOC135882918	XM_065409949.1#LOC135882918
LOC135882919	XM_065409950.1#LOC135882919
LOC135882922	XM_065409951.1#LOC135882922
LOC135883013	XM_065410044.1#LOC135883013
LOC135883073	XM_065410109.1#LOC135883073
LOC135882924	XM_065409953.1#LOC135882924
LOC135882082	XM_065408856.1#LOC135882082
LOC135883007	XM_065410034.1#LOC135883007
LOC135882925	XM_065409954.1#LOC135882925
LOC135882926	XM_065409955.1#LOC135882926
LOC135882927	XM_065409956.1#LOC135882927
LOC135882928	XM_065409957.1#LOC135882928
LOC135882929	XM_065409958.1#LOC135882929
LOC135882930	XM_065409959.1#LOC135882930
LOC135882931	XM_065409961.1#LOC135882931
LOC135882932	XM_065409962.1#LOC135882932
LOC135882933	XM_065409963.1#LOC135882933
LOC135882193	XM_065409008.1#LOC135882193
LOC135882936	XM_065409964.1#LOC135882936
LOC135882937	XM_065409965.1#LOC135882937
LOC135882939	XM_065409966.1#LOC135882939
LOC135883112	XM_065410157.1#LOC135883112
LOC135883065	XM_065410102.1#LOC135883065
LOC135882941	XM_065409967.1#LOC135882941
LOC135882942	XM_065409969.1#LOC135882942
LOC135882779	XM_065409801.1#LOC135882779
PCDHAC1	XM_065409256.1#PCDHAC1
LOC135882360	XM_065409257.1#LOC135882360
LOC135883152	XM_065410216.1#LOC135883152
LOC135882946	XM_065409970.1#LOC135882946
LOC135882947	XM_065409971.1#LOC135882947
LOC135882948	XM_065409972.1#LOC135882948
LOC135882951	XM_065409973.1#LOC135882951
LOC135882952	XM_065409974.1#LOC135882952
LOC135882953	XM_065409975.1#LOC135882953
LOC135882954	XM_065409977.1#LOC135882954
LOC135882044	XM_065408800.1#LOC135882044
LOC135882955	XM_065409978.1#LOC135882955
LOC135882956	XM_065409979.1#LOC135882956
LOC135882613	XM_065409573.1#LOC135882613
ZMAT2	XM_065410212.1#ZMAT2
LOC135883150	XM_065410214.1#LOC135883150
LOC135882862	XM_065409892.1#LOC135882862
LOC135882862	XM_065409894.1#LOC135882862
LOC135882862	XM_065409895.1#LOC135882862
DND1	XM_065409980.1#DND1
WDR55	XM_065409862.1#WDR55
IK	XM_065408798.1#IK
NDUFA2	XM_065409522.1#NDUFA2
TMCO6	XM_065409896.1#TMCO6
LOC135882132	XM_065408929.1#LOC135882132
SLC35A4	XM_065409386.1#SLC35A4
LOC135882470	XM_065409388.1#LOC135882470
LOC135882470	XM_065409387.1#LOC135882470
APBB3	XM_065409981.1#APBB3
SRA1	XM_065409503.1#SRA1
EIF4EBP3	XM_065410008.1#EIF4EBP3
ANKHD1	XM_065410006.1#ANKHD1
SLC4A9	XM_065409228.1#SLC4A9
HBEGF	XM_065409625.1#HBEGF
PFDN1	XM_065409671.1#PFDN1
PURA	XM_065409678.1#PURA
NRG2	XM_065409469.1#NRG2
PSD2	XM_065409306.1#PSD2
CXXC5	XM_065409727.1#CXXC5
UBE2D2	XM_065408813.1#UBE2D2
UBE2D2	XM_065408811.1#UBE2D2
UBE2D2	XM_065408812.1#UBE2D2
STING1	XM_065410066.1#STING1
ECSCR	XM_065409982.1#ECSCR
DNAJC18	XM_065409465.1#DNAJC18
DNAJC18	XM_065409466.1#DNAJC18
SPATA24	XM_065409630.1#SPATA24
PROB1	XM_065408879.1#PROB1
MZB1	XM_065409812.1#MZB1
SLC23A1	XM_065409476.1#SLC23A1
PAIP2	XM_065409251.1#PAIP2
PAIP2	XM_065409250.1#PAIP2
MATR3	XM_065408910.1#MATR3
LOC135882748	XM_065409765.1#LOC135882748
SIL1	XM_065409239.1#SIL1
SIL1	XM_065409240.1#SIL1
CTNNA1	XM_065410042.1#CTNNA1
LRRTM2	XM_065410014.1#LRRTM2
HSPA9	XM_065409679.1#HSPA9
ETF1	XM_065409425.1#ETF1
FBXW11	XM_065409227.1#FBXW11
FGF18	XM_065409984.1#FGF18
NPM1	XM_065408919.1#NPM1
NPM1	XM_065408920.1#NPM1
TLX3	XM_065410028.1#TLX3
RANBP17	XM_065409394.1#RANBP17
RANBP17	XM_065409393.1#RANBP17
RANBP17	XM_065409392.1#RANBP17
LOC135883094	XM_065410132.1#LOC135883094
GABRP	XM_065409453.1#GABRP
KCNIP1	XM_065409062.1#KCNIP1
KCNMB1	XM_065409874.1#KCNMB1
LCP2	XM_065409533.1#LCP2
C8H5orf58	XM_065409154.1#C8H5orf58
FOXI1	XM_065409845.1#FOXI1
FOXI1	XM_065409846.1#FOXI1
DOCK2	XM_065410088.1#DOCK2
INSYN2B	XM_065410089.1#INSYN2B
SPDL1	XM_065409598.1#SPDL1
SPDL1	XM_065409597.1#SPDL1
SLIT3	XM_065410175.1#SLIT3
PANK3	XM_065409065.1#PANK3
LOC135882298	XM_065409162.1#LOC135882298
RARS1	XM_065409174.1#RARS1
RARS1	XM_065409175.1#RARS1
WWC1	XM_065409106.1#WWC1
TENM2	XM_065409745.1#TENM2
TENM2	XM_065409744.1#TENM2
TENM2	XM_065409743.1#TENM2
TENM2	XM_065409742.1#TENM2
TENM2	XM_065409740.1#TENM2
TENM2	XM_065409739.1#TENM2
MAT2B	XM_065408959.1#MAT2B
HMMR	XM_065409575.1#HMMR
NUDCD2	XM_065409636.1#NUDCD2
CCNG1	XM_065409173.1#CCNG1
GABRG2	XM_065410200.1#GABRG2
GABRG2	XM_065410206.1#GABRG2
GABRG2	XM_065410204.1#GABRG2
GABRA1	XM_065408964.1#GABRA1
GABRA6	XM_065408853.1#GABRA6
GABRB2	XM_065409096.1#GABRB2
GABRB2	XM_065409097.1#GABRB2
LOC135882362	XM_065409259.1#LOC135882362
ATP10B	XM_065409985.1#ATP10B
PTTG1	XM_065410057.1#PTTG1
SLU7	XM_065408801.1#SLU7
SLU7	XM_065408802.1#SLU7
C1QTNF2	XM_065410080.1#C1QTNF2
C1QTNF2	XM_065410081.1#C1QTNF2
CCNJL	XM_065410016.1#CCNJL
FABP6	XM_065410100.1#FABP6
PWWP2A	XM_065409032.1#PWWP2A
PWWP2A	XM_065409035.1#PWWP2A
TTC1	XM_065409187.1#TTC1
TTC1	XM_065409186.1#TTC1
TTC1	XM_065409183.1#TTC1
TTC1	XM_065409184.1#TTC1
ADRA1B	XM_065409496.1#ADRA1B
IL12B	XM_065410148.1#IL12B
LOC135882098	XM_065408877.1#LOC135882098
LOC135883124	XM_065410183.1#LOC135883124
FBXO38	XM_065409012.1#FBXO38
HTR4	XM_065409986.1#HTR4
SLC26A2	XM_065409838.1#SLC26A2
LOC135882474	XM_065409395.1#LOC135882474
PPARGC1B	XM_065409776.1#PPARGC1B
ARHGEF37	XM_065409908.1#ARHGEF37
LOC135882046	XM_065408803.1#LOC135882046
CSNK1A1	XM_065409699.1#CSNK1A1
CSNK1A1	XM_065409701.1#CSNK1A1
CSNK1A1	XM_065409698.1#CSNK1A1
CSNK1A1	XM_065409702.1#CSNK1A1
CSNK1A1	XM_065409700.1#CSNK1A1
IL17B	XM_065410194.1#IL17B
PCYOX1L	XM_065409833.1#PCYOX1L
GRPEL2	XM_065409987.1#GRPEL2
AFAP1L1	XM_065409247.1#AFAP1L1
ABLIM3	XM_065409019.1#ABLIM3
SH3TC2	XM_065409715.1#SH3TC2
ADRB2	XM_065409584.1#ADRB2
UBTD2	XM_065410084.1#UBTD2
EFCAB9	XM_065409988.1#EFCAB9
STK10	XM_065409352.1#STK10
SH3PXD2B	XM_065409781.1#SH3PXD2B
NEURL1B	XM_065410025.1#NEURL1B
DUSP1	XM_065409489.1#DUSP1
ERGIC1	XM_065410023.1#ERGIC1
RPL26L1	XM_065409022.1#RPL26L1
ATP6V0E1	XM_065408936.1#ATP6V0E1
CREBRF	XM_065409135.1#CREBRF
BNIP1	XM_065409549.1#BNIP1
BNIP1	XM_065409550.1#BNIP1
NKX2-5	XM_065409905.1#NKX2-5
STC2	XM_065410085.1#STC2
BOD1	XM_065409384.1#BOD1
BOD1	XM_065409385.1#BOD1
CPEB4	XM_065410092.1#CPEB4
CPEB4	XM_065410093.1#CPEB4
C8H5orf47	XM_065408829.1#C8H5orf47
NSG2	XM_065409872.1#NSG2
NSG2	XM_065409873.1#NSG2
MSX2	XM_065409684.1#MSX2
DRD1	XM_065409819.1#DRD1
SFXN1	XM_065409490.1#SFXN1
JAKMIP2	XM_065408972.1#JAKMIP2
JAKMIP2	XM_065408973.1#JAKMIP2
DPYSL3	XM_065408799.1#DPYSL3
STK32A	XM_065409734.1#STK32A
PPP2R2B	XM_065409308.1#PPP2R2B
PPP2R2B	XM_065409309.1#PPP2R2B
GPR151	XM_065408830.1#GPR151
TCERG1	XM_065410147.1#TCERG1
POU4F3	XM_065409052.1#POU4F3
RBM27	XM_065409051.1#RBM27
LARS1	XM_065409046.1#LARS1
PLAC8L1	XM_065408810.1#PLAC8L1
SH3RF2	XM_065409809.1#SH3RF2
GRXCR2	XM_065408808.1#GRXCR2
PRELID2	XM_065409217.1#PRELID2
KCTD16	XM_065410000.1#KCTD16
YIPF5	XM_065409245.1#YIPF5
YIPF5	XM_065409246.1#YIPF5
NR3C1	XM_065410060.1#NR3C1
ARHGAP26	XM_065408873.1#ARHGAP26
ARHGAP26	XM_065408872.1#ARHGAP26
FGF1	XM_065409661.1#FGF1
SPRY4	XM_065410181.1#SPRY4
NDFIP1	XM_065408928.1#NDFIP1
GNPDA1	XM_065409013.1#GNPDA1
RNF14	XM_065409078.1#RNF14
HSPA4	XM_065409690.1#HSPA4
ZCCHC10	XM_065409732.1#ZCCHC10
AFF4	XM_065408880.1#AFF4
LOC135882708	XM_065409695.1#LOC135882708
LOC135882708	XM_065409696.1#LOC135882708
GDF9	XM_065410151.1#GDF9
SHROOM1	XM_065410129.1#SHROOM1
SOWAHA	XM_065410159.1#SOWAHA
SEPTIN8	XM_065409759.1#SEPTIN8
SEPTIN8	XM_065409760.1#SEPTIN8
SEPTIN8	XM_065409761.1#SEPTIN8
KIF3A	XM_065409091.1#KIF3A
RAD50	XM_065409125.1#RAD50
IRF1	XM_065409218.1#IRF1
LOC135882583	XM_065409534.1#LOC135882583
SLC22A4	XM_065409543.1#SLC22A4
SLC22A4	XM_065409541.1#SLC22A4
PDLIM4	XM_065409629.1#PDLIM4
P4HA2	XM_065409612.1#P4HA2
P4HA2	XM_065409613.1#P4HA2
LOC135882968	XM_065409989.1#LOC135882968
ACSL6	XM_065410217.1#ACSL6
ACSL6	XM_065410222.1#ACSL6
ACSL6	XM_065410218.1#ACSL6
ACSL6	XM_065410219.1#ACSL6
ACSL6	XM_065410220.1#ACSL6
MEIKIN	XM_065409028.1#MEIKIN
FNIP1	XM_065410107.1#FNIP1
RAPGEF6	XM_065410106.1#RAPGEF6
FSTL4	XM_065409767.1#FSTL4
C8H5orf15	XM_065409485.1#C8H5orf15
VDAC1	XM_065410187.1#VDAC1
TCF7	XM_065410188.1#TCF7
SKP1	XM_065408933.1#SKP1
PPP2CA	XM_065409906.1#PPP2CA
PPP2CA	XM_065409907.1#PPP2CA
UBE2B	XM_065409252.1#UBE2B
CDKN2AIPNL	XM_065409110.1#CDKN2AIPNL
CDKN2AIPNL	XM_065409111.1#CDKN2AIPNL
JADE2	XM_065409261.1#JADE2
SAR1B	XM_065409242.1#SAR1B
SEC24A	XM_065409134.1#SEC24A
CAMLG	XM_065409540.1#CAMLG
DDX46	XM_065409020.1#DDX46
DDX46	XM_065409021.1#DDX46
C8H5orf24	XM_065410177.1#C8H5orf24
C8H5orf24	XM_065410179.1#C8H5orf24
TXNDC15	XM_065409548.1#TXNDC15
PCBD2	XM_065409480.1#PCBD2
CATSPER3	XM_065409990.1#CATSPER3
PITX1	XM_065409653.1#PITX1
LOC135883017	XM_065410052.1#LOC135883017
LOC135883017	XM_065410050.1#LOC135883017
LOC135883017	XM_065410051.1#LOC135883017
LOC135883017	XM_065410049.1#LOC135883017
NEUROG1	XM_065410098.1#NEUROG1
CXCL14	XM_065409991.1#CXCL14
SLC25A48	XM_065409897.1#SLC25A48
LOC135882201	XM_065409016.1#LOC135882201
LOC135882201	XM_065409017.1#LOC135882201
LOC135882971	XM_065409993.1#LOC135882971
LOC135882802	XM_065409827.1#LOC135882802
LOC135882740	XM_065409753.1#LOC135882740
LOC135882741	XM_065409754.1#LOC135882741
TGFBI	XM_065409264.1#TGFBI
SMAD5	XM_065409108.1#SMAD5
SMIM32	XM_065408963.1#SMIM32
TRPC7	XM_065409360.1#TRPC7
TRPC7	XM_065409358.1#TRPC7
TRPC7	XM_065409357.1#TRPC7
TRPC7	XM_065409356.1#TRPC7
SPOCK1	XM_065409410.1#SPOCK1
KLHL3	XM_065409416.1#KLHL3
HNRNPA0	XM_065409036.1#HNRNPA0
LOC135882856	XM_065409887.1#LOC135882856
MYOT	XM_065409885.1#MYOT
MYOT	XM_065409886.1#MYOT
PKD2L2	XM_065409994.1#PKD2L2
FAM13B	XM_065409044.1#FAM13B
WNT8A	XM_065409484.1#WNT8A
NME5	XM_065410136.1#NME5
HNRNPAB	XM_065410070.1#HNRNPAB
HNRNPAB	XM_065410069.1#HNRNPAB
HNRNPAB	XM_065410071.1#HNRNPAB
PHYKPL	XM_065410068.1#PHYKPL
COL23A1	XM_065410054.1#COL23A1
LOC135882064	XM_065408826.1#LOC135882064
LOC135882064	XM_065408825.1#LOC135882064
LOC135882064	XM_065408827.1#LOC135882064
RASGEF1C	XM_065409602.1#RASGEF1C
RASGEF1C	XM_065409605.1#RASGEF1C
RASGEF1C	XM_065409604.1#RASGEF1C
LOC135883019	XM_065410053.1#LOC135883019
MAPK9	XM_065409618.1#MAPK9
GFPT2	XM_065409565.1#GFPT2
CNOT6	XM_065408905.1#CNOT6
LOC135882168	XM_065408979.1#LOC135882168
ADAMTS2	XM_065408790.1#ADAMTS2
RUFY1	XM_065409079.1#RUFY1
HNRNPH1	XM_065409346.1#HNRNPH1
HNRNPH1	XM_065409345.1#HNRNPH1
HNRNPH1	XM_065409350.1#HNRNPH1
HNRNPH1	XM_065409349.1#HNRNPH1
HNRNPH1	XM_065409348.1#HNRNPH1
CBY3	XM_065409351.1#CBY3
LOC135883004	XM_065410029.1#LOC135883004
CANX	XM_065408791.1#CANX
MAML1	XM_065409304.1#MAML1
LTC4S	XM_065409816.1#LTC4S
MGAT4B	XM_065409562.1#MGAT4B
SQSTM1	XM_065409222.1#SQSTM1
SQSTM1	XM_065409224.1#SQSTM1
SQSTM1	XM_065409223.1#SQSTM1
LOC135882361	XM_065409258.1#LOC135882361
TBC1D9B	XM_065409221.1#TBC1D9B
TBC1D9B	XM_065409220.1#TBC1D9B
RNF130	XM_065409067.1#RNF130
RNF130	XM_065409066.1#RNF130
FLT4	XM_065408974.1#FLT4
LOC135883062	XM_065410099.1#LOC135883062
LOC135883105	XM_065410149.1#LOC135883105
HMGXB3	XM_065408976.1#HMGXB3
CSF1R	XM_065409494.1#CSF1R
PDGFRB	XM_065409095.1#PDGFRB
CDX1	XM_065409735.1#CDX1
SLC6A7	XM_065409026.1#SLC6A7
CAMK2A	XM_065409168.1#CAMK2A
CAMK2A	XM_065409167.1#CAMK2A
CAMK2A	XM_065409169.1#CAMK2A
ARSI	XM_065410027.1#ARSI
TCOF1	XM_065409995.1#TCOF1
CD74	XM_065408940.1#CD74
RPS14	XM_065409018.1#RPS14
NDST1	XM_065409190.1#NDST1
SYNPO	XM_065410154.1#SYNPO
MYOZ3	XM_065410153.1#MYOZ3
RBM22	XM_065409226.1#RBM22
DCTN4	XM_065408820.1#DCTN4
DCTN4	XM_065408818.1#DCTN4
SMIM3	XM_065408857.1#SMIM3
GPX3	XM_065409417.1#GPX3
TNIP1	XM_065408975.1#TNIP1
ANXA6	XM_065408978.1#ANXA6
ANXA6	XM_065408977.1#ANXA6
PDGFRL	XM_065410117.1#PDGFRL
CCDC69	XM_065410128.1#CCDC69
GM2A	XM_065409814.1#GM2A
LOC135882505	XM_065409435.1#LOC135882505
LOC135882505	XM_065409434.1#LOC135882505
LOC135882562	XM_065409500.1#LOC135882562
FAT2	XM_065409559.1#FAT2
SPARC	XM_065409786.1#SPARC
ATOX1	XM_065409855.1#ATOX1
G3BP1	XM_065408908.1#G3BP1
G3BP1	XM_065408909.1#G3BP1
G3BP1	XM_065408906.1#G3BP1
GLRA1	XM_065409996.1#GLRA1
NMUR2	XM_065410126.1#NMUR2
GRIA1	XM_065409147.1#GRIA1
LOC135882503	XM_065409432.1#LOC135882503
FAM114A2	XM_065409132.1#FAM114A2
MFAP3	XM_065409871.1#MFAP3
GALNT10	XM_065409413.1#GALNT10
SAP30L	XM_065409129.1#SAP30L
HAND1	XM_065409899.1#HAND1
LARP1	XM_065408814.1#LARP1
FAXDC2	XM_065410026.1#FAXDC2
CNOT8	XM_065409086.1#CNOT8
CNOT8	XM_065409084.1#CNOT8
CNOT8	XM_065409085.1#CNOT8
GEMIN5	XM_065408885.1#GEMIN5
MRPL22	XM_065409546.1#MRPL22
MRPL22	XM_065409545.1#MRPL22
SGCD	XM_065409666.1#SGCD
LOC135882834	XM_065409863.1#LOC135882834
HAVCR2	XM_065409864.1#HAVCR2
MED7	XM_065409493.1#MED7
ITK	XM_065408998.1#ITK
CYFIP2	XM_065408886.1#CYFIP2
CYFIP2	XM_065408887.1#CYFIP2
CYFIP2	XM_065408892.1#CYFIP2
CYFIP2	XM_065408890.1#CYFIP2
CYFIP2	XM_065408888.1#CYFIP2
CYFIP2	XM_065408893.1#CYFIP2
CYFIP2	XM_065408889.1#CYFIP2
CYFIP2	XM_065408891.1#CYFIP2
FNDC9	XM_065408805.1#FNDC9
NIPAL4	XM_065409655.1#NIPAL4
ADAM19	XM_065409107.1#ADAM19
SOX30	XM_065410150.1#SOX30
THG1L	XM_065409552.1#THG1L
THG1L	XM_065409554.1#THG1L
THG1L	XM_065409553.1#THG1L
LSM11	XM_065410047.1#LSM11
CLINT1	XM_065409280.1#CLINT1
EBF1	XM_065410169.1#EBF1
EBF1	XM_065410174.1#EBF1
EBF1	XM_065410172.1#EBF1
EBF1	XM_065410168.1#EBF1
EBF1	XM_065410167.1#EBF1
EBF1	XM_065410173.1#EBF1
EBF1	XM_065410170.1#EBF1
EBF1	XM_065410166.1#EBF1
EBF1	XM_065410165.1#EBF1
EBF1	XM_065410163.1#EBF1
EBF1	XM_065410162.1#EBF1
EBF1	XM_065410161.1#EBF1
EBF1	XM_065410171.1#EBF1
EBF1	XM_065410160.1#EBF1
RNF145	XM_065409325.1#RNF145
UBLCP1	XM_065409454.1#UBLCP1
LOC135882734	XM_065409737.1#LOC135882734
LOC135882060	XM_065408816.1#LOC135882060
LOC135882087	XM_065408862.1#LOC135882087
LOC135882086	XM_065408861.1#LOC135882086
LOC135882088	XM_065408863.1#LOC135882088
LOC135882085	XM_065408860.1#LOC135882085
LOC135882526	XM_065409459.1#LOC135882526
LOC135882123	XM_065408918.1#LOC135882123
LOC135882125	XM_065408922.1#LOC135882125
SPINK1	XM_065408884.1#SPINK1
HRH2	XM_065410046.1#HRH2
CPLX2	XM_065410091.1#CPLX2
THOC3	XM_065409344.1#THOC3
SIMC1	XM_065409433.1#SIMC1
KIAA1191	XM_065409180.1#KIAA1191
ARL10	XM_065410127.1#ARL10
NOP16	XM_065409181.1#NOP16
HIGD2A	XM_065409728.1#HIGD2A
CLTB	XM_065409381.1#CLTB
CLTB	XM_065409379.1#CLTB
FAF2	XM_065409255.1#FAF2
RNF44	XM_065409468.1#RNF44
CDHR2	XM_065409805.1#CDHR2
LOC135882297	XM_065409161.1#LOC135882297
SNCB	XM_065409649.1#SNCB
SNCB	XM_065409650.1#SNCB
SNCB	XM_065409648.1#SNCB
EIF4E1B	XM_065409586.1#EIF4E1B
EIF4E1B	XM_065409585.1#EIF4E1B
UNC5A	XM_065409444.1#UNC5A
HK3	XM_065409442.1#HK3
UIMC1	XM_065409596.1#UIMC1
ZNF346	XM_065409311.1#ZNF346
ZNF346	XM_065409312.1#ZNF346
FGFR4	XM_065409363.1#FGFR4
NSD1	XM_065409817.1#NSD1
RAB24	XM_065409366.1#RAB24
PRELID1	XM_065409479.1#PRELID1
LOC135882822	XM_065409848.1#LOC135882822
FAM193B	XM_065409797.1#FAM193B
DDX41	XM_065409422.1#DDX41
DOK3	XM_065409811.1#DOK3
PDLIM7	XM_065408966.1#PDLIM7
DBN1	XM_065409610.1#DBN1
PRR7	XM_065410224.1#PRR7
GRK6	XM_065410012.1#GRK6
F12	XM_065409831.1#F12
LOC135882831	XM_065409860.1#LOC135882831
RGS14	XM_065409574.1#RGS14
LOC135882861	XM_065409891.1#LOC135882861
LMAN2	XM_065408924.1#LMAN2
LMAN2	XM_065408923.1#LMAN2
TMED9	XM_065408925.1#TMED9
B4GALT7	XM_065409455.1#B4GALT7
N4BP3	XM_065410082.1#N4BP3
RMND5B	XM_065409122.1#RMND5B
RMND5B	XM_065409123.1#RMND5B
NHP2	XM_065409332.1#NHP2
BRD8	XM_065409307.1#BRD8
KIF20A	XM_065409826.1#KIF20A
CDC23	XM_065409310.1#CDC23
GFRA3	XM_065410121.1#GFRA3
CDC25C	XM_065409785.1#CDC25C
LOC135882996	XM_065410021.1#LOC135882996
FAM53C	XM_065410103.1#FAM53C
LOC135882077	XM_065408850.1#LOC135882077
LOC135882077	XM_065408848.1#LOC135882077
LOC135882077	XM_065408849.1#LOC135882077
LOC135882077	XM_065408852.1#LOC135882077
LOC135882077	XM_065408846.1#LOC135882077
LOC135882077	XM_065408851.1#LOC135882077
LOC135882077	XM_065408847.1#LOC135882077
KDM3B	XM_065409234.1#KDM3B
REEP2	XM_065409491.1#REEP2
REEP2	XM_065409492.1#REEP2
EGR1	XM_065409853.1#EGR1
GCNA	XM_065411459.1#GCNA
OGT	XM_065411116.1#OGT
OGT	XM_065411117.1#OGT
OGT	XM_065411114.1#OGT
TAF1	XM_065410457.1#TAF1
TAF1	XM_065410455.1#TAF1
LOC135883231	XM_065410243.1#LOC135883231
LOC135883231	XM_065410242.1#LOC135883231
ITGB1BP2	XM_065410896.1#ITGB1BP2
LOC135883903	XM_065411171.1#LOC135883903
NONO	XM_065410374.1#NONO
NONO	XM_065410373.1#NONO
ZMYM3	XM_065411334.1#ZMYM3
LOC135883578	XM_065410779.1#LOC135883578
GJB1	XM_065410879.1#GJB1
NLGN3	XM_065410482.1#NLGN3
NLGN3	XM_065410481.1#NLGN3
NLGN3	XM_065410480.1#NLGN3
MED12	XM_065410898.1#MED12
IL2RG	XM_065410995.1#IL2RG
C9HXorf65	XM_065410899.1#C9HXorf65
LOC135883593	XM_065410802.1#LOC135883593
FOXO4	XM_065411326.1#FOXO4
FOXO4	XM_065411327.1#FOXO4
SNX12	XM_065411328.1#SNX12
LOC135883390	XM_065410465.1#LOC135883390
SLC7A3	XM_065410466.1#SLC7A3
LOC135883395	XM_065410472.1#LOC135883395
LOC135883395	XM_065410471.1#LOC135883395
TEX11	XM_065411101.1#TEX11
DLG3	XM_065411040.1#DLG3
DLG3	XM_065411044.1#DLG3
DLG3	XM_065411043.1#DLG3
DLG3	XM_065411042.1#DLG3
DLG3	XM_065411041.1#DLG3
GDPD2	XM_065411174.1#GDPD2
HTR2C	XM_065411062.1#HTR2C
IL13RA2	XM_065411144.1#IL13RA2
LRCH2	XM_065410790.1#LRCH2
LOC135883586	XM_065410791.1#LOC135883586
PLS3	XM_065410342.1#PLS3
LOC135883367	XM_065410433.1#LOC135883367
AGTR2	XM_065411285.1#AGTR2
SLC6A14	XM_065410827.1#SLC6A14
LOC135883334	XM_065410386.1#LOC135883334
KLHL13	XM_065410792.1#KLHL13
KLHL13	XM_065410795.1#KLHL13
KLHL13	XM_065410794.1#KLHL13
KLHL13	XM_065410793.1#KLHL13
WDR44	XM_065410903.1#WDR44
DOCK11	XM_065410821.1#DOCK11
IL13RA1	XM_065411466.1#IL13RA1
STK26	XM_065410252.1#STK26
FRMD7	XM_065411261.1#FRMD7
RAP2C	XM_065410506.1#RAP2C
MBNL3	XM_065411193.1#MBNL3
MBNL3	XM_065411191.1#MBNL3
MBNL3	XM_065411194.1#MBNL3
HS6ST2	XM_065411061.1#HS6ST2
GPC4	XM_065410961.1#GPC4
GPC3	XM_065411009.1#GPC3
CCDC160	XM_065410287.1#CCDC160
PHF6	XM_065410592.1#PHF6
PHF6	XM_065410590.1#PHF6
PHF6	XM_065410591.1#PHF6
HPRT1	XM_065411239.1#HPRT1
PABIR2	XM_065410626.1#PABIR2
LOC135883293	XM_065410327.1#LOC135883293
MOSPD1	XM_065410705.1#MOSPD1
LOC135883470	XM_065410597.1#LOC135883470
LOC135883470	XM_065410598.1#LOC135883470
LOC135883470	XM_065410599.1#LOC135883470
LOC135883470	XM_065410601.1#LOC135883470
LOC135883470	XM_065410602.1#LOC135883470
MMGT1	XM_065410803.1#MMGT1
SLC9A6	XM_065410338.1#SLC9A6
FHL1	XM_065410888.1#FHL1
MAP7D3	XM_065410848.1#MAP7D3
BRS3	XM_065411236.1#BRS3
HTATSF1	XM_065411280.1#HTATSF1
VGLL1	XM_065410905.1#VGLL1
LOC135883559	XM_065410754.1#LOC135883559
CD40LG	XM_065410866.1#CD40LG
ARHGEF6	XM_065410379.1#ARHGEF6
ARHGEF6	XM_065410378.1#ARHGEF6
RBMX	XM_065410238.1#RBMX
RBMX	XM_065410237.1#RBMX
LOC135883670	XM_065410906.1#LOC135883670
LOC135883986	XM_065411263.1#LOC135883986
ZIC3	XM_065410780.1#ZIC3
FGF13	XM_065410808.1#FGF13
FGF13	XM_065410807.1#FGF13
LOC135883544	XM_065410730.1#LOC135883544
LOC135883630	XM_065410851.1#LOC135883630
MCF2	XM_065410524.1#MCF2
ATP11C	XM_065410764.1#ATP11C
SOX3	XM_065410577.1#SOX3
SLITRK4	XM_065411038.1#SLITRK4
SLITRK4	XM_065411037.1#SLITRK4
SLITRK2	XM_065410977.1#SLITRK2
FMR1	XM_065410415.1#FMR1
FMR1NB	XM_065410908.1#FMR1NB
AFF2	XM_065410909.1#AFF2
IDS	XM_065411026.1#IDS
TMEM185A	XM_065410376.1#TMEM185A
LOC135883328	XM_065410375.1#LOC135883328
LOC135883774	XM_065411019.1#LOC135883774
MAMLD1	XM_065410910.1#MAMLD1
MTM1	XM_065410450.1#MTM1
MTMR1	XM_065410258.1#MTMR1
CD99L2	XM_065410911.1#CD99L2
HMGB3	XM_065410336.1#HMGB3
GPR50	XM_065410918.1#GPR50
VMA21	XM_065410593.1#VMA21
PASD1	XM_065411187.1#PASD1
TBC1D8B	XM_065411186.1#TBC1D8B
RNF128	XM_065410733.1#RNF128
RNF128	XM_065410732.1#RNF128
RADX	XM_065410612.1#RADX
NRK	XM_065410871.1#NRK
IL1RAPL2	XM_065411176.1#IL1RAPL2
ESX1	XM_065410913.1#ESX1
FAM199X	XM_065411073.1#FAM199X
COMMD5	XM_065410956.1#COMMD5
LONRF3	XM_065410463.1#LONRF3
KIAA1210	XM_065410914.1#KIAA1210
PGRMC1	XM_065410451.1#PGRMC1
PGRMC1	XM_065410452.1#PGRMC1
LOC135883725	XM_065410963.1#LOC135883725
SLC25A43	XM_065410904.1#SLC25A43
SLC25A5	XM_065410337.1#SLC25A5
STEEP1	XM_065410829.1#STEEP1
STEEP1	XM_065410828.1#STEEP1
UBE2A	XM_065410468.1#UBE2A
NKRF	XM_065410822.1#NKRF
SEPTIN6	XM_065411283.1#SEPTIN6
SOWAHD	XM_065410265.1#SOWAHD
RPL39	XM_065410804.1#RPL39
UPF3B	XM_065410426.1#UPF3B
NDUFA1	XM_065410962.1#NDUFA1
LOC135884155	XM_065411447.1#LOC135884155
NKAP	XM_065410574.1#NKAP
ZBTB33	XM_065410782.1#ZBTB33
TMEM255A	XM_065410784.1#TMEM255A
TMEM255A	XM_065410785.1#TMEM255A
ATP1B4	XM_065411221.1#ATP1B4
LAMP2	XM_065410408.1#LAMP2
CUL4B	XM_065410248.1#CUL4B
MCTS1	XM_065410329.1#MCTS1
C1GALT1C1	XM_065410799.1#C1GALT1C1
GRIA3	XM_065410618.1#GRIA3
GRIA3	XM_065410619.1#GRIA3
THOC2	XM_065410718.1#THOC2
XIAP	XM_065411107.1#XIAP
STAG2	XM_065411203.1#STAG2
SH2D1A	XM_065411223.1#SH2D1A
SH2D1A	XM_065411222.1#SH2D1A
TENM1	XM_065411098.1#TENM1
TENM1	XM_065411097.1#TENM1
TENM1	XM_065411096.1#TENM1
TENM1	XM_065411095.1#TENM1
SMARCA1	XM_065411231.1#SMARCA1
GAB3	XM_065410579.1#GAB3
GAB3	XM_065410578.1#GAB3
LOC135883982	XM_065411258.1#LOC135883982
VBP1	XM_065410576.1#VBP1
RAB39B	XM_065410983.1#RAB39B
LOC135883611	XM_065410825.1#LOC135883611
VSIG1	XM_065411202.1#VSIG1
PSMD10	XM_065410460.1#PSMD10
ATG4A	XM_065410250.1#ATG4A
ATG4A	XM_065410251.1#ATG4A
LOC135883685	XM_065410919.1#LOC135883685
COL4A5	XM_065410920.1#COL4A5
IRS4	XM_065410462.1#IRS4
NXT2	XM_065410335.1#NXT2
KCNE5	XM_065410922.1#KCNE5
ACSL4	XM_065410884.1#ACSL4
TMEM164	XM_065411195.1#TMEM164
TMEM164	XM_065411196.1#TMEM164
AMMECR1	XM_065410360.1#AMMECR1
AMMECR1	XM_065410359.1#AMMECR1
CHRDL1	XM_065411126.1#CHRDL1
CHRDL1	XM_065411125.1#CHRDL1
CHRDL1	XM_065411123.1#CHRDL1
CHRDL1	XM_065411122.1#CHRDL1
CHRDL1	XM_065411121.1#CHRDL1
PAK3	XM_065410323.1#PAK3
PAK3	XM_065410320.1#PAK3
PAK3	XM_065410322.1#PAK3
CAPN6	XM_065410907.1#CAPN6
DCX	XM_065411013.1#DCX
DCX	XM_065411012.1#DCX
DCX	XM_065411011.1#DCX
DCX	XM_065411010.1#DCX
SERTM2	XM_065410358.1#SERTM2
ALG13	XM_065410924.1#ALG13
TRPC5	XM_065410760.1#TRPC5
LHFPL1	XM_065411281.1#LHFPL1
AMOT	XM_065410877.1#AMOT
PGK1	XM_065411361.1#PGK1
ATP7A	XM_065410981.1#ATP7A
LOC135883721	XM_065410960.1#LOC135883721
MAGT1	XM_065410757.1#MAGT1
ATRX	XM_065410527.1#ATRX
FGF16	XM_065411063.1#FGF16
ZDHHC15	XM_065410892.1#ZDHHC15
ZDHHC15	XM_065410891.1#ZDHHC15
UPRT	XM_065411021.1#UPRT
ABCB7	XM_065410434.1#ABCB7
NEXMIF	XM_065410257.1#NEXMIF
RLIM	XM_065410715.1#RLIM
SLC16A2	XM_065411128.1#SLC16A2
LOC135883835	XM_065411090.1#LOC135883835
LOC135883876	XM_065411142.1#LOC135883876
LOC135883682	XM_065410917.1#LOC135883682
LOC135883975	XM_065411251.1#LOC135883975
LOC135883883	XM_065411149.1#LOC135883883
LOC135883726	XM_065410964.1#LOC135883726
CHIC1	XM_065410531.1#CHIC1
CDX4	XM_065411099.1#CDX4
LOC135883836	XM_065411091.1#LOC135883836
LOC135883545	XM_065410731.1#LOC135883545
ARHGEF9	XM_065410528.1#ARHGEF9
ARHGEF9	XM_065410529.1#ARHGEF9
ARHGEF9	XM_065410530.1#ARHGEF9
LOC135883496	XM_065410641.1#LOC135883496
AMER1	XM_065411333.1#AMER1
ASB12	XM_065410674.1#ASB12
MTMR8	XM_065410673.1#MTMR8
LOC135883696	XM_065410930.1#LOC135883696
C9H8orf48	XM_065411317.1#C9H8orf48
ZC4H2	XM_065411237.1#ZC4H2
ZC3H12B	XM_065411160.1#ZC3H12B
LAS1L	XM_065410722.1#LAS1L
LOC135883270	XM_065410291.1#LOC135883270
MSN	XM_065411108.1#MSN
MSN	XM_065411109.1#MSN
LOC135883957	XM_065411233.1#LOC135883957
LOC135883988	XM_065411265.1#LOC135883988
LOC135884050	XM_065411342.1#LOC135884050
VSIG4	XM_065411248.1#VSIG4
LOC135883420	XM_065410523.1#LOC135883420
HEPH	XM_065410537.1#HEPH
LOC135883901	XM_065411168.1#LOC135883901
LOC135883830	XM_065411086.1#LOC135883830
EDA2R	XM_065410931.1#EDA2R
AR	XM_065410304.1#AR
OPHN1	XM_065411323.1#OPHN1
YIPF6	XM_065411103.1#YIPF6
STARD8	XM_065410467.1#STARD8
LOC135883699	XM_065410934.1#LOC135883699
EFNB1	XM_065411156.1#EFNB1
NALF2	XM_065411322.1#NALF2
EDA	XM_065411279.1#EDA
LOC135883658	XM_065410894.1#LOC135883658
LOC135883658	XM_065410895.1#LOC135883658
LOC135883715	XM_065410952.1#LOC135883715
IGBP1	XM_065410370.1#IGBP1
IGBP1	XM_065410372.1#IGBP1
LOC135883370	XM_065410436.1#LOC135883370
P2RY4	XM_065410435.1#P2RY4
LOC135883886	XM_065411153.1#LOC135883886
ARR3	XM_065410459.1#ARR3
RAB41	XM_065410311.1#RAB41
RAB41	XM_065410310.1#RAB41
RAB41	XM_065410312.1#RAB41
RAB41	XM_065410313.1#RAB41
LOC135883772	XM_065411017.1#LOC135883772
PDZD11	XM_065410691.1#PDZD11
PDZD11	XM_065410690.1#PDZD11
KIF4A	XM_065410748.1#KIF4A
LOC135883701	XM_065410936.1#LOC135883701
TAF9B	XM_065411045.1#TAF9B
LOC135883702	XM_065410937.1#LOC135883702
LOC135883414	XM_065410513.1#LOC135883414
CYSLTR1	XM_065411289.1#CYSLTR1
LPAR4	XM_065411216.1#LPAR4
P2RY10	XM_065411133.1#P2RY10
LOC135883770	XM_065411014.1#LOC135883770
GPR174	XM_065411199.1#GPR174
ITM2A	XM_065411255.1#ITM2A
TBX22	XM_065411140.1#TBX22
CHMP1B	XM_065410391.1#CHMP1B
TENT5D	XM_065411155.1#TENT5D
LOC135883365	XM_065410431.1#LOC135883365
BRWD3	XM_065411275.1#BRWD3
HMGN5	XM_065410840.1#HMGN5
SH3BGRL	XM_065410768.1#SH3BGRL
LOC135883848	XM_065411106.1#LOC135883848
LOC135883705	XM_065410941.1#LOC135883705
LOC135883706	XM_065410942.1#LOC135883706
LOC135883978	XM_065411254.1#LOC135883978
POU3F4	XM_065410975.1#POU3F4
RPS6KA6	XM_065410422.1#RPS6KA6
HDX	XM_065411143.1#HDX
LOC135883552	XM_065410741.1#LOC135883552
LOC135883552	XM_065410742.1#LOC135883552
LOC135883552	XM_065410744.1#LOC135883552
APOOL	XM_065411018.1#APOOL
SATL1	XM_065410943.1#SATL1
ZNF711	XM_065410315.1#ZNF711
ZNF711	XM_065410317.1#ZNF711
POF1B	XM_065411214.1#POF1B
CHM	XM_065410805.1#CHM
DACH2	XM_065410944.1#DACH2
KLHL4	XM_065410820.1#KLHL4
PCDH11X	XM_065410330.1#PCDH11X
PCDH11X	XM_065410331.1#PCDH11X
DIAPH2	XM_065411177.1#DIAPH2
PCDH19	XM_065410928.1#PCDH19
PCDH19	XM_065410927.1#PCDH19
TNMD	XM_065411354.1#TNMD
TSPAN6	XM_065410719.1#TSPAN6
SRPX2	XM_065411002.1#SRPX2
SYTL4	XM_065410971.1#SYTL4
TRMT12	XM_065410935.1#TRMT12
CSTF2	XM_065410458.1#CSTF2
NOX1	XM_065410788.1#NOX1
NOX1	XM_065410789.1#NOX1
NOX1	XM_065410786.1#NOX1
XKRX	XM_065410897.1#XKRX
TRMT2B	XM_065411015.1#TRMT2B
TMEM35A	XM_065411257.1#TMEM35A
CENPI	XM_065411070.1#CENPI
DRP2	XM_065410505.1#DRP2
LOC135883802	XM_065411057.1#LOC135883802
TAF7L	XM_065410640.1#TAF7L
TAF7L	XM_065410638.1#TAF7L
TAF7L	XM_065410639.1#TAF7L
LOC135884047	XM_065411339.1#LOC135884047
TIMM8A	XM_065410797.1#TIMM8A
BTK	XM_065411337.1#BTK
RPL36A	XM_065410724.1#RPL36A
GLA	XM_065410536.1#GLA
LOC135883733	XM_065410972.1#LOC135883733
PLP1	XM_065411377.1#PLP1
RAB9B	XM_065411179.1#RAB9B
LOC135883638	XM_065410863.1#LOC135883638
LOC135883638	XM_065410864.1#LOC135883638
SLC25A53	XM_065410261.1#SLC25A53
PRPS1	XM_065410292.1#PRPS1
PRPS1	XM_065410294.1#PRPS1
PRPS1	XM_065410293.1#PRPS1
PRPS1	XM_065410295.1#PRPS1
FRMPD3	XM_065411031.1#FRMPD3
DNAAF6	XM_065411225.1#DNAAF6
NUP62CL	XM_065410487.1#NUP62CL
LOC135883385	XM_065410461.1#LOC135883385
CLDN2	XM_065411325.1#CLDN2
RIPPLY1	XM_065410268.1#RIPPLY1
PRRG3	XM_065411378.1#PRRG3
LOC135883543	XM_065410729.1#LOC135883543
LOC135883543	XM_065410728.1#LOC135883543
CNGA2	XM_065410950.1#CNGA2
GABRE	XM_065411007.1#GABRE
GABRA3	XM_065411006.1#GABRA3
GABRQ	XM_065410588.1#GABRQ
LOC135884059	XM_065411353.1#LOC135884059
LOC135884162	XM_065411455.1#LOC135884162
LOC135883394	XM_065410470.1#LOC135883394
LOC135883394	XM_065410469.1#LOC135883394
LOC135884083	XM_065411379.1#LOC135884083
LOC135883828	XM_065411083.1#LOC135883828
LOC135883503	XM_065410668.1#LOC135883503
LOC135884026	XM_065411316.1#LOC135884026
KLF8	XM_065410394.1#KLF8
KLF8	XM_065410395.1#KLF8
LOC135883341	XM_065410393.1#LOC135883341
LOC135883736	XM_065410976.1#LOC135883736
LOC135883718	XM_065410957.1#LOC135883718
GLOD5	XM_065411319.1#GLOD5
LOC135884085	XM_065411380.1#LOC135884085
LOC135884086	XM_065411381.1#LOC135884086
LOC135883900	XM_065411167.1#LOC135883900
LOC135883629	XM_065410850.1#LOC135883629
LOC135883629	XM_065410849.1#LOC135883629
ARHGAP36	XM_065411382.1#ARHGAP36
ENOX2	XM_065410746.1#ENOX2
GPR119	XM_065410247.1#GPR119
SLC25A14	XM_065410761.1#SLC25A14
RBMX2	XM_065410621.1#RBMX2
RAB33A	XM_065411034.1#RAB33A
MARS2	XM_065410951.1#MARS2
AIFM1	XM_065410504.1#AIFM1
ELF4	XM_065411217.1#ELF4
BCORL1	XM_065410453.1#BCORL1
UTP14A	XM_065410878.1#UTP14A
ZDHHC9	XM_065410838.1#ZDHHC9
SASH3	XM_065411148.1#SASH3
XPNPEP2	XM_065410980.1#XPNPEP2
APLN	XM_065411141.1#APLN
OCRL	XM_065410334.1#OCRL
ERCC6L	XM_065411266.1#ERCC6L
PIN4	XM_065411060.1#PIN4
PIN4	XM_065411059.1#PIN4
NHSL2	XM_065411228.1#NHSL2
LOC135884088	XM_065411384.1#LOC135884088
MID2	XM_065410886.1#MID2
MID2	XM_065410885.1#MID2
TSC22D3	XM_065410502.1#TSC22D3
TSC22D3	XM_065410503.1#TSC22D3
LOC135884089	XM_065411385.1#LOC135884089
LOC135884090	XM_065411386.1#LOC135884090
RPS4X	XM_065411226.1#RPS4X
CITED1	XM_065411344.1#CITED1
LOC135883473	XM_065410608.1#LOC135883473
HDAC8	XM_065410948.1#HDAC8
PHKA1	XM_065410307.1#PHKA1
LEAP2	XM_065410390.1#LEAP2
BMP15	XM_065411387.1#BMP15
SHROOM4	XM_065411161.1#SHROOM4
LOC135883446	XM_065410561.1#LOC135883446
CCNB3	XM_065411220.1#CCNB3
LOC135884072	XM_065411365.1#LOC135884072
CLIC2	XM_065410852.1#CLIC2
FAAH2	XM_065411213.1#FAAH2
LOC135884158	XM_065411451.1#LOC135884158
BRCC3	XM_065411366.1#BRCC3
CMC4	XM_065411029.1#CMC4
CMC4	XM_065411030.1#CMC4
MTCP1	XM_065411028.1#MTCP1
FUNDC2	XM_065410629.1#FUNDC2
F8	XM_065410755.1#F8
MPP1	XM_065410773.1#MPP1
MPP1	XM_065410776.1#MPP1
MPP1	XM_065410774.1#MPP1
DKC1	XM_065410769.1#DKC1
DKC1	XM_065410770.1#DKC1
DKC1	XM_065410772.1#DKC1
LOC135883319	XM_065410362.1#LOC135883319
LOC135883242	XM_065410255.1#LOC135883242
TMLHE	XM_065411065.1#TMLHE
SPRY3	XM_065411282.1#SPRY3
LOC135883864	XM_065411130.1#LOC135883864
LOC135883616	XM_065410831.1#LOC135883616
LOC135883863	XM_065411129.1#LOC135883863
VAMP7	XM_065410478.1#VAMP7
VAMP7	XM_065410479.1#VAMP7
LOC135883542	XM_065410727.1#LOC135883542
LOC135883542	XM_065410726.1#LOC135883542
ZNF185	XM_065411332.1#ZNF185
NSDHL	XM_065410854.1#NSDHL
NSDHL	XM_065410855.1#NSDHL
NSDHL	XM_065410853.1#NSDHL
CETN2	XM_065410273.1#CETN2
CETN2	XM_065410274.1#CETN2
AIRE	XM_065411390.1#AIRE
LOC135883430	XM_065410535.1#LOC135883430
SCLY	XM_065410534.1#SCLY
ESPNL	XM_065411391.1#ESPNL
KLHL30	XM_065411209.1#KLHL30
ERFE	XM_065410413.1#ERFE
ILKAP	XM_065410412.1#ILKAP
KIF1A	XM_065410667.1#KIF1A
KIF1A	XM_065410666.1#KIF1A
KIF1A	XM_065410665.1#KIF1A
KIF1A	XM_065410664.1#KIF1A
KIF1A	XM_065410654.1#KIF1A
KIF1A	XM_065410653.1#KIF1A
KIF1A	XM_065410652.1#KIF1A
KIF1A	XM_065410659.1#KIF1A
KIF1A	XM_065410658.1#KIF1A
KIF1A	XM_065410663.1#KIF1A
KIF1A	XM_065410661.1#KIF1A
KIF1A	XM_065410660.1#KIF1A
KIF1A	XM_065410651.1#KIF1A
KIF1A	XM_065410657.1#KIF1A
KIF1A	XM_065410656.1#KIF1A
KIF1A	XM_065410655.1#KIF1A
KIF1A	XM_065410650.1#KIF1A
LOC135884049	XM_065411341.1#LOC135884049
AGXT	XM_065411166.1#AGXT
MAB21L4	XM_065411306.1#MAB21L4
CROCC2	XM_065411392.1#CROCC2
SNED1	XM_065410982.1#SNED1
MTERF4	XM_065411025.1#MTERF4
PASK	XM_065410915.1#PASK
PPP1R7	XM_065410476.1#PPP1R7
PPP1R7	XM_065410473.1#PPP1R7
PPP1R7	XM_065410474.1#PPP1R7
PPP1R7	XM_065410475.1#PPP1R7
ANO7	XM_065410233.1#ANO7
HDLBP	XM_065410232.1#HDLBP
SEPTIN2	XM_065411253.1#SEPTIN2
FARP2	XM_065411292.1#FARP2
STK25	XM_065410264.1#STK25
BOK	XM_065410890.1#BOK
BOK	XM_065410889.1#BOK
THAP4	XM_065410902.1#THAP4
ATG4B	XM_065411136.1#ATG4B
DTYMK	XM_065411137.1#DTYMK
ING5	XM_065410325.1#ING5
ING5	XM_065410324.1#ING5
D2HGDH	XM_065410973.1#D2HGDH
GAL3ST2	XM_065411394.1#GAL3ST2
NEU4	XM_065411395.1#NEU4
TM4SF19	XM_065411336.1#TM4SF19
UBXN7	XM_065411134.1#UBXN7
RNF168	XM_065410428.1#RNF168
RNF168	XM_065410427.1#RNF168
SMCO1	XM_065411364.1#SMCO1
WDR53	XM_065410880.1#WDR53
FBXO45	XM_065410464.1#FBXO45
NRROS	XM_065411163.1#NRROS
CEP19	XM_065411262.1#CEP19
PIGX	XM_065410979.1#PIGX
PAK2	XM_065410275.1#PAK2
LOC135883995	XM_065411273.1#LOC135883995
LOC135884101	XM_065411396.1#LOC135884101
LOC135884102	XM_065411397.1#LOC135884102
RAB6B	XM_065410954.1#RAB6B
RAB6B	XM_065410953.1#RAB6B
SLCO2A1	XM_065411033.1#SLCO2A1
RYK	XM_065410765.1#RYK
AMOTL2	XM_065410929.1#AMOTL2
ANAPC13	XM_065410734.1#ANAPC13
ANAPC13	XM_065410735.1#ANAPC13
CEP63	XM_065410262.1#CEP63
KY	XM_065411206.1#KY
EPHB1	XM_065410514.1#EPHB1
LOC135883797	XM_065411049.1#LOC135883797
LOC135884009	XM_065411288.1#LOC135884009
LOC135884015	XM_065411293.1#LOC135884015
DZIP1L	XM_065411189.1#DZIP1L
CLDN18	XM_065411240.1#CLDN18
SOX14	XM_065410525.1#SOX14
CRYGS	XM_065410424.1#CRYGS
TBCCD1	XM_065410423.1#TBCCD1
DNAJB11	XM_065410819.1#DNAJB11
PROCR	XM_065410246.1#PROCR
PFKL	XM_065411023.1#PFKL
PFKL	XM_065411024.1#PFKL
CFAP410	XM_065410630.1#CFAP410
TRPM2	XM_065411388.1#TRPM2
TRPM2	XM_065411389.1#TRPM2
LRRC3	XM_065411234.1#LRRC3
TSPEAR	XM_065411247.1#TSPEAR
UBE2G2	XM_065410389.1#UBE2G2
UBE2G2	XM_065410388.1#UBE2G2
LOC135883412	XM_065410511.1#LOC135883412
PTTG1IP	XM_065410387.1#PTTG1IP
DGKG	XM_065410350.1#DGKG
DGKG	XM_065410351.1#DGKG
DGKG	XM_065410352.1#DGKG
ETV5	XM_065411347.1#ETV5
ETV5	XM_065411348.1#ETV5
ETV5	XM_065411350.1#ETV5
LOC135883325	XM_065410369.1#LOC135883325
IGF2BP2	XM_065410382.1#IGF2BP2
IGF2BP2	XM_065410380.1#IGF2BP2
IGF2BP2	XM_065410381.1#IGF2BP2
SENP2	XM_065410409.1#SENP2
SENP2	XM_065410410.1#SENP2
SENP2	XM_065410411.1#SENP2
LIPH	XM_065411398.1#LIPH
TMEM41A	XM_065410813.1#TMEM41A
MAP3K13	XM_065410796.1#MAP3K13
EHHADH	XM_065411218.1#EHHADH
C9H3orf70	XM_065411102.1#C9H3orf70
VPS8	XM_065410354.1#VPS8
ARMC8	XM_065410557.1#ARMC8
ARMC8	XM_065410556.1#ARMC8
ARMC8	XM_065410555.1#ARMC8
DBR1	XM_065410512.1#DBR1
PPP2R3A	XM_065410883.1#PPP2R3A
PPP2R3A	XM_065410882.1#PPP2R3A
MSL2	XM_065410586.1#MSL2
PCCB	XM_065410758.1#PCCB
STAG1	XM_065411120.1#STAG1
SLC35G2	XM_065411197.1#SLC35G2
EFHD1	XM_065410823.1#EFHD1
GIGYF2	XM_065411184.1#GIGYF2
KCNJ13	XM_065411185.1#KCNJ13
SNORC	XM_065410267.1#SNORC
NGEF	XM_065411005.1#NGEF
NEU2	XM_065411399.1#NEU2
INPP5D	XM_065411400.1#INPP5D
ATG16L1	XM_065411369.1#ATG16L1
ATG16L1	XM_065411370.1#ATG16L1
ATG16L1	XM_065411371.1#ATG16L1
ATG16L1	XM_065411373.1#ATG16L1
SAG	XM_065410314.1#SAG
DGKD	XM_065411246.1#DGKD
LOC135883752	XM_065410994.1#LOC135883752
LOC135883999	XM_065411278.1#LOC135883999
IWS1	XM_065410695.1#IWS1
MYO7B	XM_065410298.1#MYO7B
LIMS2	XM_065410367.1#LIMS2
GPR17	XM_065411267.1#GPR17
SFT2D3	XM_065411357.1#SFT2D3
WDR33	XM_065410269.1#WDR33
WDR33	XM_065410270.1#WDR33
WDR33	XM_065410271.1#WDR33
POLR2D	XM_065410814.1#POLR2D
AMMECR1L	XM_065410636.1#AMMECR1L
SAP130	XM_065411305.1#SAP130
SAP130	XM_065411304.1#SAP130
SAP130	XM_065411303.1#SAP130
SAP130	XM_065411294.1#SAP130
SAP130	XM_065411302.1#SAP130
SAP130	XM_065411299.1#SAP130
SAP130	XM_065411298.1#SAP130
SAP130	XM_065411301.1#SAP130
SAP130	XM_065411296.1#SAP130
SAP130	XM_065411300.1#SAP130
SAP130	XM_065411297.1#SAP130
UGGT1	XM_065410286.1#UGGT1
HS6ST1	XM_065410925.1#HS6ST1
PLEKHB2	XM_065410642.1#PLEKHB2
PLEKHB2	XM_065410643.1#PLEKHB2
FAM168B	XM_065411054.1#FAM168B
FAM168B	XM_065411053.1#FAM168B
FAM168B	XM_065411055.1#FAM168B
ARHGEF4	XM_065410712.1#ARHGEF4
ARHGEF4	XM_065410711.1#ARHGEF4
ARHGEF4	XM_065410710.1#ARHGEF4
AMER3	XM_065411355.1#AMER3
GPR148	XM_065411401.1#GPR148
KLHL6	XM_065410632.1#KLHL6
KLHL24	XM_065410970.1#KLHL24
YEATS2	XM_065410945.1#YEATS2
MAP6D1	XM_065410245.1#MAP6D1
PARL	XM_065410564.1#PARL
LOC135883892	XM_065411159.1#LOC135883892
DUSP28	XM_065410254.1#DUSP28
ANKMY1	XM_065410806.1#ANKMY1
GPC1	XM_065410912.1#GPC1
LOC135883987	XM_065411264.1#LOC135883987
OTOS	XM_065410234.1#OTOS
COPS9	XM_065410432.1#COPS9
ADIPOQ	XM_065411212.1#ADIPOQ
ST6GAL1	XM_065410348.1#ST6GAL1
LOC135884110	XM_065411403.1#LOC135884110
LOC135883902	XM_065411169.1#LOC135883902
LOC135884160	XM_065411453.1#LOC135884160
LOC135884161	XM_065411454.1#LOC135884161
LOC135884111	XM_065411404.1#LOC135884111
LOC135883364	XM_065410429.1#LOC135883364
ITM2C	XM_065411127.1#ITM2C
CAB39	XM_065410266.1#CAB39
LOC135884157	XM_065411450.1#LOC135884157
LOC135883906	XM_065411175.1#LOC135883906
PER2	XM_065410241.1#PER2
LOC135884112	XM_065411405.1#LOC135884112
PIK3CB	XM_065410609.1#PIK3CB
PIK3CB	XM_065410611.1#PIK3CB
FOXL2	XM_065410965.1#FOXL2
MRPS22	XM_065410887.1#MRPS22
COPB2	XM_065410477.1#COPB2
RBP2	XM_065411138.1#RBP2
RBP1	XM_065411088.1#RBP1
NMNAT3	XM_065411165.1#NMNAT3
CLSTN2	XM_065411406.1#CLSTN2
TRIM42	XM_065411407.1#TRIM42
SPSB4	XM_065411307.1#SPSB4
SLC25A36	XM_065410753.1#SLC25A36
PXYLP1	XM_065411145.1#PXYLP1
EPHA4	XM_065410526.1#EPHA4
PAX3	XM_065410553.1#PAX3
PAX3	XM_065410554.1#PAX3
PAX3	XM_065410552.1#PAX3
PAX3	XM_065410551.1#PAX3
RNF228	XM_065410349.1#RNF228
SGPP2	XM_065411356.1#SGPP2
FARSB	XM_065411368.1#FARSB
MOGAT1	XM_065410938.1#MOGAT1
ACSL3	XM_065411367.1#ACSL3
KCNE4	XM_065411318.1#KCNE4
SCG2	XM_065411188.1#SCG2
AP1S3	XM_065411408.1#AP1S3
WDFY1	XM_065410967.1#WDFY1
SERPINE2	XM_065410875.1#SERPINE2
SERPINE2	XM_065410874.1#SERPINE2
FAM124B	XM_065411461.1#FAM124B
FAM124B	XM_065411460.1#FAM124B
CUL3	XM_065410563.1#CUL3
LOC135884118	XM_065411410.1#LOC135884118
CCDC195	XM_065411411.1#CCDC195
DOCK10	XM_065410867.1#DOCK10
DOCK10	XM_065410868.1#DOCK10
NYAP2	XM_065411227.1#NYAP2
IRS1	XM_065411085.1#IRS1
IRS1	XM_065411084.1#IRS1
RHBDD1	XM_065411000.1#RHBDD1
COL4A4	XM_065411412.1#COL4A4
LOC135884121	XM_065411413.1#LOC135884121
MFF	XM_065410699.1#MFF
MFF	XM_065410701.1#MFF
MFF	XM_065410703.1#MFF
MFF	XM_065410704.1#MFF
MFF	XM_065410700.1#MFF
MRPL44	XM_065410778.1#MRPL44
AGFG1	XM_065410276.1#AGFG1
AGFG1	XM_065410277.1#AGFG1
AGFG1	XM_065410278.1#AGFG1
AGFG1	XM_065410279.1#AGFG1
AGFG1	XM_065410280.1#AGFG1
AGFG1	XM_065410281.1#AGFG1
AGFG1	XM_065410282.1#AGFG1
SLC19A3	XM_065411100.1#SLC19A3
LOC135884040	XM_065411331.1#LOC135884040
LOC135884079	XM_065411375.1#LOC135884079
DAW1	XM_065411132.1#DAW1
SPHKAP	XM_065411414.1#SPHKAP
PID1	XM_065411180.1#PID1
PID1	XM_065411183.1#PID1
DNER	XM_065411069.1#DNER
TRIP12	XM_065411164.1#TRIP12
FBXO36	XM_065411415.1#FBXO36
SLC16A14	XM_065411308.1#SLC16A14
LOC135883251	XM_065410263.1#LOC135883251
LOC135884124	XM_065411416.1#LOC135884124
ZBTB38	XM_065411242.1#ZBTB38
RASA2	XM_065410634.1#RASA2
RASA2	XM_065410635.1#RASA2
RNF7	XM_065410696.1#RNF7
RNF7	XM_065410697.1#RNF7
GRK7	XM_065410826.1#GRK7
ATP1B3	XM_065410575.1#ATP1B3
TFDP2	XM_065410857.1#TFDP2
GK5	XM_065411152.1#GK5
XRN1	XM_065410510.1#XRN1
XRN1	XM_065410507.1#XRN1
ATR	XM_065410738.1#ATR
PLS1	XM_065410565.1#PLS1
TRPC1	XM_065410443.1#TRPC1
TRPC1	XM_065410444.1#TRPC1
TRPC1	XM_065410446.1#TRPC1
TRPC1	XM_065410447.1#TRPC1
TRPC1	XM_065410445.1#TRPC1
PCOLCE2	XM_065411036.1#PCOLCE2
PAQR9	XM_065411351.1#PAQR9
U2SURP	XM_065410416.1#U2SURP
CHST2	XM_065411112.1#CHST2
SLC9A9	XM_065410670.1#SLC9A9
SLC9A9	XM_065410671.1#SLC9A9
LOC135884156	XM_065411448.1#LOC135884156
DIPK2A	XM_065411215.1#DIPK2A
PLOD2	XM_065410540.1#PLOD2
PLSCR1	XM_065410617.1#PLSCR1
PLSCR1	XM_065410616.1#PLSCR1
PLSCR5	XM_065410996.1#PLSCR5
ZIC4	XM_065410781.1#ZIC4
LOC135883565	XM_065410759.1#LOC135883565
AGTR1	XM_065410547.1#AGTR1
AGTR1	XM_065410548.1#AGTR1
LOC135883486	XM_065410627.1#LOC135883486
LOC135883444	XM_065410559.1#LOC135883444
GYG1	XM_065410817.1#GYG1
HLTF	XM_065411417.1#HLTF
LOC135884127	XM_065411418.1#LOC135884127
LOC135883976	XM_065411252.1#LOC135883976
HPS3	XM_065411464.1#HPS3
CP	XM_065411465.1#CP
LOC135883831	XM_065411087.1#LOC135883831
LOC135884128	XM_065411419.1#LOC135884128
LOC135884129	XM_065411421.1#LOC135884129
TM4SF4	XM_065411119.1#TM4SF4
WWTR1	XM_065410993.1#WWTR1
COMMD2	XM_065410756.1#COMMD2
ANKUB1	XM_065411374.1#ANKUB1
RNF13	XM_065410332.1#RNF13
PFN2	XM_065411469.1#PFN2
PFN2	XM_065411467.1#PFN2
TSC22D2	XM_065410440.1#TSC22D2
SERP1	XM_065410585.1#SERP1
EIF2A	XM_065410539.1#EIF2A
SELENOT	XM_065410709.1#SELENOT
LOC135883289	XM_065410318.1#LOC135883289
ERICH6	XM_065410538.1#ERICH6
SIAH2	XM_065411050.1#SIAH2
MINDY4B	XM_065411422.1#MINDY4B
CLRN1	XM_065411315.1#CLRN1
MED12L	XM_065411423.1#MED12L
GPR171	XM_065411079.1#GPR171
P2RY14	XM_065411078.1#P2RY14
GPR87	XM_065411075.1#GPR87
P2RY13	XM_065411076.1#P2RY13
P2RY12	XM_065411077.1#P2RY12
IGSF10	XM_065411244.1#IGSF10
AADAC	XM_065411131.1#AADAC
SUCNR1	XM_065411362.1#SUCNR1
MBNL1	XM_065410401.1#MBNL1
MBNL1	XM_065410400.1#MBNL1
MBNL1	XM_065410403.1#MBNL1
MBNL1	XM_065410397.1#MBNL1
MBNL1	XM_065410398.1#MBNL1
MBNL1	XM_065410399.1#MBNL1
MBNL1	XM_065410402.1#MBNL1
P2RY1	XM_065411046.1#P2RY1
RAP2B	XM_065410303.1#RAP2B
ARHGEF26	XM_065410870.1#ARHGEF26
LOC135883625	XM_065410845.1#LOC135883625
DHX36	XM_065411424.1#DHX36
GPR149	XM_065411456.1#GPR149
MME	XM_065410933.1#MME
STRIT1	XM_065410417.1#STRIT1
PLCH1	XM_065410844.1#PLCH1
PLCH1	XM_065410843.1#PLCH1
PLCH1	XM_065410842.1#PLCH1
C9H3orf33	XM_065410740.1#C9H3orf33
SLC33A1	XM_065411210.1#SLC33A1
GMPS	XM_065410777.1#GMPS
LOC135884133	XM_065411425.1#LOC135884133
KCNAB1	XM_065410541.1#KCNAB1
KCNAB1	XM_065410545.1#KCNAB1
KCNAB1	XM_065410542.1#KCNAB1
KCNAB1	XM_065410543.1#KCNAB1
KCNAB1	XM_065410546.1#KCNAB1
SSR3	XM_065410284.1#SSR3
TIPARP	XM_065410959.1#TIPARP
LEKR1	XM_065411426.1#LEKR1
CCNL1	XM_065410628.1#CCNL1
VEPH1	XM_065411151.1#VEPH1
VEPH1	XM_065411150.1#VEPH1
PTX3	XM_065411321.1#PTX3
LOC135883619	XM_065410834.1#LOC135883619
LOC135883619	XM_065410835.1#LOC135883619
LOC135883619	XM_065410833.1#LOC135883619
LOC135883619	XM_065410837.1#LOC135883619
SHOX2	XM_065411173.1#SHOX2
SHOX2	XM_065411172.1#SHOX2
RSRC1	XM_065410692.1#RSRC1
MLF1	XM_065410830.1#MLF1
GFM1	XM_065410364.1#GFM1
LXN	XM_065410365.1#LXN
RARRES1	XM_065411051.1#RARRES1
MFSD1	XM_065410751.1#MFSD1
MFSD1	XM_065410752.1#MFSD1
LOC135884135	XM_065411427.1#LOC135884135
SCHIP1	XM_065410681.1#SCHIP1
SCHIP1	XM_065410685.1#SCHIP1
SCHIP1	XM_065410680.1#SCHIP1
SCHIP1	XM_065410683.1#SCHIP1
SCHIP1	XM_065410687.1#SCHIP1
SCHIP1	XM_065410684.1#SCHIP1
SCHIP1	XM_065410686.1#SCHIP1
IL12A	XM_065411428.1#IL12A
LOC135884070	XM_065411363.1#LOC135884070
C9H3orf80	XM_065410288.1#C9H3orf80
IFT80	XM_065410998.1#IFT80
SMC4	XM_065410309.1#SMC4
TRIM59	XM_065411343.1#TRIM59
KPNA4	XM_065411277.1#KPNA4
ARL14	XM_065411154.1#ARL14
B3GALNT1	XM_065410519.1#B3GALNT1
B3GALNT1	XM_065410520.1#B3GALNT1
B3GALNT1	XM_065410516.1#B3GALNT1
B3GALNT1	XM_065410518.1#B3GALNT1
B3GALNT1	XM_065410517.1#B3GALNT1
PPM1L	XM_065410522.1#PPM1L
NMD3	XM_065410560.1#NMD3
SPTSSB	XM_065411287.1#SPTSSB
OTOL1	XM_065411429.1#OTOL1
SI	XM_065410672.1#SI
SLITRK3	XM_065411056.1#SLITRK3
BCHE	XM_065411035.1#BCHE
LOC135884139	XM_065411430.1#LOC135884139
ZBBX	XM_065411286.1#ZBBX
SERPINI2	XM_065411229.1#SERPINI2
WDR49	XM_065411205.1#WDR49
PDCD10	XM_065410581.1#PDCD10
PDCD10	XM_065410580.1#PDCD10
SERPINI1	XM_065410999.1#SERPINI1
GOLIM4	XM_065411198.1#GOLIM4
LOC135883712	XM_065410949.1#LOC135883712
MECOM	XM_065410570.1#MECOM
MECOM	XM_065410569.1#MECOM
MECOM	XM_065410568.1#MECOM
MECOM	XM_065410567.1#MECOM
MECOM	XM_065410566.1#MECOM
ACTRT3	XM_065410604.1#ACTRT3
ACTRT3	XM_065410606.1#ACTRT3
ACTRT3	XM_065410607.1#ACTRT3
ACTRT3	XM_065410603.1#ACTRT3
MYNN	XM_065410747.1#MYNN
LRRC34	XM_065411072.1#LRRC34
LRRIQ4	XM_065410236.1#LRRIQ4
LRRC31	XM_065411269.1#LRRC31
LRRC31	XM_065411268.1#LRRC31
SAMD7	XM_065411432.1#SAMD7
SEC62	XM_065410637.1#SEC62
GPR160	XM_065411074.1#GPR160
PHC3	XM_065410847.1#PHC3
LOC135883873	XM_065411139.1#LOC135883873
LOC135883856	XM_065411118.1#LOC135883856
PRKCI	XM_065410305.1#PRKCI
SKIL	XM_065410846.1#SKIL
CLDN11	XM_065411259.1#CLDN11
SLC7A14	XM_065410832.1#SLC7A14
RPL22L1	XM_065410916.1#RPL22L1
EIF5A2	XM_065410439.1#EIF5A2
EIF5A2	XM_065410438.1#EIF5A2
SLC2A2	XM_065410404.1#SLC2A2
SLC2A2	XM_065410405.1#SLC2A2
TNIK	XM_065410355.1#TNIK
PLD1	XM_065410357.1#PLD1
PLD1	XM_065410356.1#PLD1
TMEM212	XM_065410244.1#TMEM212
FNDC3B	XM_065410392.1#FNDC3B
GHSR	XM_065411157.1#GHSR
TNFSF10	XM_065411243.1#TNFSF10
NCEH1	XM_065411113.1#NCEH1
ECT2	XM_065410647.1#ECT2
ECT2	XM_065410645.1#ECT2
ECT2	XM_065410648.1#ECT2
ECT2	XM_065410649.1#ECT2
SPATA16	XM_065411238.1#SPATA16
NLGN1	XM_065410490.1#NLGN1
NLGN1	XM_065410492.1#NLGN1
NLGN1	XM_065410491.1#NLGN1
NLGN1	XM_065410493.1#NLGN1
NLGN1	XM_065410494.1#NLGN1
NLGN1	XM_065410495.1#NLGN1
NLGN1	XM_065410497.1#NLGN1
NAALADL2	XM_065411094.1#NAALADL2
TBL1XR1	XM_065410347.1#TBL1XR1
TBL1XR1	XM_065410343.1#TBL1XR1
TBL1XR1	XM_065410346.1#TBL1XR1
TBL1XR1	XM_065410344.1#TBL1XR1
TBL1XR1	XM_065410345.1#TBL1XR1
KCNMB2	XM_065411178.1#KCNMB2
ZMAT3	XM_065411271.1#ZMAT3
PIK3CA	XM_065410550.1#PIK3CA
ZNF639	XM_065410766.1#ZNF639
ZNF639	XM_065410767.1#ZNF639
MFN1	XM_065410620.1#MFN1
GNB4	XM_065410341.1#GNB4
LOC135883785	XM_065411032.1#LOC135883785
LOC135883777	XM_065411022.1#LOC135883777
LOC135883837	XM_065411093.1#LOC135883837
LOC135883795	XM_065411047.1#LOC135883795
ACTL6A	XM_065410721.1#ACTL6A
MRPL47	XM_065410706.1#MRPL47
NDUFB5	XM_065410587.1#NDUFB5
USP13	XM_065410736.1#USP13
PEX5L	XM_065410677.1#PEX5L
PEX5L	XM_065410676.1#PEX5L
TTC14	XM_065410689.1#TTC14
CCDC39	XM_065411089.1#CCDC39
FXR1	XM_065410989.1#FXR1
FXR1	XM_065410990.1#FXR1
DNAJC19	XM_065410991.1#DNAJC19
DNAJC19	XM_065410992.1#DNAJC19
SOX2	XM_065410425.1#SOX2
ATP11B	XM_065411433.1#ATP11B
DCUN1D1	XM_065411001.1#DCUN1D1
MCCC1	XM_065410900.1#MCCC1
LAMP3	XM_065411434.1#LAMP3
MCF2L2	XM_065411462.1#MCF2L2
B3GNT5	XM_065411463.1#B3GNT5
RFC4	XM_065411008.1#RFC4
EIF4A2	XM_065410361.1#EIF4A2
KNG1	XM_065411232.1#KNG1
LOC135884080	XM_065411376.1#LOC135884080
AHSG	XM_065411201.1#AHSG
SENP5	XM_065411067.1#SENP5
EPHB3	XM_065410694.1#EPHB3
LOC135884053	XM_065411345.1#LOC135884053
POLR2H	XM_065410678.1#POLR2H
THPO	XM_065411435.1#THPO
CHRD	XM_065410926.1#CHRD
CLCN2	XM_065410801.1#CLCN2
LOC135883275	XM_065410299.1#LOC135883275
FAM131A	XM_065411340.1#FAM131A
EIF4G1	XM_065411224.1#EIF4G1
PSMD2	XM_065411290.1#PSMD2
ECE2	XM_065411207.1#ECE2
LOC135884024	XM_065411314.1#LOC135884024
CAMK2N2	XM_065411452.1#CAMK2N2
EEF1AKMT4	XM_065411235.1#EEF1AKMT4
ALG3	XM_065410841.1#ALG3
VWA5B2	XM_065410984.1#VWA5B2
LOC135884144	XM_065411436.1#LOC135884144
ABCF3	XM_065410283.1#ABCF3
LOC135884145	XM_065411437.1#LOC135884145
AP2M1	XM_065410302.1#AP2M1
AP2M1	XM_065410300.1#AP2M1
AP2M1	XM_065410301.1#AP2M1
DVL3	XM_065410289.1#DVL3
EIF2B5	XM_065410679.1#EIF2B5
ABCC5	XM_065411200.1#ABCC5
RNPEPL1	XM_065410296.1#RNPEPL1
CAPN10	XM_065410716.1#CAPN10
CAPN10	XM_065410717.1#CAPN10
LOC135883760	XM_065411003.1#LOC135883760
LOC135883269	XM_065410290.1#LOC135883269
LOC135883526	XM_065410708.1#LOC135883526
LOC135883530	XM_065410713.1#LOC135883530
EIF4E2	XM_065410613.1#EIF4E2
EIF4E2	XM_065410614.1#EIF4E2
EIF4E2	XM_065410615.1#EIF4E2
LOC135883404	XM_065410488.1#LOC135883404
CHRNG	XM_065410978.1#CHRNG
CHRND	XM_065410872.1#CHRND
PRSS56	XM_065411458.1#PRSS56
LOC135883827	XM_065411082.1#LOC135883827
ECEL1	XM_065410986.1#ECEL1
ECEL1	XM_065410987.1#ECEL1
LOC135883439	XM_065410549.1#LOC135883439
LOC135883428	XM_065410533.1#LOC135883428
DIS3L2	XM_065410584.1#DIS3L2
NPPC	XM_065411105.1#NPPC
COPS7B	XM_065410572.1#COPS7B
COPS7B	XM_065410573.1#COPS7B
PDE6D	XM_065410946.1#PDE6D
PTMA	XM_065410421.1#PTMA
PTMA	XM_065410419.1#PTMA
PTMA	XM_065410420.1#PTMA
NMUR1	XM_065411313.1#NMUR1
NCL	XM_065410625.1#NCL
B3GNT7	XM_065411439.1#B3GNT7
ARMC9	XM_065410958.1#ARMC9
PSMD1	XM_065411440.1#PSMD1
HTR2B	XM_065411068.1#HTR2B
C9H2orf72	XM_065411441.1#C9H2orf72
LOC135883346	XM_065410407.1#LOC135883346
RPL35A	XM_065410486.1#RPL35A
IQCG	XM_065411147.1#IQCG
LRCH3	XM_065410366.1#LRCH3
FYTTD1	XM_065410723.1#FYTTD1
RUBCN	XM_065411066.1#RUBCN
LOC135884044	XM_065411335.1#LOC135884044
TNK2	XM_065410969.1#TNK2
TFRC	XM_065411110.1#TFRC
TFRC	XM_065411111.1#TFRC
ZDHHC19	XM_065410259.1#ZDHHC19
SLC51A	XM_065411291.1#SLC51A
PCYT1A	XM_065410818.1#PCYT1A
DYNLT2B	XM_065411020.1#DYNLT2B
PDCD1	XM_065411442.1#PDCD1
LOC135884021	XM_065411309.1#LOC135884021
LOC135883935	XM_065411208.1#LOC135883935
LOC135883688	XM_065410923.1#LOC135883688
MASP1	XM_065410596.1#MASP1
MASP1	XM_065410594.1#MASP1
LOC135884150	XM_065411443.1#LOC135884150
SST	XM_065411358.1#SST
BCL6	XM_065410623.1#BCL6
BCL6	XM_065410624.1#BCL6
LPP	XM_065410339.1#LPP
TPRG1	XM_065411245.1#TPRG1
TP63	XM_065411310.1#TP63
TP63	XM_065411311.1#TP63
TP63	XM_065411312.1#TP63
P3H2	XM_065410940.1#P3H2
CLDN1	XM_065410968.1#CLDN1
CLDN16	XM_065411270.1#CLDN16
TMEM207	XM_065410306.1#TMEM207
IL1RAP	XM_065410988.1#IL1RAP
GMNC	XM_065410240.1#GMNC
OSTN	XM_065410253.1#OSTN
UTS2B	XM_065410256.1#UTS2B
CCDC50	XM_065411444.1#CCDC50
FGF12	XM_065410810.1#FGF12
FGF12	XM_065410809.1#FGF12
FGF12	XM_065410811.1#FGF12
MB21D2	XM_065411324.1#MB21D2
PLAAT1	XM_065411445.1#PLAAT1
ATP13A5	XM_065410589.1#ATP13A5
LOC135883351	XM_065410414.1#LOC135883351
OPA1	XM_065410326.1#OPA1
HES1	XM_065411058.1#HES1
CPN2	XM_065410235.1#CPN2
LRRC15	XM_065411274.1#LRRC15
GP5	XM_065411359.1#GP5
ATP13A3	XM_065410499.1#ATP13A3
ATP13A3	XM_065410501.1#ATP13A3
ATP13A3	XM_065410498.1#ATP13A3
TMEM44	XM_065410368.1#TMEM44
LSG1	XM_065410707.1#LSG1
FAM43A	XM_065411250.1#FAM43A
XXYLT1	XM_065410669.1#XXYLT1
ACAP2	XM_065410377.1#ACAP2
PPP1R2	XM_065410720.1#PPP1R2
APOD	XM_065411346.1#APOD
ACADVL	XM_065410876.1#ACADVL
LOC135883825	XM_065411080.1#LOC135883825
BDH1	XM_065411190.1#BDH1
DLG1	XM_065410859.1#DLG1
DLG1	XM_065410860.1#DLG1
DLG1	XM_065410861.1#DLG1
MELTF	XM_065411446.1#MELTF
PIGZ	XM_065411352.1#PIGZ
NCBP2AS2	XM_065410862.1#NCBP2AS2
NCBP2	XM_065410858.1#NCBP2
UNKL	XM_065411636.1#UNKL
LOC135884536	XM_065411953.1#LOC135884536
GNPTG	XM_065411965.1#GNPTG
GNPTG	XM_065411962.1#GNPTG
TSR3	XM_065411966.1#TSR3
UBE2I	XM_065411728.1#UBE2I
PDPK1	XM_065412559.1#PDPK1
PDPK1	XM_065412558.1#PDPK1
PDPK1	XM_065412557.1#PDPK1
PDPK1	XM_065412555.1#PDPK1
PDPK1	XM_065412554.1#PDPK1
LOC135884254	XM_065411525.1#LOC135884254
IL21R	XM_065412795.1#IL21R
IL4R	XM_065412745.1#IL4R
NSMCE1	XM_065411785.1#NSMCE1
NSMCE1	XM_065411784.1#NSMCE1
NSMCE1	XM_065411786.1#NSMCE1
NSMCE1	XM_065411787.1#NSMCE1
KDM8	XM_065412230.1#KDM8
KDM8	XM_065412231.1#KDM8
HS3ST4	XM_065412479.1#HS3ST4
HS3ST2	XM_065412505.1#HS3ST2
USP31	XM_065412316.1#USP31
SCNN1G	XM_065412360.1#SCNN1G
SCNN1B	XM_065412274.1#SCNN1B
COG7	XM_065411944.1#COG7
GGA2	XM_065412178.1#GGA2
EARS2	XM_065412305.1#EARS2
UBFD1	XM_065411653.1#UBFD1
UBFD1	XM_065411655.1#UBFD1
ERN2	XM_065412291.1#ERN2
PLK1	XM_065412151.1#PLK1
LOC135885009	XM_065412641.1#LOC135885009
DCTN5	XM_065411495.1#DCTN5
PALB2	XM_065411494.1#PALB2
PALB2	XM_065411493.1#PALB2
NDUFAB1	XM_065412527.1#NDUFAB1
TNRC6A	XM_065411724.1#TNRC6A
RBBP6	XM_065412586.1#RBBP6
RBBP6	XM_065412585.1#RBBP6
RBBP6	XM_065412587.1#RBBP6
CACNG3	XM_065412454.1#CACNG3
PRKCB	XM_065412808.1#PRKCB
PRKCB	XM_065412807.1#PRKCB
AQP8	XM_065412669.1#AQP8
LCMT1	XM_065411700.1#LCMT1
ARHGAP17	XM_065411799.1#ARHGAP17
ARHGAP17	XM_065411800.1#ARHGAP17
ARHGAP17	XM_065411802.1#ARHGAP17
TEX47	XM_065411808.1#TEX47
SLC5A11	XM_065411804.1#SLC5A11
GRID2IP	XM_065411797.1#GRID2IP
ZDHHC4	XM_065411805.1#ZDHHC4
E4F1	XM_065411803.1#E4F1
PGP	XM_065411806.1#PGP
BRICD5	XM_065411591.1#BRICD5
MLST8	XM_065411590.1#MLST8
LOC135884689	XM_065412185.1#LOC135884689
LOC135884689	XM_065412186.1#LOC135884689
CASKIN1	XM_065412256.1#CASKIN1
TRAF7	XM_065411869.1#TRAF7
RAB26	XM_065412359.1#RAB26
PKD1	XM_065411612.1#PKD1
TSC2	XM_065411719.1#TSC2
TSC2	XM_065411718.1#TSC2
TSC2	XM_065411713.1#TSC2
TSC2	XM_065411717.1#TSC2
TSC2	XM_065411716.1#TSC2
TSC2	XM_065411711.1#TSC2
TSC2	XM_065411715.1#TSC2
TSC2	XM_065411714.1#TSC2
TSC2	XM_065411710.1#TSC2
TSC2	XM_065411709.1#TSC2
TSC2	XM_065411706.1#TSC2
TSC2	XM_065411707.1#TSC2
TSC2	XM_065411704.1#TSC2
NTHL1	XM_065412662.1#NTHL1
NHERF2	XM_065412506.1#NHERF2
NHERF2	XM_065412507.1#NHERF2
ZNF598	XM_065411665.1#ZNF598
SYNGR3	XM_065412429.1#SYNGR3
GFER	XM_065412040.1#GFER
NOXO1	XM_065411959.1#NOXO1
TBL3	XM_065411939.1#TBL3
RPS2	XM_065411813.1#RPS2
NDUFB10	XM_065412163.1#NDUFB10
RPL3L	XM_065412191.1#RPL3L
RPL3L	XM_065412192.1#RPL3L
RPL3L	XM_065412190.1#RPL3L
LOC135884849	XM_065412406.1#LOC135884849
MSRB1	XM_065412622.1#MSRB1
HS3ST6	XM_065412589.1#HS3ST6
MEIOB	XM_065412531.1#MEIOB
FAHD1	XM_065412577.1#FAHD1
HAGH	XM_065412536.1#HAGH
HAGH	XM_065412535.1#HAGH
HAGH	XM_065412534.1#HAGH
HAGH	XM_065412533.1#HAGH
LOC135884301	XM_065411587.1#LOC135884301
LOC135884301	XM_065411586.1#LOC135884301
CIAO3	XM_065411858.1#CIAO3
RPUSD1	XM_065412752.1#RPUSD1
CHTF18	XM_065412339.1#CHTF18
GNG13	XM_065412837.1#GNG13
LOC135884540	XM_065411960.1#LOC135884540
LMF1	XM_065412501.1#LMF1
SOX8	XM_065411850.1#SOX8
SSTR5	XM_065412380.1#SSTR5
C1QTNF8	XM_065412477.1#C1QTNF8
TEKT4	XM_065412579.1#TEKT4
CACNA1H	XM_065412515.1#CACNA1H
B9D1	XM_065412455.1#B9D1
LOC135884541	XM_065411961.1#LOC135884541
EPN2	XM_065412224.1#EPN2
GRAP	XM_065412265.1#GRAP
GRAP	XM_065412267.1#GRAP
GRAP	XM_065412266.1#GRAP
GRAP	XM_065412268.1#GRAP
GRAP	XM_065412269.1#GRAP
GRAP	XM_065412271.1#GRAP
SLC5A10	XM_065411967.1#SLC5A10
FAM83G	XM_065411504.1#FAM83G
PRPSAP2	XM_065411783.1#PRPSAP2
LOC135884881	XM_065412451.1#LOC135884881
SHMT1	XM_065412049.1#SHMT1
SMCR8	XM_065412755.1#SMCR8
TOP3A	XM_065412301.1#TOP3A
MIEF2	XM_065411580.1#MIEF2
MIEF2	XM_065411579.1#MIEF2
FLII	XM_065411994.1#FLII
LLGL1	XM_065411674.1#LLGL1
LLGL1	XM_065411673.1#LLGL1
LLGL1	XM_065411672.1#LLGL1
ALKBH5	XM_065412365.1#ALKBH5
MYO15A	XM_065411968.1#MYO15A
DRG2	XM_065412846.1#DRG2
GID4	XM_065411734.1#GID4
ATPAF2	XM_065412165.1#ATPAF2
DRC3	XM_065412461.1#DRC3
TOM1L2	XM_065411662.1#TOM1L2
TOM1L2	XM_065411664.1#TOM1L2
SREBF1	XM_065411482.1#SREBF1
RAI1	XM_065412523.1#RAI1
PEMT	XM_065412138.1#PEMT
PEMT	XM_065412139.1#PEMT
RASD1	XM_065412664.1#RASD1
MED9	XM_065412405.1#MED9
NT5M	XM_065412640.1#NT5M
COPS3	XM_065411643.1#COPS3
FLCN	XM_065412042.1#FLCN
PLD6	XM_065411970.1#PLD6
MPRIP	XM_065411992.1#MPRIP
TNFRSF13B	XM_065411973.1#TNFRSF13B
USP22	XM_065411489.1#USP22
DHRS7B	XM_065412321.1#DHRS7B
DHRS7B	XM_065412325.1#DHRS7B
DHRS7B	XM_065412323.1#DHRS7B
DHRS7B	XM_065412320.1#DHRS7B
TMEM11	XM_065411764.1#TMEM11
NATD1	XM_065412680.1#NATD1
MAP2K3	XM_065412169.1#MAP2K3
MAP2K3	XM_065412168.1#MAP2K3
LOC135884550	XM_065411974.1#LOC135884550
KCNJ12	XM_065411870.1#KCNJ12
ATP5MF	XM_065411529.1#ATP5MF
CPSF4	XM_065411528.1#CPSF4
PTCD1	XM_065411527.1#PTCD1
BUD31	XM_065412051.1#BUD31
PDAP1	XM_065411898.1#PDAP1
ARPC1B	XM_065411548.1#ARPC1B
ARPC1B	XM_065411549.1#ARPC1B
ARPC1A	XM_065411513.1#ARPC1A
ARPC1A	XM_065411512.1#ARPC1A
LOC135884234	XM_065411491.1#LOC135884234
KPNA7	XM_065411676.1#KPNA7
SMURF1	XM_065411975.1#SMURF1
LOC135884997	XM_065412620.1#LOC135884997
RNF216	XM_065411620.1#RNF216
FSCN1	XM_065412397.1#FSCN1
ACTB	XM_065411619.1#ACTB
FBXL18	XM_065412525.1#FBXL18
TNRC18	XM_065411812.1#TNRC18
SLC29A4	XM_065412613.1#SLC29A4
SLC29A4	XM_065412615.1#SLC29A4
WIPI2	XM_065411922.1#WIPI2
MMD2	XM_065411977.1#MMD2
RADIL	XM_065412253.1#RADIL
AP5Z1	XM_065412222.1#AP5Z1
FOXK1	XM_065411849.1#FOXK1
FOXK1	XM_065411848.1#FOXK1
LOC135884353	XM_065411667.1#LOC135884353
LOC135884342	XM_065411648.1#LOC135884342
LOC135884354	XM_065411668.1#LOC135884354
SDK1	XM_065411886.1#SDK1
CARD11	XM_065412302.1#CARD11
GNA12	XM_065411669.1#GNA12
GNA12	XM_065411670.1#GNA12
AMZ1	XM_065412747.1#AMZ1
BRAT1	XM_065412329.1#BRAT1
IQCE	XM_065412447.1#IQCE
TTYH3	XM_065412370.1#TTYH3
LFNG	XM_065412058.1#LFNG
GRIFIN	XM_065411517.1#GRIFIN
LOC135884247	XM_065411514.1#LOC135884247
CHST12	XM_065411521.1#CHST12
CHST12	XM_065411523.1#CHST12
CHST12	XM_065411522.1#CHST12
LOC135884861	XM_065412419.1#LOC135884861
EIF3B	XM_065411561.1#EIF3B
SNX8	XM_065412619.1#SNX8
NUDT1	XM_065412638.1#NUDT1
MRM2	XM_065412350.1#MRM2
MAD1L1	XM_065412141.1#MAD1L1
ELFN1	XM_065412760.1#ELFN1
PSMG3	XM_065411895.1#PSMG3
PSMG3	XM_065411896.1#PSMG3
TMEM184A	XM_065412394.1#TMEM184A
MAFK	XM_065411731.1#MAFK
MAFK	XM_065411733.1#MAFK
LOC135884388	XM_065411730.1#LOC135884388
INTS1	XM_065411894.1#INTS1
MICALL2	XM_065412648.1#MICALL2
UNCX	XM_065412647.1#UNCX
ZFAND2A	XM_065412184.1#ZFAND2A
C10H7orf50	XM_065412387.1#C10H7orf50
C10H7orf50	XM_065412388.1#C10H7orf50
GPER1	XM_065412786.1#GPER1
LOC135884835	XM_065412389.1#LOC135884835
GPR146	XM_065412327.1#GPR146
GPR146	XM_065412326.1#GPR146
LOC135884555	XM_065411978.1#LOC135884555
LOC135884558	XM_065411982.1#LOC135884558
LOC135884767	XM_065412309.1#LOC135884767
ADAP1	XM_065412055.1#ADAP1
GET4	XM_065411914.1#GET4
SUN1	XM_065412583.1#SUN1
DNAAF5	XM_065412528.1#DNAAF5
PRKAR1B	XM_065412334.1#PRKAR1B
PDGFA	XM_065412519.1#PDGFA
PDGFA	XM_065412520.1#PDGFA
FOXL3	XM_065412854.1#FOXL3
FAM20C	XM_065412385.1#FAM20C
TRRAP	XM_065412772.1#TRRAP
TMEM130	XM_065412639.1#TMEM130
NPTX2	XM_065412514.1#NPTX2
BAIAP2L1	XM_065411984.1#BAIAP2L1
BRI3	XM_065411839.1#BRI3
TECPR1	XM_065412432.1#TECPR1
BHLHA15	XM_065411474.1#BHLHA15
LMTK2	XM_065412420.1#LMTK2
LOC135884798	XM_065412345.1#LOC135884798
LOC135884806	XM_065412354.1#LOC135884806
CCZ1	XM_065411940.1#CCZ1
LOC135884925	XM_065412513.1#LOC135884925
PMS2	XM_065411568.1#PMS2
AIMP2	XM_065411772.1#AIMP2
AIMP2	XM_065411771.1#AIMP2
EIF2AK1	XM_065412059.1#EIF2AK1
ANKRD61	XM_065411951.1#ANKRD61
USP42	XM_065411723.1#USP42
CYTH3	XM_065411985.1#CYTH3
SMIM10L3	XM_065412621.1#SMIM10L3
RAC1	XM_065412516.1#RAC1
RAC1	XM_065412517.1#RAC1
DAGLB	XM_065412518.1#DAGLB
KDELR2	XM_065412804.1#KDELR2
OTOA	XM_065411986.1#OTOA
METTL9	XM_065411930.1#METTL9
METTL9	XM_065411929.1#METTL9
IGSF6	XM_065412805.1#IGSF6
LOC135884954	XM_065412563.1#LOC135884954
CDR2	XM_065412564.1#CDR2
POLR3E	XM_065411781.1#POLR3E
EEF2K	XM_065411928.1#EEF2K
SDR42E2	XM_065412626.1#SDR42E2
LOC135885169	XM_065412816.1#LOC135885169
VWA3A	XM_065412408.1#VWA3A
MOSMO	XM_065412401.1#MOSMO
PDZD9	XM_065411987.1#PDZD9
LOC135884423	XM_065411788.1#LOC135884423
CRYM	XM_065411937.1#CRYM
CRYM	XM_065411938.1#CRYM
ANKS4B	XM_065412674.1#ANKS4B
ZP2	XM_065412262.1#ZP2
LOC135884723	XM_065412250.1#LOC135884723
LOC135884993	XM_065412616.1#LOC135884993
LDAF1	XM_065412788.1#LDAF1
DNAH3	XM_065411988.1#DNAH3
LYRM1	XM_065412376.1#LYRM1
LYRM1	XM_065412377.1#LYRM1
LYRM1	XM_065412378.1#LYRM1
DCUN1D3	XM_065412504.1#DCUN1D3
REXO5	XM_065412575.1#REXO5
ERI2	XM_065412529.1#ERI2
LOC135884300	XM_065411585.1#LOC135884300
THUMPD1	XM_065411989.1#THUMPD1
LOC135884329	XM_065411633.1#LOC135884329
LOC135884567	XM_065411991.1#LOC135884567
LOC135884328	XM_065411632.1#LOC135884328
PDILT	XM_065412746.1#PDILT
GPR139	XM_065412776.1#GPR139
GPRC5B	XM_065412611.1#GPRC5B
IQCK	XM_065412757.1#IQCK
KNOP1	XM_065412249.1#KNOP1
VPS35L	XM_065411877.1#VPS35L
VPS35L	XM_065411876.1#VPS35L
VPS35L	XM_065411875.1#VPS35L
VPS35L	XM_065411873.1#VPS35L
VPS35L	XM_065411874.1#VPS35L
CCP110	XM_065412228.1#CCP110
GDE1	XM_065412273.1#GDE1
TMC5	XM_065412547.1#TMC5
TMC5	XM_065412546.1#TMC5
TMC5	XM_065412543.1#TMC5
TMC5	XM_065412542.1#TMC5
TMC5	XM_065412549.1#TMC5
TMC5	XM_065412552.1#TMC5
TMC5	XM_065412553.1#TMC5
TMC5	XM_065412551.1#TMC5
TMC5	XM_065412541.1#TMC5
TMC5	XM_065412544.1#TMC5
TMC5	XM_065412548.1#TMC5
TMC5	XM_065412550.1#TMC5
TMC7	XM_065411879.1#TMC7
TMC7	XM_065411878.1#TMC7
COQ7	XM_065411881.1#COQ7
COQ7	XM_065411882.1#COQ7
LOC135884478	XM_065411880.1#LOC135884478
ITPRIPL2	XM_065411520.1#ITPRIPL2
SYT17	XM_065412742.1#SYT17
SYT17	XM_065412741.1#SYT17
CLEC19A	XM_065411993.1#CLEC19A
SMG1	XM_065412819.1#SMG1
ARL6IP1	XM_065411533.1#ARL6IP1
RPS15A	XM_065411825.1#RPS15A
XYLT1	XM_065411535.1#XYLT1
LOC135884264	XM_065411536.1#LOC135884264
LOC135884297	XM_065411583.1#LOC135884297
ABCC6	XM_065412775.1#ABCC6
LOC135884654	XM_065412137.1#LOC135884654
CEP20	XM_065412115.1#CEP20
MYH11	XM_065411646.1#MYH11
NDE1	XM_065412340.1#NDE1
MARF1	XM_065411592.1#MARF1
BMERB1	XM_065411629.1#BMERB1
MPV17L	XM_065411628.1#MPV17L
PDXDC1	XM_065411627.1#PDXDC1
NTAN1	XM_065412006.1#NTAN1
NTAN1	XM_065412007.1#NTAN1
RRN3	XM_065411614.1#RRN3
LOC135884575	XM_065411997.1#LOC135884575
RSL1D1	XM_065412239.1#RSL1D1
LOC135884576	XM_065411998.1#LOC135884576
GSPT1	XM_065411552.1#GSPT1
GSPT1	XM_065411550.1#GSPT1
GSPT1	XM_065411551.1#GSPT1
TNFRSF17	XM_065411741.1#TNFRSF17
SNX29	XM_065411740.1#SNX29
CPPED1	XM_065412423.1#CPPED1
SHISA9	XM_065412762.1#SHISA9
ERCC4	XM_065412425.1#ERCC4
MRTFB	XM_065411773.1#MRTFB
PARN	XM_065411737.1#PARN
PARN	XM_065411738.1#PARN
BFAR	XM_065412057.1#BFAR
PLA2G10	XM_065412829.1#PLA2G10
LOC135884456	XM_065411834.1#LOC135884456
LOC135884456	XM_065411832.1#LOC135884456
LOC135884456	XM_065411833.1#LOC135884456
ZC3H7A	XM_065411696.1#ZC3H7A
TXNDC11	XM_065412763.1#TXNDC11
SNN	XM_065412764.1#SNN
SNN	XM_065412765.1#SNN
SNN	XM_065412768.1#SNN
SNN	XM_065412767.1#SNN
SNN	XM_065412769.1#SNN
LITAF	XM_065411735.1#LITAF
LITAF	XM_065411736.1#LITAF
LOC135884578	XM_065412000.1#LOC135884578
RMI2	XM_065411479.1#RMI2
SOCS1	XM_065412238.1#SOCS1
CLEC16A	XM_065411644.1#CLEC16A
DEXI	XM_065411542.1#DEXI
CIITA	XM_065412448.1#CIITA
TVP23A	XM_065412167.1#TVP23A
NUBP1	XM_065412003.1#NUBP1
TEKT5	XM_065412166.1#TEKT5
EMP2	XM_065412673.1#EMP2
ATF7IP2	XM_065412576.1#ATF7IP2
GRIN2A	XM_065411694.1#GRIN2A
GRIN2A	XM_065411693.1#GRIN2A
HAPSTR1	XM_065411917.1#HAPSTR1
HAPSTR1	XM_065411915.1#HAPSTR1
USP7	XM_065412796.1#USP7
CARHSP1	XM_065412463.1#CARHSP1
PMM2	XM_065412171.1#PMM2
PMM2	XM_065412172.1#PMM2
TMEM186	XM_065412158.1#TMEM186
ABAT	XM_065411946.1#ABAT
ABAT	XM_065411950.1#ABAT
ABAT	XM_065411949.1#ABAT
ABAT	XM_065411948.1#ABAT
METTL22	XM_065411861.1#METTL22
METTL22	XM_065411860.1#METTL22
METTL22	XM_065411859.1#METTL22
TMEM114	XM_065412859.1#TMEM114
TMEM114	XM_065412860.1#TMEM114
RBFOX1	XM_065412636.1#RBFOX1
RBFOX1	XM_065412632.1#RBFOX1
RBFOX1	XM_065412628.1#RBFOX1
RBFOX1	XM_065412634.1#RBFOX1
RBFOX1	XM_065412633.1#RBFOX1
RBFOX1	XM_065412629.1#RBFOX1
RBFOX1	XM_065412630.1#RBFOX1
RBFOX1	XM_065412631.1#RBFOX1
LOC135884588	XM_065412016.1#LOC135884588
EEF2KMT	XM_065412452.1#EEF2KMT
ALG1	XM_065412017.1#ALG1
NAGPA	XM_065412290.1#NAGPA
SEC14L5	XM_065412332.1#SEC14L5
LOC135884291	XM_065411575.1#LOC135884291
ROGDI	XM_065411890.1#ROGDI
ROGDI	XM_065411891.1#ROGDI
PPL	XM_065412018.1#PPL
UBN1	XM_065411539.1#UBN1
UBN1	XM_065411541.1#UBN1
UBN1	XM_065411540.1#UBN1
UBN1	XM_065411538.1#UBN1
GLYR1	XM_065411884.1#GLYR1
LOC135884933	XM_065412521.1#LOC135884933
SEPTIN12	XM_065411729.1#SEPTIN12
LOC135885199	XM_065412849.1#LOC135885199
LOC135884591	XM_065412020.1#LOC135884591
MSS51	XM_065412817.1#MSS51
CFAP70	XM_065412356.1#CFAP70
WDR90	XM_065412201.1#WDR90
RHOT2	XM_065412645.1#RHOT2
RHBDL1	XM_065412538.1#RHBDL1
RHBDL1	XM_065412540.1#RHBDL1
RHBDL1	XM_065412537.1#RHBDL1
RHBDL1	XM_065412539.1#RHBDL1
LOC135884721	XM_065412247.1#LOC135884721
LOC135884721	XM_065412248.1#LOC135884721
STUB1	XM_065411906.1#STUB1
JMJD8	XM_065412199.1#JMJD8
WDR24	XM_065412314.1#WDR24
IL20RB	XM_065412787.1#IL20RB
GSG1L	XM_065412021.1#GSG1L
KATNIP	XM_065412567.1#KATNIP
GTF3C1	XM_065411936.1#GTF3C1
POLR3K	XM_065412572.1#POLR3K
SNRNP25	XM_065412569.1#SNRNP25
SNRNP25	XM_065412570.1#SNRNP25
SNRNP25	XM_065412571.1#SNRNP25
RHBDF1	XM_065412568.1#RHBDF1
MPG	XM_065411689.1#MPG
MPG	XM_065411688.1#MPG
NPRL3	XM_065411686.1#NPRL3
NPRL3	XM_065411685.1#NPRL3
NPRL3	XM_065411687.1#NPRL3
LOC135885027	XM_065412667.1#LOC135885027
LOC135884306	XM_065411594.1#LOC135884306
LOC135884305	XM_065411593.1#LOC135884305
LOC135884259	XM_065411530.1#LOC135884259
PGAP6	XM_065411933.1#PGAP6
MRPL28	XM_065411927.1#MRPL28
MRPL28	XM_065411926.1#MRPL28
AXIN1	XM_065412047.1#AXIN1
PDIA2	XM_065412061.1#PDIA2
ARHGDIG	XM_065412396.1#ARHGDIG
RGS11	XM_065412427.1#RGS11
RGS11	XM_065412426.1#RGS11
FAM234A	XM_065412368.1#FAM234A
LUC7L	XM_065411557.1#LUC7L
LUC7L	XM_065411555.1#LUC7L
LUC7L	XM_065411554.1#LUC7L
LUC7L	XM_065411556.1#LUC7L
PERCC1	XM_065411577.1#PERCC1
CLCN7	XM_065411638.1#CLCN7
CLCN7	XM_065411639.1#CLCN7
PTX4	XM_065412803.1#PTX4
ECI1	XM_065412409.1#ECI1
LOC135884865	XM_065412424.1#LOC135884865
LOC135884886	XM_065412456.1#LOC135884886
INTS15	XM_065411957.1#INTS15
INTS15	XM_065411958.1#INTS15
NAA60	XM_065412048.1#NAA60
NUDT16L1	XM_065411518.1#NUDT16L1
LOC135885123	XM_065412753.1#LOC135885123
MGRN1	XM_065412015.1#MGRN1
UBALD1	XM_065412187.1#UBALD1
CDIP1	XM_065412157.1#CDIP1
HMOX2	XM_065411826.1#HMOX2
LOC135884595	XM_065412023.1#LOC135884595
LOC135884599	XM_065412026.1#LOC135884599
LOC135884600	XM_065412027.1#LOC135884600
LOC135884602	XM_065412029.1#LOC135884602
LOC135884260	XM_065411531.1#LOC135884260
SLX4	XM_065411980.1#SLX4
TRAP1	XM_065411770.1#TRAP1
CREBBP	XM_065412176.1#CREBBP
CREBBP	XM_065412174.1#CREBBP
CREBBP	XM_065412175.1#CREBBP
CREBBP	XM_065412177.1#CREBBP
ADCY9	XM_065411641.1#ADCY9
SRL	XM_065412031.1#SRL
TFAP4	XM_065412578.1#TFAP4
GLIS2	XM_065412511.1#GLIS2
PAM16	XM_065411796.1#PAM16
CORO7	XM_065412032.1#CORO7
VASN	XM_065412761.1#VASN
LOC135884611	XM_065412034.1#LOC135884611
LOC135884613	XM_065412035.1#LOC135884613
DNAJA3	XM_065411923.1#DNAJA3
NLRC3	XM_065412431.1#NLRC3
CLUAP1	XM_065412434.1#CLUAP1
CLUAP1	XM_065412433.1#CLUAP1
LOC135884614	XM_065412037.1#LOC135884614
ANKS3	XM_065412404.1#ANKS3
DNAAF8	XM_065412855.1#DNAAF8
SBK1	XM_065412759.1#SBK1
XPO6	XM_065411932.1#XPO6
NME4	XM_065412263.1#NME4
DECR2	XM_065412303.1#DECR2
RAB11FIP3	XM_065412276.1#RAB11FIP3
RAB11FIP3	XM_065412277.1#RAB11FIP3
RAB11FIP3	XM_065412280.1#RAB11FIP3
CAPN15	XM_065412659.1#CAPN15
PIGQ	XM_065412338.1#PIGQ
RAB40C	XM_065412315.1#RAB40C
WFIKKN1	XM_065412331.1#WFIKKN1
METTL26	XM_065411702.1#METTL26
METTL26	XM_065411701.1#METTL26
MCRIP2	XM_065412814.1#MCRIP2
ABCA3	XM_065411892.1#ABCA3
VRK3	XM_065411912.1#VRK3
CCNF	XM_065411666.1#CCNF
LOC135884461	XM_065411842.1#LOC135884461
TEDC2	XM_065412379.1#TEDC2
LOC135884621	XM_065412043.1#LOC135884621
LOC135885120	XM_065412749.1#LOC135885120
NTN3	XM_065412503.1#NTN3
TBC1D24	XM_065412024.1#TBC1D24
ATP6V0C	XM_065412025.1#ATP6V0C
AMDHD2	XM_065411739.1#AMDHD2
C10H8orf33	XM_065412046.1#C10H8orf33
RNPS1	XM_065411578.1#RNPS1
TELO2	XM_065411748.1#TELO2
IFT140	XM_065412296.1#IFT140
TMEM204	XM_065411476.1#TMEM204
CRAMP1	XM_065412180.1#CRAMP1
JPT2	XM_065411558.1#JPT2
JPT2	XM_065411559.1#JPT2
JPT2	XM_065411560.1#JPT2
LOC135885177	XM_065412824.1#LOC135885177
MAPK8IP3	XM_065411505.1#MAPK8IP3
MAPK8IP3	XM_065411507.1#MAPK8IP3
MAPK8IP3	XM_065411506.1#MAPK8IP3
NME3	XM_065412234.1#NME3
MRPS34	XM_065411691.1#MRPS34
EME2	XM_065412685.1#EME2
SPSB3	XM_065411750.1#SPSB3
SPSB3	XM_065411751.1#SPSB3
NUBP2	XM_065411742.1#NUBP2
NUBP2	XM_065411743.1#NUBP2
IGFALS	XM_065412627.1#IGFALS
LOC135884283	XM_065411562.1#LOC135884283
CCDC78	XM_065412381.1#CCDC78
ANTKMT	XM_065412382.1#ANTKMT
METRN	XM_065412670.1#METRN
FBXL16	XM_065412818.1#FBXL16
LOC135884808	XM_065412355.1#LOC135884808
CCDC33	XM_065412566.1#CCDC33
STRA6	XM_065412237.1#STRA6
ISLR	XM_065412838.1#ISLR
LOC135885109	XM_065412738.1#LOC135885109
LOC135884731	XM_065412259.1#LOC135884731
STOML1	XM_065412686.1#STOML1
LOC135884766	XM_065412308.1#LOC135884766
LOC135885048	XM_065412687.1#LOC135885048
LOXL1	XM_065412348.1#LOXL1
TBC1D21	XM_065412812.1#TBC1D21
INSYN1	XM_065412594.1#INSYN1
CD276	XM_065412689.1#CD276
NPTN	XM_065411630.1#NPTN
HCN4	XM_065412232.1#HCN4
NEO1	XM_065411681.1#NEO1
ADPGK	XM_065412398.1#ADPGK
ADPGK	XM_065412399.1#ADPGK
LOC135885036	XM_065412676.1#LOC135885036
BBS4	XM_065412690.1#BBS4
ARIH1	XM_065411671.1#ARIH1
HEXA	XM_065411616.1#HEXA
HEXA	XM_065411617.1#HEXA
CELF6	XM_065412113.1#CELF6
CELF6	XM_065412114.1#CELF6
CELF6	XM_065412084.1#CELF6
CELF6	XM_065412107.1#CELF6
CELF6	XM_065412062.1#CELF6
CELF6	XM_065412085.1#CELF6
CELF6	XM_065412108.1#CELF6
CELF6	XM_065412090.1#CELF6
CELF6	XM_065412111.1#CELF6
CELF6	XM_065412080.1#CELF6
CELF6	XM_065412086.1#CELF6
CELF6	XM_065412110.1#CELF6
CELF6	XM_065412064.1#CELF6
CELF6	XM_065412078.1#CELF6
CELF6	XM_065412091.1#CELF6
CELF6	XM_065412068.1#CELF6
CELF6	XM_065412092.1#CELF6
CELF6	XM_065412082.1#CELF6
CELF6	XM_065412077.1#CELF6
PARP6	XM_065412691.1#PARP6
PKM	XM_065411509.1#PKM
PKM	XM_065411510.1#PKM
GRAMD2A	XM_065412173.1#GRAMD2A
SENP8	XM_065412223.1#SENP8
MYO9A	XM_065412857.1#MYO9A
NR2E3	XM_065412349.1#NR2E3
LOC135885053	XM_065412692.1#LOC135885053
LOC135885055	XM_065412693.1#LOC135885055
LOC135885058	XM_065412694.1#LOC135885058
AP3B2	XM_065411776.1#AP3B2
AP3B2	XM_065411777.1#AP3B2
AP3B2	XM_065411778.1#AP3B2
AP3B2	XM_065411779.1#AP3B2
AP3B2	XM_065411780.1#AP3B2
AP3B2	XM_065411775.1#AP3B2
AP3B2	XM_065411774.1#AP3B2
CPEB1	XM_065412011.1#CPEB1
CPEB1	XM_065412013.1#CPEB1
CPEB1	XM_065412014.1#CPEB1
CPEB1	XM_065412010.1#CPEB1
LOC135885060	XM_065412695.1#LOC135885060
RPS17	XM_065411809.1#RPS17
LOC135884837	XM_065412391.1#LOC135884837
LOC135884837	XM_065412392.1#LOC135884837
TERB2	XM_065412827.1#TERB2
TRIM69	XM_065412697.1#TRIM69
B2M	XM_065412481.1#B2M
PATL2	XM_065412582.1#PATL2
SNX1	XM_065411563.1#SNX1
SNX22	XM_065412678.1#SNX22
PPIB	XM_065412657.1#PPIB
CSNK1G1	XM_065412650.1#CSNK1G1
CSNK1G1	XM_065412649.1#CSNK1G1
CSNK1G1	XM_065412656.1#CSNK1G1
CSNK1G1	XM_065412651.1#CSNK1G1
CSNK1G1	XM_065412652.1#CSNK1G1
CSNK1G1	XM_065412653.1#CSNK1G1
CSNK1G1	XM_065412654.1#CSNK1G1
PCLAF	XM_065412414.1#PCLAF
LOC135885063	XM_065412698.1#LOC135885063
TRIP4	XM_065411887.1#TRIP4
ZNF609	XM_065412117.1#ZNF609
OAZ2	XM_065411515.1#OAZ2
RBPMS2	XM_065411871.1#RBPMS2
SORD	XM_065412258.1#SORD
DUOX2	XM_065411840.1#DUOX2
DUOXA2	XM_065412565.1#DUOXA2
DUOXA1	XM_065412502.1#DUOXA1
NMB	XM_065412848.1#NMB
SEC11A	XM_065411647.1#SEC11A
ZNF592	XM_065411645.1#ZNF592
LOC135884235	XM_065411492.1#LOC135884235
ALPK3	XM_065412588.1#ALPK3
LOC135884424	XM_065411789.1#LOC135884424
SHF	XM_065412603.1#SHF
LOC135884987	XM_065412606.1#LOC135884987
LOC135884987	XM_065412604.1#LOC135884987
SEMA7A	XM_065412602.1#SEMA7A
SEMA7A	XM_065412601.1#SEMA7A
UBL7	XM_065411976.1#UBL7
LOC135884494	XM_065411903.1#LOC135884494
LOC135884450	XM_065411824.1#LOC135884450
ARID3B	XM_065412312.1#ARID3B
LOC135884400	XM_065411749.1#LOC135884400
CLK3	XM_065412779.1#CLK3
EDC3	XM_065412610.1#EDC3
LOC135884481	XM_065411883.1#LOC135884481
LOC135884463	XM_065411844.1#LOC135884463
LOC135885151	XM_065412792.1#LOC135885151
CSK	XM_065411815.1#CSK
CPLX3	XM_065412754.1#CPLX3
LOC135884239	XM_065411500.1#LOC135884239
ULK3	XM_065412343.1#ULK3
SCAMP2	XM_065411544.1#SCAMP2
MPI	XM_065412430.1#MPI
FAM219B	XM_065412488.1#FAM219B
LOC135884696	XM_065412198.1#LOC135884696
RPP25	XM_065412785.1#RPP25
MAN2C1	XM_065411952.1#MAN2C1
NEIL1	XM_065412487.1#NEIL1
COMMD4	XM_065412609.1#COMMD4
COMMD4	XM_065412608.1#COMMD4
LOC135884500	XM_065411910.1#LOC135884500
LOC135884489	XM_065411893.1#LOC135884489
LOC135884499	XM_065411909.1#LOC135884499
LOC135884511	XM_065411925.1#LOC135884511
LOC135884516	XM_065411931.1#LOC135884516
C10H15orf39	XM_065412826.1#C10H15orf39
PPCDC	XM_065412005.1#PPCDC
PPCDC	XM_065412004.1#PPCDC
SCAMP5	XM_065411683.1#SCAMP5
LOC135885067	XM_065412699.1#LOC135885067
SIN3A	XM_065412777.1#SIN3A
PTPN9	XM_065412421.1#PTPN9
SNUPN	XM_065412038.1#SNUPN
SNX33	XM_065412595.1#SNX33
SNX33	XM_065412596.1#SNX33
CSPG4	XM_065412530.1#CSPG4
CIMAP1C	XM_065411615.1#CIMAP1C
LINGO1	XM_065412459.1#LINGO1
HMG20A	XM_065412033.1#HMG20A
PEAK1	XM_065412580.1#PEAK1
TSPAN3	XM_065411545.1#TSPAN3
PSTPIP1	XM_065412284.1#PSTPIP1
RCN2	XM_065412002.1#RCN2
RCN2	XM_065412001.1#RCN2
SCAPER	XM_065411761.1#SCAPER
ISL2	XM_065412299.1#ISL2
ETFA	XM_065411934.1#ETFA
TMEM266	XM_065412683.1#TMEM266
NRG4	XM_065412700.1#NRG4
FBXO22	XM_065411846.1#FBXO22
UBE2Q2	XM_065411501.1#UBE2Q2
UBE2Q2	XM_065411502.1#UBE2Q2
CHRNB4	XM_065411519.1#CHRNB4
CHRNA3	XM_065411546.1#CHRNA3
CHRNA5	XM_065411603.1#CHRNA5
PSMA4	XM_065411816.1#PSMA4
PSMA4	XM_065411817.1#PSMA4
PSMA4	XM_065411818.1#PSMA4
HYKK	XM_065412482.1#HYKK
IREB2	XM_065411488.1#IREB2
CRABP1	XM_065412574.1#CRABP1
SKIC8	XM_065411828.1#SKIC8
SKIC8	XM_065411829.1#SKIC8
DNAJA4	XM_065412030.1#DNAJA4
ACSBG1	XM_065412842.1#ACSBG1
IDH3A	XM_065411763.1#IDH3A
IDH3A	XM_065411762.1#IDH3A
CIB2	XM_065412701.1#CIB2
SH2D7	XM_065412702.1#SH2D7
TBC1D2B	XM_065412840.1#TBC1D2B
DAPK2	XM_065412304.1#DAPK2
HERC1	XM_065411752.1#HERC1
FBXL22	XM_065412810.1#FBXL22
USP3	XM_065411941.1#USP3
CA12	XM_065412524.1#CA12
LOC135885072	XM_065412704.1#LOC135885072
APH1B	XM_065411821.1#APH1B
APH1B	XM_065411820.1#APH1B
APH1B	XM_065411822.1#APH1B
RAB8B	XM_065411831.1#RAB8B
RPS27L	XM_065411582.1#RPS27L
LACTB	XM_065412311.1#LACTB
TPM1	XM_065412204.1#TPM1
TPM1	XM_065412203.1#TPM1
TPM1	XM_065412214.1#TPM1
TPM1	XM_065412216.1#TPM1
TPM1	XM_065412211.1#TPM1
TPM1	XM_065412208.1#TPM1
TPM1	XM_065412207.1#TPM1
TPM1	XM_065412202.1#TPM1
TPM1	XM_065412205.1#TPM1
TPM1	XM_065412215.1#TPM1
TPM1	XM_065412218.1#TPM1
TPM1	XM_065412213.1#TPM1
TPM1	XM_065412212.1#TPM1
TPM1	XM_065412210.1#TPM1
TPM1	XM_065412209.1#TPM1
TLN2	XM_065411565.1#TLN2
LOC135885166	XM_065412813.1#LOC135885166
LOC135884754	XM_065412294.1#LOC135884754
VPS13C	XM_065412581.1#VPS13C
RORA	XM_065411766.1#RORA
ICE2	XM_065411857.1#ICE2
ANXA2	XM_065411794.1#ANXA2
ANXA2	XM_065411793.1#ANXA2
FOXB1	XM_065412457.1#FOXB1
BNIP2	XM_065411478.1#BNIP2
GTF2A2	XM_065412272.1#GTF2A2
GCNT3	XM_065412509.1#GCNT3
OTUD7A	XM_065412413.1#OTUD7A
KLF13	XM_065411823.1#KLF13
TRPM1	XM_065412369.1#TRPM1
MTMR10	XM_065412336.1#MTMR10
FAN1	XM_065411981.1#FAN1
MPHOSPH10	XM_065412194.1#MPHOSPH10
MCEE	XM_065412453.1#MCEE
APBA2	XM_065412147.1#APBA2
APBA2	XM_065412148.1#APBA2
ENTREP2	XM_065412748.1#ENTREP2
TJP1	XM_065412781.1#TJP1
TJP1	XM_065412780.1#TJP1
TARS3	XM_065411650.1#TARS3
TARS3	XM_065411649.1#TARS3
TM2D3	XM_065411888.1#TM2D3
TM2D3	XM_065411889.1#TM2D3
ADAL	XM_065411790.1#ADAL
ADAL	XM_065411791.1#ADAL
LARP6	XM_065412809.1#LARP6
LRRC49	XM_065412155.1#LRRC49
THSD4	XM_065412285.1#THSD4
THSD4	XM_065412286.1#THSD4
CHRFAM7A	XM_065412229.1#CHRFAM7A
LOC135885076	XM_065412705.1#LOC135885076
FAM81A	XM_065412790.1#FAM81A
MYO1E	XM_065412706.1#MYO1E
CCNB2	XM_065412050.1#CCNB2
RNF111	XM_065411722.1#RNF111
RNF111	XM_065411721.1#RNF111
SLTM	XM_065411511.1#SLTM
MINDY2	XM_065412009.1#MINDY2
ADAM10	XM_065411553.1#ADAM10
LIPC	XM_065411908.1#LIPC
LOC135884364	XM_065411682.1#LOC135884364
AQP9	XM_065412307.1#AQP9
ALDH1A2	XM_065412834.1#ALDH1A2
ALDH1A2	XM_065412835.1#ALDH1A2
ALDH1A2	XM_065412836.1#ALDH1A2
MYZAP	XM_065412707.1#MYZAP
CGNL1	XM_065412298.1#CGNL1
TCF12	XM_065412643.1#TCF12
ZNF280D	XM_065412709.1#ZNF280D
MNS1	XM_065412500.1#MNS1
TEX9	XM_065412661.1#TEX9
RFX7	XM_065412465.1#RFX7
NEDD4	XM_065412592.1#NEDD4
NEDD4	XM_065412590.1#NEDD4
PRTG	XM_065412642.1#PRTG
PYGO1	XM_065412806.1#PYGO1
DNAAF4	XM_065412526.1#DNAAF4
PIERCE2	XM_065412476.1#PIERCE2
CCPG1	XM_065412468.1#CCPG1
CCPG1	XM_065412466.1#CCPG1
CCPG1	XM_065412467.1#CCPG1
CCPG1	XM_065412470.1#CCPG1
CCPG1	XM_065412472.1#CCPG1
CCPG1	XM_065412469.1#CCPG1
CCPG1	XM_065412471.1#CCPG1
CCPG1	XM_065412473.1#CCPG1
PIGB	XM_065412475.1#PIGB
RAB27A	XM_065412358.1#RAB27A
RSL24D1	XM_065411573.1#RSL24D1
RSL24D1	XM_065411574.1#RSL24D1
LOC135885080	XM_065412710.1#LOC135885080
UNC13C	XM_065411637.1#UNC13C
WDR72	XM_065412337.1#WDR72
ONECUT1	XM_065412672.1#ONECUT1
ATOSA	XM_065411759.1#ATOSA
ATOSA	XM_065411760.1#ATOSA
ATOSA	XM_065411758.1#ATOSA
ARPP19	XM_065411566.1#ARPP19
ARPP19	XM_065411567.1#ARPP19
MYO5A	XM_065412371.1#MYO5A
MYO5A	XM_065412373.1#MYO5A
MYO5A	XM_065412374.1#MYO5A
MYO5A	XM_065412372.1#MYO5A
MYO5C	XM_065412438.1#MYO5C
GNB5	XM_065412711.1#GNB5
BCL2L10	XM_065412480.1#BCL2L10
MAPK6	XM_065411661.1#MAPK6
LEO1	XM_065412440.1#LEO1
LEO1	XM_065412439.1#LEO1
LOC135884465	XM_065411847.1#LOC135884465
LOC135885082	XM_065412712.1#LOC135885082
LOC135885083	XM_065412713.1#LOC135885083
LOC135884876	XM_065412441.1#LOC135884876
LOC135884876	XM_065412446.1#LOC135884876
LOC135884876	XM_065412444.1#LOC135884876
LOC135884876	XM_065412442.1#LOC135884876
LYSMD2	XM_065412044.1#LYSMD2
SCG3	XM_065412275.1#SCG3
AP4E1	XM_065412714.1#AP4E1
TNFAIP8L3	XM_065412486.1#TNFAIP8L3
LOC135884503	XM_065411913.1#LOC135884503
GLDN	XM_065412677.1#GLDN
DMXL2	XM_065412499.1#DMXL2
DMXL2	XM_065412497.1#DMXL2
DMXL2	XM_065412495.1#DMXL2
DMXL2	XM_065412493.1#DMXL2
DMXL2	XM_065412496.1#DMXL2
DMXL2	XM_065412494.1#DMXL2
DMXL2	XM_065412492.1#DMXL2
SEMA6D	XM_065411621.1#SEMA6D
SEMA6D	XM_065411625.1#SEMA6D
SEMA6D	XM_065411622.1#SEMA6D
SEMA6D	XM_065411624.1#SEMA6D
SEMA6D	XM_065411623.1#SEMA6D
SEMA6D	XM_065411626.1#SEMA6D
SLC24A5	XM_065412464.1#SLC24A5
MYEF2	XM_065411921.1#MYEF2
CTXN2	XM_065412743.1#CTXN2
SLC12A1	XM_065412665.1#SLC12A1
SLC12A1	XM_065412666.1#SLC12A1
DUT	XM_065412363.1#DUT
DUT	XM_065412364.1#DUT
FBN1	XM_065412313.1#FBN1
CEP152	XM_065412367.1#CEP152
SHC4	XM_065412153.1#SHC4
SECISBP2L	XM_065411767.1#SECISBP2L
COPS2	XM_065411652.1#COPS2
COPS2	XM_065411651.1#COPS2
GALK2	XM_065412144.1#GALK2
FAM227B	XM_065412142.1#FAM227B
FGF7	XM_065412145.1#FGF7
DTWD1	XM_065411852.1#DTWD1
DTWD1	XM_065411855.1#DTWD1
DTWD1	XM_065411853.1#DTWD1
DTWD1	XM_065411851.1#DTWD1
DTWD1	XM_065411856.1#DTWD1
LOC135884651	XM_065412128.1#LOC135884651
ATP8B4	XM_065412715.1#ATP8B4
AFG2B	XM_065412318.1#AFG2B
C10H15orf48	XM_065411843.1#C10H15orf48
SLC30A4	XM_065412333.1#SLC30A4
BLOC1S6	XM_065411613.1#BLOC1S6
SQOR	XM_065411835.1#SQOR
SQOR	XM_065411837.1#SQOR
LOC135884458	XM_065411838.1#LOC135884458
LOC135885144	XM_065412784.1#LOC135885144
SPPL2A	XM_065411943.1#SPPL2A
TRPM7	XM_065412022.1#TRPM7
LOC135885087	XM_065412716.1#LOC135885087
USP50	XM_065412717.1#USP50
USP8	XM_065411640.1#USP8
GABPB1	XM_065411534.1#GABPB1
HDC	XM_065411480.1#HDC
SLC27A2	XM_065411996.1#SLC27A2
SLC27A2	XM_065411995.1#SLC27A2
GATM	XM_065412240.1#GATM
PDE8A	XM_065412598.1#PDE8A
FSD2	XM_065412756.1#FSD2
WHAMM	XM_065412195.1#WHAMM
HOMER2	XM_065412599.1#HOMER2
RAMAC	XM_065412252.1#RAMAC
RAMAC	XM_065412251.1#RAMAC
C10H15orf40	XM_065411753.1#C10H15orf40
BTBD1	XM_065411754.1#BTBD1
TM6SF1	XM_065412159.1#TM6SF1
HDGFL3	XM_065412221.1#HDGFL3
BNC1	XM_065412383.1#BNC1
SH3GL3	XM_065412119.1#SH3GL3
LOC135884374	XM_065411698.1#LOC135884374
LOC135884374	XM_065411699.1#LOC135884374
ADAMTSL3	XM_065412052.1#ADAMTSL3
SAXO2	XM_065412719.1#SAXO2
EFL1	XM_065411755.1#EFL1
MEX3B	XM_065412418.1#MEX3B
TMC3	XM_065412720.1#TMC3
STARD5	XM_065412644.1#STARD5
IL16	XM_065412054.1#IL16
CFAP161	XM_065412778.1#CFAP161
TLNRD1	XM_065412357.1#TLNRD1
MESD	XM_065411983.1#MESD
CEMIP	XM_065412255.1#CEMIP
LOC135884700	XM_065412219.1#LOC135884700
ABHD17C	XM_065412402.1#ABHD17C
ARNT2	XM_065411581.1#ARNT2
CTXND1	XM_065411537.1#CTXND1
FAH	XM_065412416.1#FAH
ZFAND6	XM_065411679.1#ZFAND6
ZFAND6	XM_065411680.1#ZFAND6
BCL2A1	XM_065412828.1#BCL2A1
MTHFS	XM_065412773.1#MTHFS
MINAR1	XM_065411484.1#MINAR1
WDR93	XM_065412744.1#WDR93
PEX11A	XM_065412770.1#PEX11A
PEX11A	XM_065412771.1#PEX11A
PLIN1	XM_065412618.1#PLIN1
LOC135885091	XM_065412721.1#LOC135885091
KIF7	XM_065412127.1#KIF7
TICRR	XM_065412361.1#TICRR
RHCG	XM_065412152.1#RHCG
POLG	XM_065412850.1#POLG
FANCI	XM_065412851.1#FANCI
RLBP1	XM_065412823.1#RLBP1
ABHD2	XM_065412328.1#ABHD2
MFGE8	XM_065412310.1#MFGE8
HAPLN3	XM_065412450.1#HAPLN3
ACAN	XM_065411814.1#ACAN
ISG20	XM_065412820.1#ISG20
AEN	XM_065412597.1#AEN
DET1	XM_065412319.1#DET1
MRPS11	XM_065411596.1#MRPS11
MRPL46	XM_065411595.1#MRPL46
NTRK3	XM_065412797.1#NTRK3
NTRK3	XM_065412798.1#NTRK3
NTRK3	XM_065412800.1#NTRK3
NTRK3	XM_065412801.1#NTRK3
NTRK3	XM_065412802.1#NTRK3
AGBL1	XM_065412235.1#AGBL1
KLHL25	XM_065412435.1#KLHL25
AKAP13	XM_065411485.1#AKAP13
LOC135884230	XM_065411486.1#LOC135884230
SV2B	XM_065412160.1#SV2B
SV2B	XM_065412161.1#SV2B
SLCO3A1	XM_065412462.1#SLCO3A1
ST8SIA2	XM_065412346.1#ST8SIA2
ST8SIA2	XM_065412347.1#ST8SIA2
LOC135885092	XM_065412722.1#LOC135885092
FAM174B	XM_065411503.1#FAM174B
CHD2	XM_065412342.1#CHD2
RGMA	XM_065412353.1#RGMA
MCTP2	XM_065411604.1#MCTP2
NR2F2	XM_065411902.1#NR2F2
NR2F2	XM_065411899.1#NR2F2
NR2F2	XM_065411900.1#NR2F2
NR2F2	XM_065411901.1#NR2F2
ARRDC4	XM_065411697.1#ARRDC4
LOC135885207	XM_065412858.1#LOC135885207
PGPEP1L	XM_065412491.1#PGPEP1L
IGF1R	XM_065412490.1#IGF1R
IGF1R	XM_065412489.1#IGF1R
SYNM	XM_065411526.1#SYNM
TTC23	XM_065412723.1#TTC23
LRRC28	XM_065411660.1#LRRC28
MEF2A	XM_065412847.1#MEF2A
LYSMD4	XM_065412682.1#LYSMD4
ADAMTS17	XM_065412384.1#ADAMTS17
CERS3	XM_065412292.1#CERS3
CERS3	XM_065412293.1#CERS3
LINS1	XM_065412281.1#LINS1
ASB7	XM_065412737.1#ASB7
ALDH1A3	XM_065411473.1#ALDH1A3
LRRK1	XM_065412226.1#LRRK1
CHSY1	XM_065412512.1#CHSY1
SELENOS	XM_065412140.1#SELENOS
SNRPA1	XM_065411907.1#SNRPA1
PCSK6	XM_065411497.1#PCSK6
PCSK6	XM_065411496.1#PCSK6
PLEKHO2	XM_065412724.1#PLEKHO2
ANKDD1A	XM_065412484.1#ANKDD1A
SPG21	XM_065411920.1#SPG21
CLPX	XM_065411657.1#CLPX
CLPX	XM_065411659.1#CLPX
CLPX	XM_065411656.1#CLPX
CLPX	XM_065411658.1#CLPX
PDCD7	XM_065411792.1#PDCD7
UBAP1L	XM_065412839.1#UBAP1L
KBTBD13	XM_065411487.1#KBTBD13
RASL12	XM_065412789.1#RASL12
MTFMT	XM_065412725.1#MTFMT
CILP	XM_065412600.1#CILP
LOC135884991	XM_065412612.1#LOC135884991
PARP16	XM_065411610.1#PARP16
PARP16	XM_065411611.1#PARP16
PARP16	XM_065411609.1#PARP16
IGDCC3	XM_065412684.1#IGDCC3
IGDCC4	XM_065412726.1#IGDCC4
DPP8	XM_065411569.1#DPP8
DPP8	XM_065411572.1#DPP8
DPP8	XM_065411570.1#DPP8
DPP8	XM_065411571.1#DPP8
HACD3	XM_065412220.1#HACD3
INTS14	XM_065411727.1#INTS14
INTS14	XM_065411726.1#INTS14
SLC24A1	XM_065412261.1#SLC24A1
DENND4A	XM_065412260.1#DENND4A
RAB11A	XM_065411481.1#RAB11A
MEGF11	XM_065411954.1#MEGF11
MEGF11	XM_065411955.1#MEGF11
DIS3L	XM_065411911.1#DIS3L
TIPIN	XM_065412478.1#TIPIN
MAP2K1	XM_065411904.1#MAP2K1
SNAPC5	XM_065412039.1#SNAPC5
RPL4	XM_065412793.1#RPL4
ZWILCH	XM_065412393.1#ZWILCH
LCTL	XM_065412289.1#LCTL
LCTL	XM_065412288.1#LCTL
LCTL	XM_065412287.1#LCTL
SMAD6	XM_065412254.1#SMAD6
SMAD3	XM_065411600.1#SMAD3
SMAD3	XM_065411601.1#SMAD3
SMAD3	XM_065411602.1#SMAD3
AAGAB	XM_065412297.1#AAGAB
IQCH	XM_065412129.1#IQCH
C10H15orf61	XM_065412149.1#C10H15orf61
MAP2K5	XM_065412122.1#MAP2K5
SKOR1	XM_065412675.1#SKOR1
PIAS1	XM_065412133.1#PIAS1
PIAS1	XM_065412136.1#PIAS1
PIAS1	XM_065412132.1#PIAS1
PIAS1	XM_065412131.1#PIAS1
PIAS1	XM_065412134.1#PIAS1
PIAS1	XM_065412135.1#PIAS1
CALML4	XM_065412623.1#CALML4
CLN6	XM_065412671.1#CLN6
FEM1B	XM_065411634.1#FEM1B
ITGA11	XM_065412727.1#ITGA11
CORO2B	XM_065411695.1#CORO2B
ANP32A	XM_065411677.1#ANP32A
ANP32A	XM_065411678.1#ANP32A
NOX5	XM_065412283.1#NOX5
GLCE	XM_065412740.1#GLCE
PAQR5	XM_065412411.1#PAQR5
KIF23	XM_065412729.1#KIF23
TLE3	XM_065412126.1#TLE3
TLE3	XM_065412123.1#TLE3
TLE3	XM_065412125.1#TLE3
TLE3	XM_065412124.1#TLE3
UACA	XM_065412344.1#UACA
MORF4L1	XM_065411919.1#MORF4L1
MORF4L1	XM_065411918.1#MORF4L1
LOC135885040	XM_065412681.1#LOC135885040
ADAMTS7	XM_065412189.1#ADAMTS7
CIAO2A	XM_065411999.1#CIAO2A
SPG11	XM_065411830.1#SPG11
EIF3J	XM_065411584.1#EIF3J
CTDSPL2	XM_065412150.1#CTDSPL2
GOLM2	XM_065411746.1#GOLM2
GOLM2	XM_065411747.1#GOLM2
GOLM2	XM_065411745.1#GOLM2
FRMD5	XM_065412241.1#FRMD5
FRMD5	XM_065412242.1#FRMD5
FRMD5	XM_065412243.1#FRMD5
FRMD5	XM_065412244.1#FRMD5
FRMD5	XM_065412246.1#FRMD5
WDR76	XM_065412417.1#WDR76
BLM	XM_065412351.1#BLM
CTSH	XM_065412407.1#CTSH
RASGRF1	XM_065412236.1#RASGRF1
ANKRD34C	XM_065412751.1#ANKRD34C
TMED3	XM_065412412.1#TMED3
LOC135885100	XM_065412730.1#LOC135885100
LOC135885101	XM_065412731.1#LOC135885101
LOC135885175	XM_065412821.1#LOC135885175
ANPEP	XM_065412053.1#ANPEP
ARPIN	XM_065412400.1#ARPIN
ZNF710	XM_065412853.1#ZNF710
IDH2	XM_065412146.1#IDH2
SEMA4B	XM_065412366.1#SEMA4B
CIB1	XM_065411811.1#CIB1
GDPGP1	XM_065412624.1#GDPGP1
TTLL13	XM_065412732.1#TTLL13
NGRN	XM_065412733.1#NGRN
HDDC3	XM_065412156.1#HDDC3
VPS33B	XM_065412041.1#VPS33B
PRC1	XM_065412335.1#PRC1
RCCD1	XM_065412658.1#RCCD1
UNC45A	XM_065411972.1#UNC45A
UNC45A	XM_065411971.1#UNC45A
LOC135884414	XM_065411768.1#LOC135884414
MAN2A2	XM_065412121.1#MAN2A2
MAN2A2	XM_065412120.1#MAN2A2
FES	XM_065411868.1#FES
FES	XM_065411867.1#FES
FES	XM_065411866.1#FES
FES	XM_065411865.1#FES
FES	XM_065411864.1#FES
FURIN	XM_065411690.1#FURIN
MFAP1	XM_065412830.1#MFAP1
HYPK	XM_065412390.1#HYPK
SERINC4	XM_065412831.1#SERINC4
SERF2	XM_065412181.1#SERF2
SERF2	XM_065412182.1#SERF2
SERF2	XM_065412183.1#SERF2
LOC135885168	XM_065412815.1#LOC135885168
ELL3	XM_065412734.1#ELL3
PDIA3	XM_065412227.1#PDIA3
CATSPER2	XM_065412735.1#CATSPER2
LOC135885153	XM_065412794.1#LOC135885153
STRC	XM_065412736.1#STRC
CKMT1A	XM_065411810.1#CKMT1A
PPIP5K1	XM_065411547.1#PPIP5K1
MAP1A	XM_065412193.1#MAP1A
TP53BP1	XM_065412843.1#TP53BP1
TUBGCP4	XM_065412844.1#TUBGCP4
LOC135885178	XM_065412825.1#LOC135885178
IQGAP1	XM_065412617.1#IQGAP1
LOC135885744	XM_065413650.1#LOC135885744
SLC4A3	XM_065413255.1#SLC4A3
STK11IP	XM_065413245.1#STK11IP
LOC135885746	XM_065413653.1#LOC135885746
INHA	XM_065413788.1#INHA
OBSL1	XM_065413654.1#OBSL1
TMEM198	XM_065413777.1#TMEM198
CHPF	XM_065413639.1#CHPF
CHPF	XM_065413641.1#CHPF
LOC135885913	XM_065413841.1#LOC135885913
ASIC4	XM_065413223.1#ASIC4
LOC135885758	XM_065413665.1#LOC135885758
GMPPA	XM_065413577.1#GMPPA
SPEGNB	XM_065412921.1#SPEGNB
SPEG	XM_065413383.1#SPEG
DES	XM_065413796.1#DES
DES	XM_065413793.1#DES
DES	XM_065413797.1#DES
DES	XM_065413795.1#DES
DES	XM_065413794.1#DES
DES	XM_065413792.1#DES
DNPEP	XM_065413655.1#DNPEP
PTPRN	XM_065413819.1#PTPRN
DNAJB2	XM_065413406.1#DNAJB2
DNAJB2	XM_065413405.1#DNAJB2
LOC135885749	XM_065413656.1#LOC135885749
LOC135885627	XM_065413455.1#LOC135885627
LOC135885620	XM_065413446.1#LOC135885620
STK16	XM_065413449.1#STK16
STK16	XM_065413448.1#STK16
STK16	XM_065413447.1#STK16
GLB1L	XM_065413658.1#GLB1L
ANKZF1	XM_065413736.1#ANKZF1
ATG9A	XM_065413119.1#ATG9A
ATG9A	XM_065413118.1#ATG9A
ABCB6	XM_065413381.1#ABCB6
ZFAND2B	XM_065413638.1#ZFAND2B
RETREG2	XM_065413150.1#RETREG2
CNPPD1	XM_065413706.1#CNPPD1
SLC23A3	XM_065413753.1#SLC23A3
NHEJ1	XM_065413821.1#NHEJ1
IHH	XM_065413635.1#IHH
LOC135885753	XM_065413659.1#LOC135885753
LOC135885891	XM_065413815.1#LOC135885891
CFAP65	XM_065413613.1#CFAP65
CRYBA2	XM_065413643.1#CRYBA2
FEV	XM_065413786.1#FEV
CDK5R2	XM_065413740.1#CDK5R2
WNT10A	XM_065413279.1#WNT10A
WNT6	XM_065413379.1#WNT6
LOC135885811	XM_065413714.1#LOC135885811
PRKAG3	XM_065413083.1#PRKAG3
TTLL4	XM_065413219.1#TTLL4
STK36	XM_065413207.1#STK36
RNF25	XM_065413798.1#RNF25
LOC135885775	XM_065413679.1#LOC135885775
ZNF142	XM_065413761.1#ZNF142
PLCD4	XM_065413660.1#PLCD4
CNOT9	XM_065413191.1#CNOT9
CNOT9	XM_065413190.1#CNOT9
USP37	XM_065413400.1#USP37
VIL1	XM_065413861.1#VIL1
CTDSP1	XM_065413501.1#CTDSP1
SLC11A1	XM_065413374.1#SLC11A1
CATIP	XM_065413842.1#CATIP
LOC135885531	XM_065413277.1#LOC135885531
LOC135885582	XM_065413390.1#LOC135885582
LOC135885269	XM_065412899.1#LOC135885269
LOC135885269	XM_065412900.1#LOC135885269
AAMP	XM_065413587.1#AAMP
GPBAR1	XM_065413860.1#GPBAR1
LOC135885803	XM_065413704.1#LOC135885803
LOC135885804	XM_065413705.1#LOC135885804
ARPC2	XM_065413084.1#ARPC2
LOC135885643	XM_065413474.1#LOC135885643
RUFY4	XM_065413661.1#RUFY4
TNS1	XM_065413663.1#TNS1
IGFBP5	XM_065413657.1#IGFBP5
IGFBP2	XM_065413286.1#IGFBP2
LOC135885855	XM_065413762.1#LOC135885855
RPL37A	XM_065413218.1#RPL37A
SMARCAL1	XM_065413283.1#SMARCAL1
SMARCAL1	XM_065413284.1#SMARCAL1
MARCHF4	XM_065413769.1#MARCHF4
XRCC5	XM_065413262.1#XRCC5
TMEM169	XM_065413854.1#TMEM169
PECR	XM_065413497.1#PECR
MAP3K2	XM_065413369.1#MAP3K2
ERCC3	XM_065413259.1#ERCC3
LOC135885271	XM_065412903.1#LOC135885271
BIN1	XM_065412904.1#BIN1
BIN1	XM_065412911.1#BIN1
BIN1	XM_065412908.1#BIN1
BIN1	XM_065412912.1#BIN1
GYPC	XM_065413432.1#GYPC
CNTNAP5	XM_065413114.1#CNTNAP5
MRAS	XM_065413378.1#MRAS
TMEM177	XM_065413442.1#TMEM177
TMEM177	XM_065413443.1#TMEM177
PTPN4	XM_065413759.1#PTPN4
LOC135885461	XM_065413177.1#LOC135885461
LOC135885760	XM_065413666.1#LOC135885760
RALB	XM_065413170.1#RALB
RALB	XM_065413169.1#RALB
RALB	XM_065413171.1#RALB
INHBB	XM_065413718.1#INHBB
GLI2	XM_065413137.1#GLI2
LOC135885718	XM_065413621.1#LOC135885718
TFCP2L1	XM_065413437.1#TFCP2L1
CLASP1	XM_065413102.1#CLASP1
CLASP1	XM_065413101.1#CLASP1
CLASP1	XM_065413097.1#CLASP1
CLASP1	XM_065413098.1#CLASP1
CLASP1	XM_065413096.1#CLASP1
CLASP1	XM_065413099.1#CLASP1
CLASP1	XM_065413100.1#CLASP1
NIFK	XM_065413428.1#NIFK
TSN	XM_065413103.1#TSN
LOC135885761	XM_065413667.1#LOC135885761
IQCB1	XM_065413637.1#IQCB1
EAF2	XM_065413730.1#EAF2
SLC15A2	XM_065413486.1#SLC15A2
HSPBAP1	XM_065413479.1#HSPBAP1
HSPBAP1	XM_065413478.1#HSPBAP1
SLC49A4	XM_065413480.1#SLC49A4
SEMA5B	XM_065413429.1#SEMA5B
PDIA5	XM_065413261.1#PDIA5
LOC135885762	XM_065413668.1#LOC135885762
SEC22A	XM_065413590.1#SEC22A
ADCY5	XM_065413070.1#ADCY5
HACD2	XM_065413697.1#HACD2
MYLK	XM_065413162.1#MYLK
MYLK	XM_065413161.1#MYLK
MYLK	XM_065413160.1#MYLK
LOC135885764	XM_065413669.1#LOC135885764
CCDC14	XM_065413593.1#CCDC14
LOC135885879	XM_065413789.1#LOC135885879
LOC135885879	XM_065413791.1#LOC135885879
KALRN	XM_065413425.1#KALRN
KALRN	XM_065413426.1#KALRN
KALRN	XM_065413427.1#KALRN
UMPS	XM_065413498.1#UMPS
ITGB5	XM_065413110.1#ITGB5
MUC13	XM_065413670.1#MUC13
SLC12A8	XM_065413612.1#SLC12A8
ZNF148	XM_065413254.1#ZNF148
SNX4	XM_065413186.1#SNX4
LOC135885767	XM_065413671.1#LOC135885767
OSBPL11	XM_065413050.1#OSBPL11
LOC135885682	XM_065413573.1#LOC135885682
LOC135885682	XM_065413574.1#LOC135885682
LMLN	XM_065413695.1#LMLN
LOC135885584	XM_065413396.1#LOC135885584
LOC135885381	XM_065413051.1#LOC135885381
DTX3L	XM_065413332.1#DTX3L
PARP9	XM_065413333.1#PARP9
FAIM	XM_065412938.1#FAIM
FAIM	XM_065412939.1#FAIM
FAIM	XM_065412941.1#FAIM
FAIM	XM_065412942.1#FAIM
FAIM	XM_065412940.1#FAIM
CEP70	XM_065412934.1#CEP70
CEP70	XM_065412935.1#CEP70
CEP70	XM_065412936.1#CEP70
ESYT3	XM_065413568.1#ESYT3
CFAP221	XM_065413745.1#CFAP221
SCTR	XM_065413256.1#SCTR
TMEM37	XM_065412891.1#TMEM37
DBI	XM_065413127.1#DBI
DBI	XM_065413128.1#DBI
C11H2orf76	XM_065413484.1#C11H2orf76
C11H2orf76	XM_065413482.1#C11H2orf76
C11H2orf76	XM_065413481.1#C11H2orf76
C11H2orf76	XM_065413485.1#C11H2orf76
STEAP3	XM_065413133.1#STEAP3
C1QL2	XM_065413717.1#C1QL2
MARCO	XM_065412926.1#MARCO
EN1	XM_065413787.1#EN1
INSIG2	XM_065413112.1#INSIG2
INSIG2	XM_065413113.1#INSIG2
CCDC93	XM_065413461.1#CCDC93
LOC135885868	XM_065413776.1#LOC135885868
DDX18	XM_065413194.1#DDX18
DPP10	XM_065412943.1#DPP10
ACTR3	XM_065413196.1#ACTR3
SLC35F5	XM_065413585.1#SLC35F5
GPR39	XM_065413812.1#GPR39
LYPD1	XM_065413856.1#LYPD1
NCKAP5	XM_065413737.1#NCKAP5
MGAT5	XM_065413559.1#MGAT5
TMEM163	XM_065413845.1#TMEM163
ACMSD	XM_065413734.1#ACMSD
CCNT2	XM_065413370.1#CCNT2
CCNT2	XM_065413371.1#CCNT2
CCNT2	XM_065413372.1#CCNT2
MAP3K19	XM_065413756.1#MAP3K19
RAB3GAP1	XM_065413106.1#RAB3GAP1
ZRANB3	XM_065413674.1#ZRANB3
R3HDM1	XM_065413729.1#R3HDM1
UBXN4	XM_065413727.1#UBXN4
UBXN4	XM_065413728.1#UBXN4
LCT	XM_065413421.1#LCT
MCM6	XM_065413494.1#MCM6
DARS1	XM_065413117.1#DARS1
CXCR4	XM_065413236.1#CXCR4
THSD7B	XM_065413579.1#THSD7B
HNMT	XM_065413600.1#HNMT
SPOPL	XM_065413614.1#SPOPL
SPOPL	XM_065413615.1#SPOPL
NXPH2	XM_065413722.1#NXPH2
LOC135885864	XM_065413771.1#LOC135885864
LOC135885737	XM_065413644.1#LOC135885737
LRP1B	XM_065413676.1#LRP1B
KYNU	XM_065413504.1#KYNU
ARHGAP15	XM_065413739.1#ARHGAP15
GTDC1	XM_065413468.1#GTDC1
ZEB2	XM_065413850.1#ZEB2
ACVR2A	XM_065413217.1#ACVR2A
ORC4	XM_065413351.1#ORC4
MBD5	XM_065413627.1#MBD5
MBD5	XM_065413629.1#MBD5
EPC2	XM_065413208.1#EPC2
KIF5C	XM_065413242.1#KIF5C
KIF5C	XM_065413243.1#KIF5C
LYPD6B	XM_065413816.1#LYPD6B
LYPD6	XM_065413822.1#LYPD6
MMADHC	XM_065413431.1#MMADHC
RND3	XM_065413440.1#RND3
RBM43	XM_065413558.1#RBM43
NMI	XM_065413680.1#NMI
TNFAIP6	XM_065413814.1#TNFAIP6
RIF1	XM_065413157.1#RIF1
NEB	XM_065413682.1#NEB
ARL5A	XM_065413167.1#ARL5A
CACNB4	XM_065413466.1#CACNB4
CACNB4	XM_065413465.1#CACNB4
STAM2	XM_065413464.1#STAM2
STAM2	XM_065413462.1#STAM2
FMNL2	XM_065413183.1#FMNL2
FMNL2	XM_065413185.1#FMNL2
FMNL2	XM_065413184.1#FMNL2
PRPF40A	XM_065413805.1#PRPF40A
PRPF40A	XM_065413799.1#PRPF40A
PRPF40A	XM_065413800.1#PRPF40A
PRPF40A	XM_065413803.1#PRPF40A
PRPF40A	XM_065413802.1#PRPF40A
PRPF40A	XM_065413801.1#PRPF40A
ARL6IP6	XM_065413135.1#ARL6IP6
ARL6IP6	XM_065413136.1#ARL6IP6
RPRM	XM_065413851.1#RPRM
GALNT13	XM_065413193.1#GALNT13
KCNJ3	XM_065413244.1#KCNJ3
NR4A2	XM_065413363.1#NR4A2
GPD2	XM_065413229.1#GPD2
GALNT5	XM_065413724.1#GALNT5
ERMN	XM_065413843.1#ERMN
CYTIP	XM_065413733.1#CYTIP
ACVR1C	XM_065413849.1#ACVR1C
ACVR1C	XM_065413848.1#ACVR1C
ACVR1C	XM_065413847.1#ACVR1C
ACVR1C	XM_065413846.1#ACVR1C
ACVR1	XM_065413844.1#ACVR1
UPP2	XM_065413696.1#UPP2
CCDC148	XM_065413685.1#CCDC148
PKP4	XM_065413829.1#PKP4
PKP4	XM_065413827.1#PKP4
PKP4	XM_065413828.1#PKP4
PKP4	XM_065413826.1#PKP4
DAPL1	XM_065413652.1#DAPL1
TANC1	XM_065413377.1#TANC1
WDSUB1	XM_065413399.1#WDSUB1
BAZ2B	XM_065413148.1#BAZ2B
LOC135885652	XM_065413492.1#LOC135885652
MARCHF7	XM_065413409.1#MARCHF7
MARCHF7	XM_065413408.1#MARCHF7
MARCHF7	XM_065413412.1#MARCHF7
MARCHF7	XM_065413411.1#MARCHF7
MARCHF7	XM_065413413.1#MARCHF7
MARCHF7	XM_065413410.1#MARCHF7
CD302	XM_065413414.1#CD302
LY75	XM_065413407.1#LY75
PLA2R1	XM_065413477.1#PLA2R1
PLA2R1	XM_065413476.1#PLA2R1
ITGB6	XM_065412952.1#ITGB6
RBMS1	XM_065412920.1#RBMS1
TANK	XM_065413591.1#TANK
PSMD14	XM_065413433.1#PSMD14
PSMD14	XM_065413434.1#PSMD14
TBR1	XM_065413571.1#TBR1
SLC4A10	XM_065413209.1#SLC4A10
SLC4A10	XM_065413210.1#SLC4A10
DPP4	XM_065413784.1#DPP4
GCG	XM_065413376.1#GCG
LOC135885297	XM_065412951.1#LOC135885297
IFIH1	XM_065412872.1#IFIH1
GCA	XM_065413853.1#GCA
KCNH7	XM_065413350.1#KCNH7
FIGN	XM_065413768.1#FIGN
GRB14	XM_065413445.1#GRB14
COBLL1	XM_065413632.1#COBLL1
SLC38A11	XM_065413721.1#SLC38A11
LOC135885537	XM_065413301.1#LOC135885537
LOC135885537	XM_065413299.1#LOC135885537
LOC135885537	XM_065413295.1#LOC135885537
LOC135885537	XM_065413297.1#LOC135885537
LOC135885537	XM_065413302.1#LOC135885537
LOC135885537	XM_065413293.1#LOC135885537
LOC135885537	XM_065413288.1#LOC135885537
LOC135885537	XM_065413287.1#LOC135885537
LOC135885537	XM_065413300.1#LOC135885537
LOC135885537	XM_065413296.1#LOC135885537
LOC135885537	XM_065413303.1#LOC135885537
LOC135885537	XM_065413294.1#LOC135885537
LOC135885537	XM_065413289.1#LOC135885537
LOC135885537	XM_065413307.1#LOC135885537
LOC135885545	XM_065413319.1#LOC135885545
LOC135885545	XM_065413318.1#LOC135885545
LOC135885545	XM_065413322.1#LOC135885545
LOC135885545	XM_065413317.1#LOC135885545
LOC135885545	XM_065413320.1#LOC135885545
LOC135885545	XM_065413323.1#LOC135885545
CSRNP3	XM_065413757.1#CSRNP3
GALNT3	XM_065413258.1#GALNT3
TTC21B	XM_065413067.1#TTC21B
LOC135885551	XM_065413343.1#LOC135885551
LOC135885551	XM_065413349.1#LOC135885551
LOC135885551	XM_065413347.1#LOC135885551
LOC135885551	XM_065413342.1#LOC135885551
LOC135885551	XM_065413344.1#LOC135885551
LOC135885551	XM_065413339.1#LOC135885551
LOC135885551	XM_065413336.1#LOC135885551
LOC135885551	XM_065413341.1#LOC135885551
LOC135885551	XM_065413338.1#LOC135885551
LOC135885551	XM_065413335.1#LOC135885551
LOC135885551	XM_065413348.1#LOC135885551
LOC135885551	XM_065413346.1#LOC135885551
LOC135885551	XM_065413340.1#LOC135885551
LOC135885551	XM_065413337.1#LOC135885551
LOC135885529	XM_065413270.1#LOC135885529
LOC135885529	XM_065413276.1#LOC135885529
LOC135885529	XM_065413275.1#LOC135885529
LOC135885529	XM_065413274.1#LOC135885529
LOC135885529	XM_065413271.1#LOC135885529
LOC135885529	XM_065413272.1#LOC135885529
LOC135885529	XM_065413266.1#LOC135885529
LOC135885529	XM_065413273.1#LOC135885529
LOC135885529	XM_065413269.1#LOC135885529
LOC135885529	XM_065413265.1#LOC135885529
LOC135885529	XM_065413268.1#LOC135885529
LOC135885529	XM_065413267.1#LOC135885529
XIRP2	XM_065413471.1#XIRP2
B3GALT1	XM_065413763.1#B3GALT1
STK39	XM_065413496.1#STK39
CERS6	XM_065413633.1#CERS6
CERS6	XM_065413634.1#CERS6
NOSTRIN	XM_065413689.1#NOSTRIN
SPC25	XM_065413746.1#SPC25
G6PC2	XM_065413686.1#G6PC2
ABCB11	XM_065413783.1#ABCB11
ABCB11	XM_065413781.1#ABCB11
DHRS9	XM_065413364.1#DHRS9
LOC135885785	XM_065413690.1#LOC135885785
LRP2	XM_065412898.1#LRP2
LOC135885700	XM_065413594.1#LOC135885700
LOC135885787	XM_065413692.1#LOC135885787
BBS5	XM_065413221.1#BBS5
KLHL41	XM_065413220.1#KLHL41
FASTKD1	XM_065413624.1#FASTKD1
PPIG	XM_065412953.1#PPIG
CFAP210	XM_065413457.1#CFAP210
PHOSPHO2	XM_065413458.1#PHOSPHO2
KLHL23	XM_065413824.1#KLHL23
SSB	XM_065413122.1#SSB
METTL5	XM_065413125.1#METTL5
METTL5	XM_065413123.1#METTL5
METTL5	XM_065413126.1#METTL5
UBR3	XM_065412946.1#UBR3
MYO3B	XM_065413693.1#MYO3B
SP5	XM_065413741.1#SP5
ERICH2	XM_065413694.1#ERICH2
GAD1	XM_065412863.1#GAD1
GORASP2	XM_065413235.1#GORASP2
TLK1	XM_065413227.1#TLK1
TLK1	XM_065413228.1#TLK1
METTL8	XM_065413444.1#METTL8
DCAF17	XM_065413592.1#DCAF17
LOC135885556	XM_065413355.1#LOC135885556
LOC135885556	XM_065413356.1#LOC135885556
DYNC1I2	XM_065412864.1#DYNC1I2
SLC25A12	XM_065413224.1#SLC25A12
HAT1	XM_065413357.1#HAT1
METAP1D	XM_065413742.1#METAP1D
DLX1	XM_065413606.1#DLX1
DLX1	XM_065413607.1#DLX1
DLX2	XM_065413687.1#DLX2
ITGA6	XM_065412868.1#ITGA6
ITGA6	XM_065412869.1#ITGA6
ITGA6	XM_065412870.1#ITGA6
PDK1	XM_065413359.1#PDK1
LOC135885677	XM_065413570.1#LOC135885677
RAPGEF4	XM_065412928.1#RAPGEF4
MAP3K20	XM_065413487.1#MAP3K20
MAP3K20	XM_065413489.1#MAP3K20
CDCA7	XM_065413698.1#CDCA7
SP3	XM_065413382.1#SP3
OLA1	XM_065413132.1#OLA1
OLA1	XM_065413129.1#OLA1
OLA1	XM_065413130.1#OLA1
OLA1	XM_065413131.1#OLA1
SP9	XM_065413645.1#SP9
CIR1	XM_065413168.1#CIR1
SCRN3	XM_065413214.1#SCRN3
GPR155	XM_065413115.1#GPR155
WIPF1	XM_065413617.1#WIPF1
CHRNA1	XM_065412945.1#CHRNA1
CHN1	XM_065413430.1#CHN1
ATF2	XM_065413078.1#ATF2
ATF2	XM_065413079.1#ATF2
ATF2	XM_065413077.1#ATF2
ATF2	XM_065413080.1#ATF2
ATP5MC3	XM_065413453.1#ATP5MC3
LNPK	XM_065412895.1#LNPK
LNPK	XM_065412897.1#LNPK
LNPK	XM_065412893.1#LNPK
LNPK	XM_065412894.1#LNPK
EVX2	XM_065413840.1#EVX2
HOXD13	XM_065413688.1#HOXD13
HOXD12	XM_065413809.1#HOXD12
HOXD11	XM_065413625.1#HOXD11
HOXD10	XM_065413215.1#HOXD10
HOXD9	XM_065413216.1#HOXD9
HOXD8	XM_065413401.1#HOXD8
HOXD8	XM_065413402.1#HOXD8
HOXD8	XM_065413404.1#HOXD8
HOXD4	XM_065413459.1#HOXD4
HOXD3	XM_065413422.1#HOXD3
HOXD3	XM_065413423.1#HOXD3
HOXD3	XM_065413424.1#HOXD3
HOXD1	XM_065413716.1#HOXD1
MTX2	XM_065413564.1#MTX2
HNRNPA3	XM_065412874.1#HNRNPA3
NFE2L2	XM_065413352.1#NFE2L2
NFE2L2	XM_065413353.1#NFE2L2
AGPS	XM_065413460.1#AGPS
LOC135885768	XM_065413673.1#LOC135885768
PDE11A	XM_065412947.1#PDE11A
LOC135885294	XM_065412948.1#LOC135885294
RBM45	XM_065413472.1#RBM45
RBM45	XM_065413473.1#RBM45
OSBPL6	XM_065413172.1#OSBPL6
OSBPL6	XM_065413173.1#OSBPL6
OSBPL6	XM_065413175.1#OSBPL6
OSBPL6	XM_065413174.1#OSBPL6
PRKRA	XM_065413328.1#PRKRA
PRKRA	XM_065413327.1#PRKRA
PRKRA	XM_065413329.1#PRKRA
PRKRA	XM_065413330.1#PRKRA
PJVK	XM_065413830.1#PJVK
PJVK	XM_065413831.1#PJVK
FKBP7	XM_065413491.1#FKBP7
FKBP7	XM_065413490.1#FKBP7
PLEKHA3	XM_065412916.1#PLEKHA3
PLEKHA3	XM_065412915.1#PLEKHA3
TTN	XM_065413700.1#TTN
CCDC141	XM_065412914.1#CCDC141
SESTD1	XM_065413701.1#SESTD1
ZNF385B	XM_065413602.1#ZNF385B
CWC22	XM_065413156.1#CWC22
LOC135885401	XM_065413082.1#LOC135885401
UBE2E3	XM_065413213.1#UBE2E3
UBE2E3	XM_065413211.1#UBE2E3
ITGA4	XM_065413155.1#ITGA4
CERKL	XM_065413664.1#CERKL
NEUROD1	XM_065413589.1#NEUROD1
ITPRID2	XM_065413046.1#ITPRID2
PPP1R1C	XM_065413772.1#PPP1R1C
PDE1A	XM_065413365.1#PDE1A
PDE1A	XM_065413366.1#PDE1A
DNAJC10	XM_065413205.1#DNAJC10
FRZB	XM_065413636.1#FRZB
NCKAP1	XM_065413201.1#NCKAP1
NCKAP1	XM_065413202.1#NCKAP1
DUSP19	XM_065413678.1#DUSP19
NUP35	XM_065413152.1#NUP35
NUP35	XM_065413153.1#NUP35
NUP35	XM_065413154.1#NUP35
ZNF804A	XM_065413818.1#ZNF804A
ZC3H15	XM_065413166.1#ZC3H15
ITGAV	XM_065412981.1#ITGAV
FAM171B	XM_065413760.1#FAM171B
ZSWIM2	XM_065413779.1#ZSWIM2
CALCRL	XM_065413618.1#CALCRL
TFPI	XM_065413563.1#TFPI
TFPI	XM_065413561.1#TFPI
TFPI	XM_065413560.1#TFPI
TFPI	XM_065413562.1#TFPI
GULP1	XM_065413677.1#GULP1
COL3A1	XM_065413703.1#COL3A1
COL5A2	XM_065413206.1#COL5A2
WDR75	XM_065413120.1#WDR75
SLC40A1	XM_065413062.1#SLC40A1
SLC40A1	XM_065413061.1#SLC40A1
ASNSD1	XM_065413418.1#ASNSD1
ANKAR	XM_065413417.1#ANKAR
OSGEPL1	XM_065413596.1#OSGEPL1
OSGEPL1	XM_065413595.1#OSGEPL1
ORMDL1	XM_065413467.1#ORMDL1
PMS1	XM_065413260.1#PMS1
MSTN	XM_065413375.1#MSTN
HIBCH	XM_065413454.1#HIBCH
INPP1	XM_065412982.1#INPP1
MFSD6	XM_065413726.1#MFSD6
NEMP2	XM_065412983.1#NEMP2
NAB1	XM_065413710.1#NAB1
NAB1	XM_065413711.1#NAB1
GLS	XM_065413253.1#GLS
STAT1	XM_065413250.1#STAT1
STAT1	XM_065413251.1#STAT1
STAT4	XM_065413852.1#STAT4
MYO1B	XM_065413246.1#MYO1B
MYO1B	XM_065413248.1#MYO1B
MYO1B	XM_065413247.1#MYO1B
MYO1B	XM_065413249.1#MYO1B
LOC135885858	XM_065413764.1#LOC135885858
LOC135885846	XM_065413752.1#LOC135885846
NABP1	XM_065413770.1#NABP1
CAVIN2	XM_065413744.1#CAVIN2
TMEFF2	XM_065413642.1#TMEFF2
SLC39A10	XM_065413575.1#SLC39A10
DNAH7	XM_065413626.1#DNAH7
LOC135885740	XM_065413647.1#LOC135885740
STK17B	XM_065413264.1#STK17B
HECW2	XM_065413387.1#HECW2
CCDC150	XM_065413584.1#CCDC150
GTF3C3	XM_065413257.1#GTF3C3
C11H2orf66	XM_065412866.1#C11H2orf66
PGAP1	XM_065413556.1#PGAP1
ANKRD44	XM_065413045.1#ANKRD44
SF3B1	XM_065413748.1#SF3B1
SF3B1	XM_065413747.1#SF3B1
SF3B1	XM_065413749.1#SF3B1
SF3B1	XM_065413751.1#SF3B1
SF3B1	XM_065413750.1#SF3B1
COQ10B	XM_065413064.1#COQ10B
HSPD1	XM_065413063.1#HSPD1
LOC135885285	XM_065412932.1#LOC135885285
LOC135885285	XM_065412931.1#LOC135885285
LOC135885285	XM_065412929.1#LOC135885285
RFTN2	XM_065413834.1#RFTN2
BOLL	XM_065412985.1#BOLL
PLCL1	XM_065413646.1#PLCL1
SATB2	XM_065413500.1#SATB2
FTCDNL1	XM_065413775.1#FTCDNL1
FTCDNL1	XM_065413774.1#FTCDNL1
FTCDNL1	XM_065413773.1#FTCDNL1
C11H2orf69	XM_065413765.1#C11H2orf69
TYW5	XM_065413630.1#TYW5
MAIP1	XM_065413373.1#MAIP1
SPATS2L	XM_065413572.1#SPATS2L
KCTD18	XM_065413708.1#KCTD18
AOX1	XM_065413109.1#AOX1
LOC135885414	XM_065413095.1#LOC135885414
BZW1	XM_065413313.1#BZW1
BZW1	XM_065413314.1#BZW1
CLK1	XM_065413310.1#CLK1
CLK1	XM_065413311.1#CLK1
PPIL3	XM_065413316.1#PPIL3
PPIL3	XM_065413315.1#PPIL3
NIF3L1	XM_065413312.1#NIF3L1
ORC2	XM_065413495.1#ORC2
HYCC2	XM_065413598.1#HYCC2
NDUFB3	XM_065413436.1#NDUFB3
CFLAR	XM_065413392.1#CFLAR
CFLAR	XM_065413393.1#CFLAR
CFLAR	XM_065413394.1#CFLAR
CFLAR	XM_065413395.1#CFLAR
CASP10	XM_065413111.1#CASP10
LOC135885638	XM_065413469.1#LOC135885638
LOC135885510	XM_065413238.1#LOC135885510
LOC135885510	XM_065413241.1#LOC135885510
FLACC1	XM_065412873.1#FLACC1
TRAK2	XM_065413149.1#TRAK2
STRADB	XM_065412986.1#STRADB
C2CD6	XM_065412987.1#C2CD6
TMEM237	XM_065413702.1#TMEM237
MPP4	XM_065412988.1#MPP4
ALS2	XM_065413178.1#ALS2
ALS2	XM_065413179.1#ALS2
CDK15	XM_065413619.1#CDK15
FZD7	XM_065413195.1#FZD7
KIAA2012	XM_065413825.1#KIAA2012
SUMO1	XM_065413334.1#SUMO1
NOP58	XM_065412978.1#NOP58
BMPR2	XM_065413053.1#BMPR2
LOC135885384	XM_065413054.1#LOC135885384
FAM117B	XM_065412913.1#FAM117B
ICA1L	XM_065413605.1#ICA1L
WDR12	XM_065413222.1#WDR12
CARF	XM_065413557.1#CARF
CNBD2	XM_065412989.1#CNBD2
NBEAL1	XM_065413192.1#NBEAL1
LOC135885385	XM_065413055.1#LOC135885385
LOC135885385	XM_065413056.1#LOC135885385
LOC135885624	XM_065413450.1#LOC135885624
LOC135885624	XM_065413451.1#LOC135885624
ABI2	XM_065413550.1#ABI2
ABI2	XM_065413507.1#ABI2
ABI2	XM_065413508.1#ABI2
ABI2	XM_065413511.1#ABI2
ABI2	XM_065413509.1#ABI2
ABI2	XM_065413512.1#ABI2
ABI2	XM_065413514.1#ABI2
ABI2	XM_065413517.1#ABI2
ABI2	XM_065413525.1#ABI2
ABI2	XM_065413516.1#ABI2
ABI2	XM_065413528.1#ABI2
ABI2	XM_065413506.1#ABI2
ABI2	XM_065413510.1#ABI2
ABI2	XM_065413518.1#ABI2
ABI2	XM_065413519.1#ABI2
ABI2	XM_065413529.1#ABI2
ABI2	XM_065413530.1#ABI2
ABI2	XM_065413521.1#ABI2
ABI2	XM_065413523.1#ABI2
ABI2	XM_065413531.1#ABI2
ABI2	XM_065413513.1#ABI2
ABI2	XM_065413524.1#ABI2
ABI2	XM_065413534.1#ABI2
ABI2	XM_065413538.1#ABI2
ABI2	XM_065413545.1#ABI2
ABI2	XM_065413548.1#ABI2
ABI2	XM_065413515.1#ABI2
ABI2	XM_065413526.1#ABI2
ABI2	XM_065413537.1#ABI2
ABI2	XM_065413540.1#ABI2
ABI2	XM_065413547.1#ABI2
ABI2	XM_065413549.1#ABI2
ABI2	XM_065413551.1#ABI2
ABI2	XM_065413544.1#ABI2
ABI2	XM_065413553.1#ABI2
ABI2	XM_065413527.1#ABI2
ABI2	XM_065413533.1#ABI2
ABI2	XM_065413543.1#ABI2
ABI2	XM_065413535.1#ABI2
ABI2	XM_065413539.1#ABI2
ABI2	XM_065413546.1#ABI2
ABI2	XM_065413541.1#ABI2
ABI2	XM_065413542.1#ABI2
ABI2	XM_065413554.1#ABI2
RAPH1	XM_065413713.1#RAPH1
RAPH1	XM_065413712.1#RAPH1
LOC135885871	XM_065413780.1#LOC135885871
CTLA4	XM_065413810.1#CTLA4
LOC135885898	XM_065413823.1#LOC135885898
PARD3B	XM_065413438.1#PARD3B
NRP2	XM_065413806.1#NRP2
NRP2	XM_065413807.1#NRP2
NRP2	XM_065413808.1#NRP2
INO80D	XM_065413204.1#INO80D
INO80D	XM_065413203.1#INO80D
NDUFS1	XM_065413232.1#NDUFS1
EEF1B2	XM_065413066.1#EEF1B2
CMKLR2	XM_065413707.1#CMKLR2
ZDBF2	XM_065412990.1#ZDBF2
ADAM23	XM_065413052.1#ADAM23
FAM237A	XM_065413859.1#FAM237A
DYTN	XM_065412878.1#DYTN
MDH1B	XM_065413735.1#MDH1B
FASTKD2	XM_065413597.1#FASTKD2
CPO	XM_065413754.1#CPO
KLF7	XM_065413582.1#KLF7
KLF7	XM_065413583.1#KLF7
CREB1	XM_065413857.1#CREB1
CREB1	XM_065413858.1#CREB1
METTL21A	XM_065413580.1#METTL21A
CCNYL1	XM_065413071.1#CCNYL1
FZD5	XM_065413389.1#FZD5
PLEKHM3	XM_065413837.1#PLEKHM3
LOC135885318	XM_065412991.1#LOC135885318
LOC135885463	XM_065413182.1#LOC135885463
LOC135885319	XM_065412992.1#LOC135885319
LOC135885320	XM_065412993.1#LOC135885320
LOC135885321	XM_065412995.1#LOC135885321
LOC135885322	XM_065412996.1#LOC135885322
LOC135885323	XM_065412997.1#LOC135885323
LOC135885441	XM_065413147.1#LOC135885441
LOC135885478	XM_065413199.1#LOC135885478
LOC135885478	XM_065413198.1#LOC135885478
C11H2orf80	XM_065412880.1#C11H2orf80
IDH1	XM_065413188.1#IDH1
PIKFYVE	XM_065413282.1#PIKFYVE
PIKFYVE	XM_065413280.1#PIKFYVE
PTH2R	XM_065413684.1#PTH2R
MAP2	XM_065412954.1#MAP2
MAP2	XM_065412957.1#MAP2
MAP2	XM_065412958.1#MAP2
MAP2	XM_065412959.1#MAP2
MAP2	XM_065412956.1#MAP2
MAP2	XM_065412960.1#MAP2
MAP2	XM_065412962.1#MAP2
MAP2	XM_065412963.1#MAP2
MAP2	XM_065412964.1#MAP2
MAP2	XM_065412972.1#MAP2
MAP2	XM_065412965.1#MAP2
MAP2	XM_065412967.1#MAP2
MAP2	XM_065412974.1#MAP2
MAP2	XM_065412969.1#MAP2
MAP2	XM_065412973.1#MAP2
MAP2	XM_065412975.1#MAP2
MAP2	XM_065412976.1#MAP2
MAP2	XM_065412970.1#MAP2
MAP2	XM_065412961.1#MAP2
MAP2	XM_065412966.1#MAP2
MAP2	XM_065412968.1#MAP2
MAP2	XM_065412977.1#MAP2
UNC80	XM_065413385.1#UNC80
UNC80	XM_065413384.1#UNC80
UNC80	XM_065413386.1#UNC80
RPE	XM_065413420.1#RPE
KANSL1L	XM_065412998.1#KANSL1L
ACADL	XM_065413586.1#ACADL
MYL1	XM_065412999.1#MYL1
LANCL1	XM_065413158.1#LANCL1
CPS1	XM_065412949.1#CPS1
ERBB4	XM_065413000.1#ERBB4
IKZF2	XM_065413076.1#IKZF2
IKZF2	XM_065413074.1#IKZF2
IKZF2	XM_065413075.1#IKZF2
IKZF2	XM_065413073.1#IKZF2
IKZF2	XM_065413072.1#IKZF2
SPAG16	XM_065413738.1#SPAG16
VWC2L	XM_065412871.1#VWC2L
BARD1	XM_065413569.1#BARD1
ABCA12	XM_065413187.1#ABCA12
ATIC	XM_065413059.1#ATIC
FN1	XM_065413226.1#FN1
MREG	XM_065413758.1#MREG
LOC135885639	XM_065413470.1#LOC135885639
LOC135885888	XM_065413811.1#LOC135885888
LOC135885910	XM_065413839.1#LOC135885910
LOC135885874	XM_065413785.1#LOC135885874
LOC135885387	XM_065413058.1#LOC135885387
LOC135885327	XM_065413003.1#LOC135885327
LOC135885930	XM_065413862.1#LOC135885930
LOC135885328	XM_065413004.1#LOC135885328
LOC135885251	XM_065412877.1#LOC135885251
LOC135885906	XM_065413835.1#LOC135885906
LOC135885331	XM_065413005.1#LOC135885331
LOC135885332	XM_065413006.1#LOC135885332
LOC135885333	XM_065413007.1#LOC135885333
LOC135885276	XM_065412919.1#LOC135885276
UBE2F	XM_065412933.1#UBE2F
RAMP1	XM_065413008.1#RAMP1
RBM44	XM_065413817.1#RBM44
LRRFIP1	XM_065413159.1#LRRFIP1
RAB17	XM_065413009.1#RAB17
PRLH	XM_065412881.1#PRLH
MLPH	XM_065413415.1#MLPH
COL6A3	XM_065413388.1#COL6A3
COPS8	XM_065413065.1#COPS8
ACKR3	XM_065413836.1#ACKR3
IQCA1	XM_065413010.1#IQCA1
ASB18	XM_065413832.1#ASB18
GBX2	XM_065413723.1#GBX2
AGAP1	XM_065412923.1#AGAP1
AGAP1	XM_065412922.1#AGAP1
TRPM8	XM_065413047.1#TRPM8
SPP2	XM_065413838.1#SPP2
LOC135885338	XM_065413012.1#LOC135885338
ARL4C	XM_065413499.1#ARL4C
LOC135885709	XM_065413609.1#LOC135885709
LOC135885339	XM_065413013.1#LOC135885339
LOC135885283	XM_065412927.1#LOC135885283
LOC135885296	XM_065412950.1#LOC135885296
NDUFA10	XM_065413309.1#NDUFA10
HDAC4	XM_065412876.1#HDAC4
TWIST2	XM_065413731.1#TWIST2
ASB1	XM_065413767.1#ASB1
TRAF3IP1	XM_065413622.1#TRAF3IP1
LOC135885242	XM_065412865.1#LOC135885242
USP40	XM_065412902.1#USP40
LOC135885341	XM_065413014.1#LOC135885341
LOC135885342	XM_065413015.1#LOC135885342
LOC135885343	XM_065413016.1#LOC135885343
LOC135885346	XM_065413018.1#LOC135885346
LOC135885742	XM_065413648.1#LOC135885742
LOC135885743	XM_065413649.1#LOC135885743
SH3BP4	XM_065413719.1#SH3BP4
LOC135885347	XM_065413019.1#LOC135885347
LOC135885348	XM_065413020.1#LOC135885348
LOC135885349	XM_065413021.1#LOC135885349
LOC135885350	XM_065413022.1#LOC135885350
LOC135885352	XM_065413023.1#LOC135885352
SLC19A1	XM_065413107.1#SLC19A1
COL18A1	XM_065413419.1#COL18A1
PCBP3	XM_065413139.1#PCBP3
PCBP3	XM_065413140.1#PCBP3
PCBP3	XM_065413141.1#PCBP3
PCBP3	XM_065413142.1#PCBP3
PCBP3	XM_065413144.1#PCBP3
PCBP3	XM_065413143.1#PCBP3
PCBP3	XM_065413145.1#PCBP3
PCBP3	XM_065413146.1#PCBP3
COL6A1	XM_065413623.1#COL6A1
COL6A2	XM_065413024.1#COL6A2
LOC135885585	XM_065413397.1#LOC135885585
LOC135885585	XM_065413398.1#LOC135885585
FTCD	XM_065413681.1#FTCD
LOC135885454	XM_065413165.1#LOC135885454
LOC135885454	XM_065413164.1#LOC135885454
S100B	XM_065413715.1#S100B
LOC135885354	XM_065413025.1#LOC135885354
DIP2A	XM_065412925.1#DIP2A
PCNT	XM_065413237.1#PCNT
C11H21orf58	XM_065413027.1#C11H21orf58
KMO	XM_065413611.1#KMO
ITGB2	XM_065412980.1#ITGB2
ITGB2	XM_065412979.1#ITGB2
SLX9	XM_065413610.1#SLX9
ADARB1	XM_065413578.1#ADARB1
POFUT2	XM_065413225.1#POFUT2
YBEY	XM_065413361.1#YBEY
YBEY	XM_065413360.1#YBEY
YBEY	XM_065413362.1#YBEY
MCM3AP	XM_065413441.1#MCM3AP
LOC135885431	XM_065413121.1#LOC135885431
LOC135885674	XM_065413567.1#LOC135885674
LOC135885674	XM_065413566.1#LOC135885674
LOC135885356	XM_065413028.1#LOC135885356
LOC135885262	XM_065412887.1#LOC135885262
LOC135885357	XM_065413029.1#LOC135885357
LOC135885255	XM_065412882.1#LOC135885255
LOC135885360	XM_065413030.1#LOC135885360
LOC135885263	XM_065412889.1#LOC135885263
LOC135885263	XM_065412888.1#LOC135885263
LOC135885361	XM_065413031.1#LOC135885361
LOC135885362	XM_065413032.1#LOC135885362
LOC135885363	XM_065413033.1#LOC135885363
LOC135885364	XM_065413034.1#LOC135885364
LOC135885365	XM_065413035.1#LOC135885365
LOC135885366	XM_065413036.1#LOC135885366
LOC135885367	XM_065413037.1#LOC135885367
LOC135885369	XM_065413039.1#LOC135885369
LOC135885259	XM_065412885.1#LOC135885259
LOC135885264	XM_065412890.1#LOC135885264
LOC135885370	XM_065413040.1#LOC135885370
LOC135885371	XM_065413041.1#LOC135885371
LOC135885372	XM_065413042.1#LOC135885372
LOC135885373	XM_065413043.1#LOC135885373
LOC135885258	XM_065412884.1#LOC135885258
LOC135885256	XM_065412883.1#LOC135885256
LOC135885408	XM_065413090.1#LOC135885408
LOC135885410	XM_065413093.1#LOC135885410
LOC135885407	XM_065413089.1#LOC135885407
LOC135885409	XM_065413091.1#LOC135885409
LOC135885375	XM_065413044.1#LOC135885375
LOC135885404	XM_065413085.1#LOC135885404
LOC135885404	XM_065413086.1#LOC135885404
LOC135885411	XM_065413094.1#LOC135885411
LOC135886530	XM_065414267.1#LOC135886530
LOC135886894	XM_065414671.1#LOC135886894
CCNDBP1	XM_065414299.1#CCNDBP1
ZNFX1	XM_065414360.1#ZNFX1
DDX27	XM_065414443.1#DDX27
SNRPB	XM_065414459.1#SNRPB
ELMO2	XM_065414293.1#ELMO2
ELMO2	XM_065414294.1#ELMO2
SLC35C2	XM_065414435.1#SLC35C2
CDH22	XM_065414874.1#CDH22
CDH22	XM_065414876.1#CDH22
CD40	XM_065414632.1#CD40
CD40	XM_065414631.1#CD40
NCOA5	XM_065414404.1#NCOA5
NCOA5	XM_065414402.1#NCOA5
NCOA5	XM_065414403.1#NCOA5
SLC12A5	XM_065414915.1#SLC12A5
MMP9	XM_065414195.1#MMP9
ZNF335	XM_065414328.1#ZNF335
ZNF335	XM_065414330.1#ZNF335
ZNF335	XM_065414329.1#ZNF335
ZNF335	XM_065414331.1#ZNF335
ZNF335	XM_065414332.1#ZNF335
LOC135886896	XM_065414674.1#LOC135886896
LOC135886463	XM_065414187.1#LOC135886463
PCIF1	XM_065414223.1#PCIF1
PCIF1	XM_065414222.1#PCIF1
PCIF1	XM_065414221.1#PCIF1
PLTP	XM_065414675.1#PLTP
CTSA	XM_065414389.1#CTSA
NEURL2	XM_065414997.1#NEURL2
ZSWIM1	XM_065414641.1#ZSWIM1
ZSWIM3	XM_065414445.1#ZSWIM3
ACOT8	XM_065414676.1#ACOT8
SNX21	XM_065414677.1#SNX21
TNNC2	XM_065414678.1#TNNC2
LOC135886484	XM_065414210.1#LOC135886484
UBE2C	XM_065414742.1#UBE2C
DNTTIP1	XM_065414399.1#DNTTIP1
DNTTIP1	XM_065414398.1#DNTTIP1
LOC135886902	XM_065414679.1#LOC135886902
LOC135886904	XM_065414681.1#LOC135886904
LOC135886014	XM_065413906.1#LOC135886014
WFDC3	XM_065413905.1#WFDC3
LOC135886906	XM_065414683.1#LOC135886906
LOC135886015	XM_065413907.1#LOC135886015
LOC135886012	XM_065413904.1#LOC135886012
LOC135886010	XM_065413902.1#LOC135886010
LOC135886011	XM_065413903.1#LOC135886011
CTNNBL1	XM_065414367.1#CTNNBL1
CTNNBL1	XM_065414368.1#CTNNBL1
VSTM2L	XM_065414981.1#VSTM2L
TTI1	XM_065414206.1#TTI1
RPRD1B	XM_065414207.1#RPRD1B
RPRD1B	XM_065414209.1#RPRD1B
TGM2	XM_065414382.1#TGM2
KIAA1755	XM_065414684.1#KIAA1755
LOC135886684	XM_065414474.1#LOC135886684
CDK5RAP1	XM_065414463.1#CDK5RAP1
LOC135886909	XM_065414686.1#LOC135886909
LOC135886476	XM_065414197.1#LOC135886476
BPIFB6	XM_065414687.1#BPIFB6
LOC135886474	XM_065414196.1#LOC135886474
EFCAB8	XM_065414767.1#EFCAB8
MAPRE1	XM_065414203.1#MAPRE1
MAPRE1	XM_065414205.1#MAPRE1
MAPRE1	XM_065414204.1#MAPRE1
DNMT3B	XM_065414220.1#DNMT3B
COMMD7	XM_065414323.1#COMMD7
NOL4L	XM_065414528.1#NOL4L
ASXL1	XM_065414536.1#ASXL1
KIF3B	XM_065414372.1#KIF3B
POFUT1	XM_065414526.1#POFUT1
PLAGL2	XM_065414935.1#PLAGL2
TM9SF4	XM_065413913.1#TM9SF4
HCK	XM_065415005.1#HCK
CCM2L	XM_065414847.1#CCM2L
XKR7	XM_065414889.1#XKR7
PDRG1	XM_065414692.1#PDRG1
PDRG1	XM_065414693.1#PDRG1
TTLL9	XM_065414865.1#TTLL9
DUSP15	XM_065414843.1#DUSP15
LOC135887005	XM_065414785.1#LOC135887005
FOXS1	XM_065414851.1#FOXS1
MYLK2	XM_065414906.1#MYLK2
TPX2	XM_065414613.1#TPX2
BCL2L1	XM_065414256.1#BCL2L1
BCL2L1	XM_065414258.1#BCL2L1
BCL2L1	XM_065414257.1#BCL2L1
LOC135886723	XM_065414504.1#LOC135886723
LOC135886024	XM_065413916.1#LOC135886024
ID1	XM_065414909.1#ID1
HM13	XM_065414424.1#HM13
REM1	XM_065414838.1#REM1
C12H20orf96	XM_065413922.1#C12H20orf96
SOX12	XM_065414907.1#SOX12
NRSN2	XM_065415032.1#NRSN2
TRIB3	XM_065414478.1#TRIB3
RBCK1	XM_065414477.1#RBCK1
TBC1D20	XM_065414618.1#TBC1D20
TBC1D20	XM_065414617.1#TBC1D20
TBC1D20	XM_065414616.1#TBC1D20
CSNK2A1	XM_065414619.1#CSNK2A1
TCF15	XM_065414857.1#TCF15
SRXN1	XM_065414654.1#SRXN1
SCRT2	XM_065414972.1#SCRT2
SLC52A3	XM_065414811.1#SLC52A3
FAM110A	XM_065414888.1#FAM110A
ANGPT4	XM_065414615.1#ANGPT4
RSPO4	XM_065414926.1#RSPO4
PSMF1	XM_065414218.1#PSMF1
TMEM74B	XM_065415025.1#TMEM74B
RAD21L1	XM_065414796.1#RAD21L1
SNPH	XM_065414858.1#SNPH
SDCBP2	XM_065414706.1#SDCBP2
FKBP1A	XM_065414369.1#FKBP1A
LOC135886671	XM_065414456.1#LOC135886671
NSFL1C	XM_065414335.1#NSFL1C
LOC135886556	XM_065414305.1#LOC135886556
LOC135886555	XM_065414304.1#LOC135886555
LOC135886596	XM_065414355.1#LOC135886596
PDYN	XM_065415008.1#PDYN
STK35	XM_065414673.1#STK35
STK35	XM_065414672.1#STK35
FNDC11	XM_065414244.1#FNDC11
HELZ2	XM_065414373.1#HELZ2
GMEB2	XM_065414535.1#GMEB2
STMN3	XM_065414498.1#STMN3
RTEL1	XM_065414190.1#RTEL1
TNFRSF6B	XM_065414193.1#TNFRSF6B
ARFRP1	XM_065414405.1#ARFRP1
ZGPAT	XM_065414488.1#ZGPAT
SLC2A4RG	XM_065414763.1#SLC2A4RG
ZBTB46	XM_065414338.1#ZBTB46
ABHD16B	XM_065414898.1#ABHD16B
TPD52L2	XM_065414240.1#TPD52L2
TPD52L2	XM_065414243.1#TPD52L2
TPD52L2	XM_065414242.1#TPD52L2
TPD52L2	XM_065414241.1#TPD52L2
DNAJC5	XM_065414626.1#DNAJC5
LOC135886916	XM_065414691.1#LOC135886916
LOC135886540	XM_065414287.1#LOC135886540
UCKL1	XM_065414351.1#UCKL1
ZNF512B	XM_065414638.1#ZNF512B
SAMD10	XM_065414967.1#SAMD10
PRPF6	XM_065414214.1#PRPF6
C12H20orf204	XM_065414694.1#C12H20orf204
SOX18	XM_065414809.1#SOX18
TCEA2	XM_065414584.1#TCEA2
RGS19	XM_065414486.1#RGS19
LKAAEAR1	XM_065413911.1#LKAAEAR1
OPRL1	XM_065414425.1#OPRL1
NPBWR2	XM_065414962.1#NPBWR2
MYT1	XM_065414695.1#MYT1
PCMTD2	XM_065414420.1#PCMTD2
PCMTD2	XM_065414421.1#PCMTD2
LOC135886751	XM_065414533.1#LOC135886751
SRMS	XM_065413923.1#SRMS
PTK6	XM_065413924.1#PTK6
PPDPF	XM_065414356.1#PPDPF
EEF1A2	XM_065414262.1#EEF1A2
KCNQ2	XM_065414277.1#KCNQ2
KCNQ2	XM_065414276.1#KCNQ2
KCNQ2	XM_065414278.1#KCNQ2
KCNQ2	XM_065414280.1#KCNQ2
KCNQ2	XM_065414279.1#KCNQ2
CHRNA4	XM_065414186.1#CHRNA4
COL20A1	XM_065414696.1#COL20A1
LOC135887024	XM_065414804.1#LOC135887024
ARFGAP1	XM_065414776.1#ARFGAP1
NKAIN4	XM_065414744.1#NKAIN4
BIRC7	XM_065414863.1#BIRC7
YTHDF1	XM_065414350.1#YTHDF1
BHLHE23	XM_065414989.1#BHLHE23
SLC17A9	XM_065414866.1#SLC17A9
GID8	XM_065414715.1#GID8
DIDO1	XM_065414301.1#DIDO1
TCFL5	XM_065414939.1#TCFL5
COL9A3	XM_065414984.1#COL9A3
OGFR	XM_065414352.1#OGFR
MRGBP	XM_065414447.1#MRGBP
NTSR1	XM_065414990.1#NTSR1
SLCO4A1	XM_065414902.1#SLCO4A1
GATA5	XM_065414598.1#GATA5
RBBP8NL	XM_065414959.1#RBBP8NL
CABLES2	XM_065414711.1#CABLES2
RPS21	XM_065414525.1#RPS21
LAMA5	XM_065414983.1#LAMA5
ADRM1	XM_065414370.1#ADRM1
OSBPL2	XM_065413909.1#OSBPL2
OSBPL2	XM_065413908.1#OSBPL2
OSBPL2	XM_065413910.1#OSBPL2
HRH3	XM_065414769.1#HRH3
MTG2	XM_065414479.1#MTG2
SS18L1	XM_065414606.1#SS18L1
PSMA7	XM_065414189.1#PSMA7
LSM14B	XM_065414472.1#LSM14B
LSM14B	XM_065414471.1#LSM14B
LSM14B	XM_065414470.1#LSM14B
LSM14B	XM_065414469.1#LSM14B
LSM14B	XM_065414468.1#LSM14B
LSM14B	XM_065414467.1#LSM14B
TAF4	XM_065414529.1#TAF4
CDH4	XM_065414321.1#CDH4
CDH4	XM_065414320.1#CDH4
CDH26	XM_065414697.1#CDH26
FAM217B	XM_065415030.1#FAM217B
PPP1R3D	XM_065414893.1#PPP1R3D
SYCP2	XM_065415027.1#SYCP2
PHACTR3	XM_065414698.1#PHACTR3
EDN3	XM_065414911.1#EDN3
ZNF831	XM_065413869.1#ZNF831
LOC135886925	XM_065414700.1#LOC135886925
LOC135886652	XM_065414432.1#LOC135886652
PRELID3B	XM_065414489.1#PRELID3B
ATP5F1E	XM_065414344.1#ATP5F1E
TUBB1	XM_065414342.1#TUBB1
CTSZ	XM_065414428.1#CTSZ
NELFCD	XM_065414701.1#NELFCD
GNAS	XM_065414878.1#GNAS
GNAS	XM_065414879.1#GNAS
GNAS	XM_065414880.1#GNAS
GNAS	XM_065414881.1#GNAS
LOC135886927	XM_065414702.1#LOC135886927
NPEPL1	XM_065414442.1#NPEPL1
STX16	XM_065414591.1#STX16
STX16	XM_065414588.1#STX16
STX16	XM_065414590.1#STX16
STX16	XM_065414587.1#STX16
STX16	XM_065414589.1#STX16
APCDD1L	XM_065414703.1#APCDD1L
VAPB	XM_065414993.1#VAPB
RAB22A	XM_065414496.1#RAB22A
LOC135887220	XM_065414992.1#LOC135887220
CIMIP1	XM_065414705.1#CIMIP1
PMEPA1	XM_065414699.1#PMEPA1
ZBP1	XM_065414978.1#ZBP1
PCK1	XM_065414624.1#PCK1
CTCFL	XM_065414608.1#CTCFL
RBM38	XM_065414308.1#RBM38
RAE1	XM_065414457.1#RAE1
SPO11	XM_065414974.1#SPO11
BMP7	XM_065414444.1#BMP7
TFAP2C	XM_065414573.1#TFAP2C
TFAP2C	XM_065414572.1#TFAP2C
RTF2	XM_065414282.1#RTF2
RTF2	XM_065414281.1#RTF2
LOC135886985	XM_065414762.1#LOC135886985
CASS4	XM_065414821.1#CASS4
CSTF1	XM_065414530.1#CSTF1
AURKA	XM_065414226.1#AURKA
FAM210B	XM_065414336.1#FAM210B
MC3R	XM_065414634.1#MC3R
CBLN4	XM_065414827.1#CBLN4
DOK5	XM_065414755.1#DOK5
DOK5	XM_065414754.1#DOK5
PFDN4	XM_065414620.1#PFDN4
LOC135887126	XM_065414904.1#LOC135887126
BCAS1	XM_065414883.1#BCAS1
ZNF217	XM_065414581.1#ZNF217
TSHZ2	XM_065414708.1#TSHZ2
ZFP64	XM_065414897.1#ZFP64
SALL4	XM_065414574.1#SALL4
ATP9A	XM_065414433.1#ATP9A
NFATC2	XM_065414202.1#NFATC2
KCNG1	XM_065414932.1#KCNG1
MOCS3	XM_065414846.1#MOCS3
DPM1	XM_065414286.1#DPM1
ADNP	XM_065414481.1#ADNP
BCAS4	XM_065415003.1#BCAS4
PARD6B	XM_065414841.1#PARD6B
RIPOR3	XM_065414441.1#RIPOR3
PTPN1	XM_065414797.1#PTPN1
CEBPB	XM_065414630.1#CEBPB
PEDS1	XM_065415020.1#PEDS1
UBE2V1	XM_065415021.1#UBE2V1
UBE2V1	XM_065415022.1#UBE2V1
SNAI1	XM_065414815.1#SNAI1
RNF114	XM_065414490.1#RNF114
SPATA2	XM_065414912.1#SPATA2
LOC135887224	XM_065414996.1#LOC135887224
SLC9A8	XM_065414422.1#SLC9A8
B4GALT5	XM_065414577.1#B4GALT5
PTGIS	XM_065414788.1#PTGIS
KCNB1	XM_065414667.1#KCNB1
LOC135886937	XM_065414713.1#LOC135886937
LOC135886938	XM_065414714.1#LOC135886938
STAU1	XM_065414234.1#STAU1
STAU1	XM_065414233.1#STAU1
CSE1L	XM_065414318.1#CSE1L
ARFGEF2	XM_065414823.1#ARFGEF2
PREX1	XM_065414327.1#PREX1
SULF2	XM_065414417.1#SULF2
SULF2	XM_065414416.1#SULF2
SULF2	XM_065414418.1#SULF2
NCOA3	XM_065414716.1#NCOA3
LOC135886625	XM_065414395.1#LOC135886625
LOC135886625	XM_065414397.1#LOC135886625
ZMYND8	XM_065414199.1#ZMYND8
EYA2	XM_065414284.1#EYA2
EYA2	XM_065414283.1#EYA2
SLC2A10	XM_065414717.1#SLC2A10
TP53RK	XM_065414854.1#TP53RK
SLC13A3	XM_065414386.1#SLC13A3
OCSTAMP	XM_065414718.1#OCSTAMP
LOC135887138	XM_065414917.1#LOC135887138
JPH2	XM_065414756.1#JPH2
OSER1	XM_065414366.1#OSER1
LOC135886602	XM_065414361.1#LOC135886602
LOC135886602	XM_065414362.1#LOC135886602
LOC135886602	XM_065414364.1#LOC135886602
LOC135886602	XM_065414365.1#LOC135886602
LOC135886602	XM_065414363.1#LOC135886602
GDAP1L1	XM_065414723.1#GDAP1L1
GDAP1L1	XM_065414724.1#GDAP1L1
GDAP1L1	XM_065414727.1#GDAP1L1
GDAP1L1	XM_065414725.1#GDAP1L1
FITM2	XM_065414466.1#FITM2
R3HDML	XM_065414969.1#R3HDML
HNF4A	XM_065414392.1#HNF4A
HNF4A	XM_065414393.1#HNF4A
TTPAL	XM_065414914.1#TTPAL
SERINC3	XM_065414955.1#SERINC3
PKIG	XM_065414950.1#PKIG
LOC135886943	XM_065414719.1#LOC135886943
LOC135886594	XM_065414353.1#LOC135886594
CCN5	XM_065414960.1#CCN5
KCNK15	XM_065414938.1#KCNK15
RIMS4	XM_065414801.1#RIMS4
YWHAB	XM_065414260.1#YWHAB
YWHAB	XM_065414259.1#YWHAB
YWHAB	XM_065414261.1#YWHAB
PABPC1L	XM_065414357.1#PABPC1L
TOMM34	XM_065414592.1#TOMM34
STK4	XM_065414264.1#STK4
KCNS1	XM_065414793.1#KCNS1
LOC135886519	XM_065414252.1#LOC135886519
LOC135886520	XM_065414253.1#LOC135886520
MATN4	XM_065414585.1#MATN4
RBPJL	XM_065414643.1#RBPJL
SDC4	XM_065414704.1#SDC4
SYS1	XM_065414521.1#SYS1
LOC135886740	XM_065414523.1#LOC135886740
DBNDD2	XM_065414720.1#DBNDD2
PIGT	XM_065414354.1#PIGT
BLCAP	XM_065414236.1#BLCAP
SRC	XM_065414850.1#SRC
SRC	XM_065414849.1#SRC
SRC	XM_065414848.1#SRC
MANBAL	XM_065414779.1#MANBAL
GHRH	XM_065415012.1#GHRH
RPN2	XM_065414117.1#RPN2
EMILIN3	XM_065415002.1#EMILIN3
LPIN3	XM_065414817.1#LPIN3
ZHX3	XM_065414721.1#ZHX3
PLCG1	XM_065414816.1#PLCG1
TOP1	XM_065414250.1#TOP1
MAFB	XM_065414825.1#MAFB
LOC135886947	XM_065414728.1#LOC135886947
DHX35	XM_065414246.1#DHX35
LOC135886949	XM_065414730.1#LOC135886949
LOC135887090	XM_065414873.1#LOC135887090
PPP1R16B	XM_065414872.1#PPP1R16B
PPP1R16B	XM_065414871.1#PPP1R16B
ACTR5	XM_065414738.1#ACTR5
ARHGAP40	XM_065414247.1#ARHGAP40
SLC32A1	XM_065414929.1#SLC32A1
PTPRT	XM_065414819.1#PTPRT
PTPRT	XM_065414820.1#PTPRT
MYBL2	XM_065414837.1#MYBL2
IFT52	XM_065414484.1#IFT52
IFT52	XM_065414485.1#IFT52
SGK2	XM_065414319.1#SGK2
L3MBTL1	XM_065414475.1#L3MBTL1
SRSF6	XM_065414251.1#SRSF6
EPB41L1	XM_065414538.1#EPB41L1
AAR2	XM_065414519.1#AAR2
DLGAP4	XM_065414922.1#DLGAP4
DLGAP4	XM_065414923.1#DLGAP4
DLGAP4	XM_065414921.1#DLGAP4
DLGAP4	XM_065414924.1#DLGAP4
TGIF2	XM_065414869.1#TGIF2
MYL9	XM_065414413.1#MYL9
RAB5IF	XM_065414622.1#RAB5IF
GGT7	XM_065414642.1#GGT7
NCOA6	XM_065414358.1#NCOA6
TP53INP2	XM_065414383.1#TP53INP2
LOC135886952	XM_065414733.1#LOC135886952
PIGU	XM_065414735.1#PIGU
MAP1LC3A	XM_065414476.1#MAP1LC3A
DYNLRB1	XM_065414436.1#DYNLRB1
ITCH	XM_065414934.1#ITCH
AHCY	XM_065414995.1#AHCY
ASIP	XM_065414853.1#ASIP
EIF2S2	XM_065414224.1#EIF2S2
RALY	XM_065414602.1#RALY
RALY	XM_065414604.1#RALY
LOC135886956	XM_065414737.1#LOC135886956
LOC135886749	XM_065414532.1#LOC135886749
CHMP4B	XM_065414423.1#CHMP4B
ZNF341	XM_065414732.1#ZNF341
ZNF341	XM_065414731.1#ZNF341
PXMP4	XM_065414400.1#PXMP4
E2F1	XM_065414822.1#E2F1
NECAB3	XM_065414690.1#NECAB3
ACTL10	XM_065415026.1#ACTL10
CBFA2T2	XM_065414239.1#CBFA2T2
SNTA1	XM_065414611.1#SNTA1
TOX2	XM_065414429.1#TOX2
TOX2	XM_065414431.1#TOX2
EDEM2	XM_065414387.1#EDEM2
EDEM2	XM_065414388.1#EDEM2
TRPC4AP	XM_065414347.1#TRPC4AP
MYH7B	XM_065414739.1#MYH7B
GSS	XM_065414462.1#GSS
ACSS2	XM_065414291.1#ACSS2
ACSS2	XM_065414292.1#ACSS2
MTCL2	XM_065414374.1#MTCL2
TLDC2	XM_065414949.1#TLDC2
SAMHD1	XM_065414910.1#SAMHD1
RBL1	XM_065414297.1#RBL1
CHD6	XM_065414628.1#CHD6
RALGAPB	XM_065414235.1#RALGAPB
NDRG3	XM_065414965.1#NDRG3
NDRG3	XM_065414964.1#NDRG3
SLA2	XM_065414970.1#SLA2
PHF20	XM_065414947.1#PHF20
LOC135886963	XM_065414745.1#LOC135886963
LOC135886964	XM_065414746.1#LOC135886964
LOC135887099	XM_065414885.1#LOC135887099
LOC135887100	XM_065414887.1#LOC135887100
ERGIC3	XM_065414501.1#ERGIC3
LOC135886833	XM_065414623.1#LOC135886833
LOC135886704	XM_065414491.1#LOC135886704
GDF5	XM_065414764.1#GDF5
LOC135886676	XM_065414460.1#LOC135886676
FAM83C	XM_065415010.1#FAM83C
EIF6	XM_065414349.1#EIF6
MMP24	XM_065414454.1#MMP24
LOC135886966	XM_065414748.1#LOC135886966
LOC135886680	XM_065414465.1#LOC135886680
CPNE1	XM_065414452.1#CPNE1
CPNE1	XM_065414451.1#CPNE1
CPNE1	XM_065414450.1#CPNE1
CPNE1	XM_065414448.1#CPNE1
CPNE1	XM_065414453.1#CPNE1
NFS1	XM_065414627.1#NFS1
ROMO1	XM_065414709.1#ROMO1
RBM39	XM_065414831.1#RBM39
RBM39	XM_065414828.1#RBM39
RBM39	XM_065414829.1#RBM39
LOC135887098	XM_065414884.1#LOC135887098
CEP250	XM_065414298.1#CEP250
SNAPC2	XM_065414513.1#SNAPC2
SNAPC2	XM_065414514.1#SNAPC2
ARHGEF40	XM_065414834.1#ARHGEF40
ZNF219	XM_065414749.1#ZNF219
LOC135886970	XM_065414750.1#LOC135886970
LOC135887059	XM_065414839.1#LOC135887059
LOC135886971	XM_065414751.1#LOC135886971
NDRG2	XM_065413929.1#NDRG2
LOC135886654	XM_065414434.1#LOC135886654
LOC135886860	XM_065414651.1#LOC135886860
LOC135886695	XM_065414482.1#LOC135886695
LOC135886760	XM_065414542.1#LOC135886760
LOC135886817	XM_065414605.1#LOC135886817
LOC135886040	XM_065413931.1#LOC135886040
LOC135886715	XM_065414497.1#LOC135886715
LOC135887152	XM_065414933.1#LOC135887152
LOC135886004	XM_065413897.1#LOC135886004
LOC135886003	XM_065413896.1#LOC135886003
LOC135886005	XM_065413898.1#LOC135886005
LOC135885992	XM_065413886.1#LOC135885992
LOC135886041	XM_065413932.1#LOC135886041
LOC135886042	XM_065413933.1#LOC135886042
LOC135886001	XM_065413894.1#LOC135886001
LOC135887239	XM_065415011.1#LOC135887239
LOC135886044	XM_065413935.1#LOC135886044
LOC135887123	XM_065414901.1#LOC135887123
LOC135887144	XM_065414927.1#LOC135887144
LOC135886046	XM_065413936.1#LOC135886046
LOC135886047	XM_065413937.1#LOC135886047
LOC135886048	XM_065413938.1#LOC135886048
LOC135886049	XM_065413939.1#LOC135886049
LOC135886908	XM_065414685.1#LOC135886908
LOC135886051	XM_065413941.1#LOC135886051
LOC135885985	XM_065413878.1#LOC135885985
LOC135885980	XM_065413876.1#LOC135885980
LOC135885982	XM_065413877.1#LOC135885982
LOC135885979	XM_065413875.1#LOC135885979
LOC135886862	XM_065414652.1#LOC135886862
LOC135886000	XM_065413893.1#LOC135886000
LOC135885987	XM_065413881.1#LOC135885987
LOC135885989	XM_065413883.1#LOC135885989
LOC135885999	XM_065413892.1#LOC135885999
LOC135885991	XM_065413885.1#LOC135885991
LOC135885993	XM_065413887.1#LOC135885993
LOC135886863	XM_065414653.1#LOC135886863
LOC135885978	XM_065413874.1#LOC135885978
LOC135885988	XM_065413882.1#LOC135885988
LOC135886866	XM_065414655.1#LOC135886866
LOC135885986	XM_065413879.1#LOC135885986
LOC135886869	XM_065414656.1#LOC135886869
LOC135886870	XM_065414657.1#LOC135886870
LOC135886008	XM_065413899.1#LOC135886008
LOC135886002	XM_065413895.1#LOC135886002
LOC135886872	XM_065414659.1#LOC135886872
LOC135886873	XM_065414660.1#LOC135886873
LOC135886874	XM_065414661.1#LOC135886874
LOC135886875	XM_065414662.1#LOC135886875
LOC135885995	XM_065413888.1#LOC135885995
LOC135885996	XM_065413889.1#LOC135885996
LOC135885997	XM_065413890.1#LOC135885997
LOC135886880	XM_065414663.1#LOC135886880
LOC135886883	XM_065414665.1#LOC135886883
LOC135885990	XM_065413884.1#LOC135885990
LOC135886612	XM_065414378.1#LOC135886612
LOC135886612	XM_065414380.1#LOC135886612
LOC135886612	XM_065414377.1#LOC135886612
LOC135886612	XM_065414379.1#LOC135886612
LOC135886612	XM_065414376.1#LOC135886612
LOC135886053	XM_065413942.1#LOC135886053
LOC135886521	XM_065414254.1#LOC135886521
LOC135886028	XM_065413919.1#LOC135886028
LOC135886054	XM_065413943.1#LOC135886054
LOC135886056	XM_065413944.1#LOC135886056
LOC135886057	XM_065413946.1#LOC135886057
LOC135886058	XM_065413947.1#LOC135886058
LOC135886479	XM_065414201.1#LOC135886479
LOC135887163	XM_065414942.1#LOC135887163
LOC135886573	XM_065414326.1#LOC135886573
LOC135886698	XM_065414487.1#LOC135886698
LOC135886059	XM_065413948.1#LOC135886059
LOC135886060	XM_065413949.1#LOC135886060
LOC135886061	XM_065413950.1#LOC135886061
LOC135886062	XM_065413951.1#LOC135886062
LOC135886063	XM_065413952.1#LOC135886063
LOC135886065	XM_065413953.1#LOC135886065
LOC135886066	XM_065413954.1#LOC135886066
LOC135886067	XM_065413955.1#LOC135886067
LOC135886068	XM_065413957.1#LOC135886068
LOC135886069	XM_065413958.1#LOC135886069
LOC135886070	XM_065413959.1#LOC135886070
LOC135886073	XM_065413960.1#LOC135886073
LOC135887026	XM_065414806.1#LOC135887026
LOC135887012	XM_065414791.1#LOC135887012
LOC135887028	XM_065414808.1#LOC135887028
LOC135887033	XM_065414812.1#LOC135887033
LOC135887027	XM_065414807.1#LOC135887027
LOC135887011	XM_065414790.1#LOC135887011
LOC135886076	XM_065413961.1#LOC135886076
LOC135886036	XM_065413927.1#LOC135886036
LOC135886588	XM_065414346.1#LOC135886588
LOC135886489	XM_065414217.1#LOC135886489
LOC135886077	XM_065413962.1#LOC135886077
LOC135886674	XM_065414458.1#LOC135886674
LOC135886078	XM_065413963.1#LOC135886078
LOC135886080	XM_065413965.1#LOC135886080
LOC135886081	XM_065413966.1#LOC135886081
LOC135886082	XM_065413967.1#LOC135886082
LOC135886083	XM_065413968.1#LOC135886083
LOC135886084	XM_065413969.1#LOC135886084
LOC135886085	XM_065413970.1#LOC135886085
LOC135886087	XM_065413971.1#LOC135886087
LOC135887253	XM_065415023.1#LOC135887253
LOC135886089	XM_065413972.1#LOC135886089
LOC135886090	XM_065413974.1#LOC135886090
LOC135887122	XM_065414899.1#LOC135887122
LOC135887156	XM_065414936.1#LOC135887156
LOC135887184	XM_065414961.1#LOC135887184
LOC135886634	XM_065414410.1#LOC135886634
LOC135886634	XM_065414409.1#LOC135886634
LOC135886633	XM_065414408.1#LOC135886633
LOC135886093	XM_065413975.1#LOC135886093
LOC135886096	XM_065413976.1#LOC135886096
LOC135886507	XM_065414238.1#LOC135886507
LOC135886098	XM_065413978.1#LOC135886098
LOC135886499	XM_065414229.1#LOC135886499
LOC135886499	XM_065414227.1#LOC135886499
LOC135886499	XM_065414228.1#LOC135886499
LOC135887227	XM_065414999.1#LOC135887227
LOC135886100	XM_065413979.1#LOC135886100
LOC135886101	XM_065413980.1#LOC135886101
LOC135886728	XM_065414508.1#LOC135886728
LOC135886727	XM_065414507.1#LOC135886727
LOC135886729	XM_065414510.1#LOC135886729
LOC135886102	XM_065413981.1#LOC135886102
LOC135886859	XM_065414646.1#LOC135886859
LOC135886859	XM_065414647.1#LOC135886859
LOC135886859	XM_065414648.1#LOC135886859
LOC135886859	XM_065414649.1#LOC135886859
LOC135886107	XM_065413982.1#LOC135886107
LOC135885977	XM_065413873.1#LOC135885977
LOC135886108	XM_065413983.1#LOC135886108
LOC135886109	XM_065413985.1#LOC135886109
LOC135886038	XM_065413930.1#LOC135886038
LOC135886110	XM_065413986.1#LOC135886110
LOC135886112	XM_065413987.1#LOC135886112
LOC135887237	XM_065415009.1#LOC135887237
LOC135887187	XM_065414963.1#LOC135887187
LOC135887199	XM_065414975.1#LOC135887199
LOC135886113	XM_065413988.1#LOC135886113
LOC135887139	XM_065414918.1#LOC135887139
LOC135886114	XM_065413989.1#LOC135886114
LOC135886115	XM_065413991.1#LOC135886115
LOC135887200	XM_065414977.1#LOC135887200
LOC135886116	XM_065413992.1#LOC135886116
LOC135886117	XM_065413993.1#LOC135886117
LOC135886027	XM_065413918.1#LOC135886027
LOC135886118	XM_065413994.1#LOC135886118
LOC135885970	XM_065413866.1#LOC135885970
LOC135887166	XM_065414945.1#LOC135887166
LOC135887190	XM_065414968.1#LOC135887190
LOC135886845	XM_065414635.1#LOC135886845
LOC135886801	XM_065414582.1#LOC135886801
LOC135886121	XM_065413995.1#LOC135886121
LOC135886123	XM_065413996.1#LOC135886123
LOC135886730	XM_065414511.1#LOC135886730
SLC39A2	XM_065414516.1#SLC39A2
METTL17	XM_065414515.1#METTL17
LOC135886124	XM_065413997.1#LOC135886124
LOC135886640	XM_065414415.1#LOC135886640
LOC135886125	XM_065413998.1#LOC135886125
LOC135886796	XM_065414576.1#LOC135886796
SDR39U1	XM_065414271.1#SDR39U1
SDR39U1	XM_065414270.1#SDR39U1
SDR39U1	XM_065414273.1#SDR39U1
SDR39U1	XM_065414269.1#SDR39U1
LOC135886533	XM_065414274.1#LOC135886533
LOC135887142	XM_065414925.1#LOC135887142
LOC135887193	XM_065414971.1#LOC135887193
LOC135887235	XM_065415007.1#LOC135887235
LOC135886638	XM_065414414.1#LOC135886638
LOC135887197	XM_065414973.1#LOC135887197
LOC135886130	XM_065414000.1#LOC135886130
LOC135886131	XM_065414001.1#LOC135886131
LOC135886009	XM_065413900.1#LOC135886009
LOC135886516	XM_065414249.1#LOC135886516
LOC135886132	XM_065414002.1#LOC135886132
LOC135886134	XM_065414003.1#LOC135886134
LOC135886135	XM_065414004.1#LOC135886135
LOC135885975	XM_065413870.1#LOC135885975
LOC135885976	XM_065413872.1#LOC135885976
LOC135886025	XM_065413917.1#LOC135886025
LOC135887140	XM_065414920.1#LOC135887140
LOC135887134	XM_065414913.1#LOC135887134
LOC135886023	XM_065413915.1#LOC135886023
LOC135886465	XM_065414188.1#LOC135886465
LOC135887249	XM_065415018.1#LOC135887249
LOC135887165	XM_065414944.1#LOC135887165
LOC135886137	XM_065414006.1#LOC135886137
LOC135886492	XM_065414219.1#LOC135886492
LOC135885971	XM_065413867.1#LOC135885971
LOC135886138	XM_065414007.1#LOC135886138
LOC135886139	XM_065414008.1#LOC135886139
PNP	XM_065414870.1#PNP
PIP4P1	XM_065414777.1#PIP4P1
APEX1	XM_065414639.1#APEX1
OSGEP	XM_065414502.1#OSGEP
LOC135887175	XM_065414952.1#LOC135887175
LOC135887176	XM_065414953.1#LOC135887176
LOC135887176	XM_065414954.1#LOC135887176
LOC135886755	XM_065414537.1#LOC135886755
LOC135886140	XM_065414009.1#LOC135886140
LOC135887208	XM_065414982.1#LOC135887208
LOC135886758	XM_065414539.1#LOC135886758
PARP2	XM_065414636.1#PARP2
LOC135886141	XM_065414011.1#LOC135886141
LOC135886142	XM_065414012.1#LOC135886142
LOC135886143	XM_065414013.1#LOC135886143
LOC135886744	XM_065414527.1#LOC135886744
LOC135886145	XM_065414014.1#LOC135886145
LOC135887016	XM_065414795.1#LOC135887016
LOC135886822	XM_065414610.1#LOC135886822
LOC135887205	XM_065414980.1#LOC135887205
LOC135886154	XM_065414016.1#LOC135886154
LOC135886156	XM_065414017.1#LOC135886156
LOC135886157	XM_065414018.1#LOC135886157
LOC135886726	XM_065414506.1#LOC135886726
LOC135886161	XM_065414020.1#LOC135886161
LOC135887007	XM_065414787.1#LOC135887007
LOC135886162	XM_065414021.1#LOC135886162
LOC135887230	XM_065415001.1#LOC135887230
LOC135886163	XM_065414022.1#LOC135886163
LOC135886164	XM_065414023.1#LOC135886164
LOC135886165	XM_065414024.1#LOC135886165
LOC135886168	XM_065414025.1#LOC135886168
LOC135886170	XM_065414027.1#LOC135886170
LOC135886477	XM_065414198.1#LOC135886477
LOC135886960	XM_065414741.1#LOC135886960
LOC135886174	XM_065414028.1#LOC135886174
LOC135886175	XM_065414029.1#LOC135886175
LOC135887061	XM_065414842.1#LOC135887061
LOC135886635	XM_065414411.1#LOC135886635
LOC135886034	XM_065413926.1#LOC135886034
LOC135886178	XM_065414032.1#LOC135886178
LOC135886179	XM_065414033.1#LOC135886179
LOC135886180	XM_065414034.1#LOC135886180
LOC135886815	XM_065414601.1#LOC135886815
LOC135886181	XM_065414035.1#LOC135886181
LOC135886182	XM_065414036.1#LOC135886182
LOC135886948	XM_065414729.1#LOC135886948
LOC135886187	XM_065414037.1#LOC135886187
LOC135886188	XM_065414039.1#LOC135886188
LOC135886190	XM_065414040.1#LOC135886190
LOC135886192	XM_065414041.1#LOC135886192
LOC135886500	XM_065414230.1#LOC135886500
LOC135887174	XM_065414951.1#LOC135887174
LOC135886194	XM_065414042.1#LOC135886194
LOC135886197	XM_065414043.1#LOC135886197
LOC135887167	XM_065414946.1#LOC135887167
LOC135887243	XM_065415014.1#LOC135887243
LOC135886198	XM_065414044.1#LOC135886198
LOC135886199	XM_065414046.1#LOC135886199
LOC135887055	XM_065414836.1#LOC135887055
LOC135886821	XM_065414609.1#LOC135886821
LOC135886647	XM_065414427.1#LOC135886647
LOC135886741	XM_065414524.1#LOC135886741
LOC135886204	XM_065414047.1#LOC135886204
LOC135887051	XM_065414833.1#LOC135887051
LOC135886206	XM_065414049.1#LOC135886206
LOC135887025	XM_065414805.1#LOC135887025
LOC135886659	XM_065414440.1#LOC135886659
LOC135886707	XM_065414494.1#LOC135886707
LOC135886636	XM_065414412.1#LOC135886636
LOC135886209	XM_065414050.1#LOC135886209
LOC135886210	XM_065414051.1#LOC135886210
LOC135886211	XM_065414052.1#LOC135886211
LOC135886708	XM_065414495.1#LOC135886708
LOC135886212	XM_065414053.1#LOC135886212
LOC135885972	XM_065413868.1#LOC135885972
LOC135887259	XM_065415028.1#LOC135887259
LOC135886219	XM_065414055.1#LOC135886219
LOC135886825	XM_065414612.1#LOC135886825
LOC135886220	XM_065414056.1#LOC135886220
LOC135886221	XM_065414057.1#LOC135886221
LOC135886913	XM_065414688.1#LOC135886913
LOC135886857	XM_065414645.1#LOC135886857
LOC135886222	XM_065414058.1#LOC135886222
LOC135886224	XM_065414059.1#LOC135886224
LOC135886226	XM_065414060.1#LOC135886226
LOC135887015	XM_065414794.1#LOC135887015
LOC135886798	XM_065414579.1#LOC135886798
LOC135886227	XM_065414061.1#LOC135886227
LOC135887086	XM_065414868.1#LOC135887086
LOC135886228	XM_065414062.1#LOC135886228
LOC135887075	XM_065414855.1#LOC135887075
LOC135886229	XM_065414064.1#LOC135886229
LOC135886230	XM_065414065.1#LOC135886230
LOC135886231	XM_065414066.1#LOC135886231
LOC135886232	XM_065414067.1#LOC135886232
LOC135887247	XM_065415017.1#LOC135887247
TTC5	XM_065414534.1#TTC5
LOC135886234	XM_065414068.1#LOC135886234
LOC135887146	XM_065414928.1#LOC135887146
LOC135886724	XM_065414505.1#LOC135886724
LOC135886235	XM_065414069.1#LOC135886235
LOC135887034	XM_065414814.1#LOC135887034
LOC135886241	XM_065414071.1#LOC135886241
LOC135886243	XM_065414072.1#LOC135886243
LOC135886244	XM_065414073.1#LOC135886244
LOC135886550	XM_065414300.1#LOC135886550
LOC135886245	XM_065414074.1#LOC135886245
LOC135886246	XM_065414075.1#LOC135886246
LOC135886248	XM_065414076.1#LOC135886248
LOC135886249	XM_065414077.1#LOC135886249
LOC135886253	XM_065414079.1#LOC135886253
LOC135886254	XM_065414080.1#LOC135886254
LOC135887148	XM_065414930.1#LOC135887148
LOC135886256	XM_065414081.1#LOC135886256
LOC135886257	XM_065414082.1#LOC135886257
LOC135886259	XM_065414083.1#LOC135886259
LOC135886260	XM_065414084.1#LOC135886260
LOC135886262	XM_065414086.1#LOC135886262
LOC135886263	XM_065414087.1#LOC135886263
LOC135886265	XM_065414088.1#LOC135886265
LOC135886266	XM_065414089.1#LOC135886266
LOC135886267	XM_065414090.1#LOC135886267
LOC135886270	XM_065414092.1#LOC135886270
LOC135886271	XM_065414093.1#LOC135886271
LOC135886577	XM_065414333.1#LOC135886577
LOC135886272	XM_065414094.1#LOC135886272
LOC135886021	XM_065413914.1#LOC135886021
LOC135886840	XM_065414629.1#LOC135886840
LOC135887260	XM_065415029.1#LOC135887260
LOC135886850	XM_065414640.1#LOC135886850
LOC135886273	XM_065414095.1#LOC135886273
LOC135886534	XM_065414275.1#LOC135886534
LOC135886731	XM_065414512.1#LOC135886731
LOC135886274	XM_065414096.1#LOC135886274
LOC135886276	XM_065414097.1#LOC135886276
LOC135886487	XM_065414215.1#LOC135886487
LOC135886277	XM_065414098.1#LOC135886277
LOC135886811	XM_065414597.1#LOC135886811
LOC135887125	XM_065414903.1#LOC135887125
LOC135887164	XM_065414943.1#LOC135887164
LOC135887158	XM_065414937.1#LOC135887158
LOC135886657	XM_065414437.1#LOC135886657
LOC135887092	XM_065414877.1#LOC135887092
LOC135886283	XM_065414100.1#LOC135886283
LOC135886284	XM_065414101.1#LOC135886284
LOC135886835	XM_065414625.1#LOC135886835
LOC135887095	XM_065414882.1#LOC135887095
LOC135886288	XM_065414102.1#LOC135886288
LOC135886289	XM_065414103.1#LOC135886289
LOC135886290	XM_065414105.1#LOC135886290
LOC135886847	XM_065414637.1#LOC135886847
LOC135887006	XM_065414786.1#LOC135887006
LOC135886936	XM_065414712.1#LOC135886936
LOC135886292	XM_065414106.1#LOC135886292
LOC135886293	XM_065414107.1#LOC135886293
LOC135886722	XM_065414503.1#LOC135886722
LOC135886294	XM_065414108.1#LOC135886294
LOC135886295	XM_065414109.1#LOC135886295
LOC135886296	XM_065414110.1#LOC135886296
LOC135887079	XM_065414860.1#LOC135887079
LOC135886299	XM_065414111.1#LOC135886299
LOC135886300	XM_065414112.1#LOC135886300
LOC135886301	XM_065414114.1#LOC135886301
LOC135886302	XM_065414115.1#LOC135886302
LOC135886993	XM_065414770.1#LOC135886993
LOC135887010	XM_065414789.1#LOC135887010
LOC135886570	XM_065414322.1#LOC135886570
LOC135886304	XM_065414116.1#LOC135886304
LOC135886309	XM_065414118.1#LOC135886309
LOC135886583	XM_065414341.1#LOC135886583
LOC135886582	XM_065414340.1#LOC135886582
LOC135887080	XM_065414861.1#LOC135887080
LOC135886802	XM_065414583.1#LOC135886802
LOC135886310	XM_065414119.1#LOC135886310
LOC135886311	XM_065414121.1#LOC135886311
LOC135886312	XM_065414122.1#LOC135886312
LOC135886313	XM_065414123.1#LOC135886313
LOC135886314	XM_065414124.1#LOC135886314
LOC135886315	XM_065414125.1#LOC135886315
LOC135886316	XM_065414126.1#LOC135886316
LOC135886317	XM_065414127.1#LOC135886317
LOC135886501	XM_065414232.1#LOC135886501
LOC135886501	XM_065414231.1#LOC135886501
LOC135886621	XM_065414390.1#LOC135886621
LOC135887105	XM_065414890.1#LOC135887105
LOC135887106	XM_065414891.1#LOC135887106
LOC135886320	XM_065414128.1#LOC135886320
LOC135887108	XM_065414892.1#LOC135887108
LOC135886322	XM_065414130.1#LOC135886322
LOC135886324	XM_065414131.1#LOC135886324
LOC135886531	XM_065414268.1#LOC135886531
LOC135886546	XM_065414296.1#LOC135886546
LOC135886572	XM_065414325.1#LOC135886572
LOC135886554	XM_065414303.1#LOC135886554
LPCAT4	XM_065414778.1#LPCAT4
NUTM1	XM_065414132.1#NUTM1
NOP10	XM_065414593.1#NOP10
SLC12A6	XM_065414607.1#SLC12A6
EMC4	XM_065414133.1#EMC4
LOC135886587	XM_065414345.1#LOC135886587
LOC135886736	XM_065414517.1#LOC135886736
LOC135886328	XM_065414134.1#LOC135886328
LOC135886690	XM_065414480.1#LOC135886690
LOC135886335	XM_065414136.1#LOC135886335
LOC135887002	XM_065414783.1#LOC135887002
LOC135887001	XM_065414781.1#LOC135887001
LOC135886336	XM_065414137.1#LOC135886336
LOC135886808	XM_065414594.1#LOC135886808
LOC135886810	XM_065414596.1#LOC135886810
LOC135886670	XM_065414455.1#LOC135886670
LOC135887179	XM_065414957.1#LOC135887179
LOC135887127	XM_065414905.1#LOC135887127
LOC135886565	XM_065414315.1#LOC135886565
LOC135886566	XM_065414317.1#LOC135886566
LOC135886561	XM_065414313.1#LOC135886561
LOC135886563	XM_065414314.1#LOC135886563
LOC135886341	XM_065414139.1#LOC135886341
LOC135886813	XM_065414599.1#LOC135886813
LOC135886342	XM_065414140.1#LOC135886342
LOC135886759	XM_065414540.1#LOC135886759
LOC135886559	XM_065414310.1#LOC135886559
LOC135886345	XM_065414141.1#LOC135886345
LOC135886560	XM_065414312.1#LOC135886560
LOC135886560	XM_065414311.1#LOC135886560
LOC135887234	XM_065415006.1#LOC135887234
LOC135886511	XM_065414245.1#LOC135886511
LOC135886471	XM_065414194.1#LOC135886471
LOC135887203	XM_065414979.1#LOC135887203
LOC135886581	XM_065414339.1#LOC135886581
LOC135886347	XM_065414142.1#LOC135886347
LOC135886982	XM_065414758.1#LOC135886982
LOC135886981	XM_065414757.1#LOC135886981
LOC135886542	XM_065414288.1#LOC135886542
LOC135886542	XM_065414289.1#LOC135886542
LOC135886542	XM_065414290.1#LOC135886542
LOC135886999	XM_065414780.1#LOC135886999
LOC135886485	XM_065414212.1#LOC135886485
LOC135886485	XM_065414213.1#LOC135886485
LOC135886485	XM_065414211.1#LOC135886485
LOC135886799	XM_065414580.1#LOC135886799
KHNYN	XM_065414143.1#KHNYN
LOC135887064	XM_065414844.1#LOC135887064
NFATC4	XM_065414446.1#NFATC4
RIPK3	XM_065414862.1#RIPK3
ADCY4	XM_065414401.1#ADCY4
LTB4R	XM_065414736.1#LTB4R
LOC135887219	XM_065414991.1#LOC135887219
LOC135886994	XM_065414772.1#LOC135886994
LOC135886994	XM_065414774.1#LOC135886994
LOC135886994	XM_065414773.1#LOC135886994
LOC135886994	XM_065414771.1#LOC135886994
LOC135886350	XM_065414144.1#LOC135886350
LOC135887162	XM_065414941.1#LOC135887162
LOC135886351	XM_065414145.1#LOC135886351
LOC135886352	XM_065414147.1#LOC135886352
LOC135887245	XM_065415016.1#LOC135887245
LOC135886624	XM_065414394.1#LOC135886624
LOC135886353	XM_065414148.1#LOC135886353
LOC135886718	XM_065414500.1#LOC135886718
LOC135886354	XM_065414149.1#LOC135886354
LOC135886355	XM_065414150.1#LOC135886355
LOC135886356	XM_065414151.1#LOC135886356
LOC135887228	XM_065415000.1#LOC135887228
LOC135887242	XM_065415013.1#LOC135887242
CIDEB	XM_065414567.1#CIDEB
NOP9	XM_065414548.1#NOP9
RABGGTA	XM_065414549.1#RABGGTA
TGM1	XM_065414545.1#TGM1
GMPR2	XM_065414558.1#GMPR2
NEDD8	XM_065414570.1#NEDD8
MDP1	XM_065414569.1#MDP1
TSSK4	XM_065414562.1#TSSK4
TM9SF1	XM_065414546.1#TM9SF1
IPO4	XM_065414544.1#IPO4
REC8	XM_065414152.1#REC8
IRF9	XM_065414556.1#IRF9
RNF31	XM_065414543.1#RNF31
PSME2	XM_065414565.1#PSME2
EMC9	XM_065414566.1#EMC9
PSME1	XM_065414563.1#PSME1
FITM1	XM_065414557.1#FITM1
DCAF11	XM_065414154.1#DCAF11
HAUS4	XM_065414155.1#HAUS4
PRMT5	XM_065414552.1#PRMT5
RBM23	XM_065414555.1#RBM23
REM2	XM_065414564.1#REM2
LRP10	XM_065414547.1#LRP10
MMP14	XM_065414551.1#MMP14
MRPL52	XM_065414568.1#MRPL52
SLC7A7	XM_065414553.1#SLC7A7
OXA1L	XM_065414554.1#OXA1L
LOC135886373	XM_065414157.1#LOC135886373
LOC135886398	XM_065414160.1#LOC135886398
LOC135886528	XM_065414265.1#LOC135886528
LOC135886401	XM_065414161.1#LOC135886401
LOC135886529	XM_065414266.1#LOC135886529
LOC135886403	XM_065414162.1#LOC135886403
LOC135887115	XM_065414896.1#LOC135887115
LOC135887212	XM_065414987.1#LOC135887212
LOC135887211	XM_065414986.1#LOC135887211
LOC135886889	XM_065414666.1#LOC135886889
LOC135887110	XM_065414894.1#LOC135887110
LOC135887031	XM_065414810.1#LOC135887031
LOC135886984	XM_065414761.1#LOC135886984
LOC135887046	XM_065414826.1#LOC135887046
LOC135886983	XM_065414759.1#LOC135886983
LOC135886407	XM_065414164.1#LOC135886407
LOC135887021	XM_065414800.1#LOC135887021
LOC135886991	XM_065414768.1#LOC135886991
LOC135887004	XM_065414784.1#LOC135887004
LOC135886029	XM_065413920.1#LOC135886029
LOC135886989	XM_065414765.1#LOC135886989
LOC135887083	XM_065414864.1#LOC135887083
LOC135887050	XM_065414832.1#LOC135887050
LOC135886856	XM_065414644.1#LOC135886856
LOC135886410	XM_065414165.1#LOC135886410
LOC135886412	XM_065414166.1#LOC135886412
LOC135886414	XM_065414167.1#LOC135886414
LOC135886892	XM_065414669.1#LOC135886892
LOC135886617	XM_065414385.1#LOC135886617
LOC135886893	XM_065414670.1#LOC135886893
LOC135886415	XM_065414168.1#LOC135886415
LOC135886416	XM_065414169.1#LOC135886416
LOC135887076	XM_065414856.1#LOC135887076
LOC135886417	XM_065414171.1#LOC135886417
LOC135887226	XM_065414998.1#LOC135887226
LOC135886418	XM_065414172.1#LOC135886418
LOC135886658	XM_065414439.1#LOC135886658
LOC135886419	XM_065414173.1#LOC135886419
LOC135887053	XM_065414835.1#LOC135887053
LOC135887023	XM_065414803.1#LOC135887023
LOC135886422	XM_065414174.1#LOC135886422
LOC135886679	XM_065414464.1#LOC135886679
LOC135886423	XM_065414175.1#LOC135886423
ABHD4	XM_065414753.1#ABHD4
DAD1	XM_065414747.1#DAD1
LOC135886425	XM_065414177.1#LOC135886425
LOC135886794	XM_065414575.1#LOC135886794
LOC135886457	XM_065414181.1#LOC135886457
LOC135886458	XM_065414182.1#LOC135886458
LOC135886705	XM_065414492.1#LOC135886705
LOC135886459	XM_065414183.1#LOC135886459
LOC135886460	XM_065414184.1#LOC135886460
LOC135886737	XM_065414518.1#LOC135886737
LOC135886461	XM_065414185.1#LOC135886461
LOC135886814	XM_065414600.1#LOC135886814
LOC135886905	XM_065414682.1#LOC135886905
NRL	XM_065422883.1#NRL
CPNE6	XM_065422893.1#CPNE6
CARMIL3	XM_065422906.1#CARMIL3
LOC135894803	XM_065422898.1#LOC135894803
LOC135894803	XM_065422899.1#LOC135894803
JPH4	XM_065422905.1#JPH4
AP1G2	XM_065422885.1#AP1G2
ZFHX2	XM_065422886.1#ZFHX2
THTPA	XM_065422881.1#THTPA
NGDN	XM_065422903.1#NGDN
LOC135894802	XM_065422896.1#LOC135894802
LOC135894802	XM_065422897.1#LOC135894802
LOC135894801	XM_065422894.1#LOC135894801
LOC135894801	XM_065422895.1#LOC135894801
LOC135894807	XM_065422904.1#LOC135894807
LOC135894794	XM_065422887.1#LOC135894794
HOMEZ	XM_065422910.1#HOMEZ
RNF212B	XM_065422888.1#RNF212B
SLC7A8	XM_065422892.1#SLC7A8
CEBPE	XM_065422907.1#CEBPE
C12H14orf119	XM_065422882.1#C12H14orf119
ACIN1	XM_065422902.1#ACIN1
C12H14orf93	XM_065422909.1#C12H14orf93
PSMB5	XM_065422901.1#PSMB5
PSMB11	XM_065422889.1#PSMB11
CDH24	XM_065422890.1#CDH24
LOC135894819	XM_065422916.1#LOC135894819
SALL2	XM_065422920.1#SALL2
METTL3	XM_065422915.1#METTL3
TOX4	XM_065422914.1#TOX4
RAB2B	XM_065422918.1#RAB2B
CHD8	XM_065422917.1#CHD8
SUPT16H	XM_065422913.1#SUPT16H
RPGRIP1	XM_065422911.1#RPGRIP1
LOC135894814	XM_065422912.1#LOC135894814
HNRNPC	XM_065422921.1#HNRNPC
HNRNPC	XM_065422933.1#HNRNPC
HNRNPC	XM_065422934.1#HNRNPC
HNRNPC	XM_065422922.1#HNRNPC
HNRNPC	XM_065422923.1#HNRNPC
HNRNPC	XM_065422925.1#HNRNPC
HNRNPC	XM_065422926.1#HNRNPC
HNRNPC	XM_065422928.1#HNRNPC
HNRNPC	XM_065422927.1#HNRNPC
HNRNPC	XM_065422924.1#HNRNPC
HNRNPC	XM_065422931.1#HNRNPC
HNRNPC	XM_065422932.1#HNRNPC
KIFC1	XM_065415935.1#KIFC1
PHF1	XM_065416261.1#PHF1
CUTA	XM_065416262.1#CUTA
SYNGAP1	XM_065415642.1#SYNGAP1
SYNGAP1	XM_065415643.1#SYNGAP1
ZBTB9	XM_065416173.1#ZBTB9
LOC135887775	XM_065415532.1#LOC135887775
SIT1	XM_065416171.1#SIT1
DAXX	XM_065415474.1#DAXX
ZBTB22	XM_065415477.1#ZBTB22
LOC135887767	XM_065415518.1#LOC135887767
TAPBP	XM_065415479.1#TAPBP
RGL2	XM_065415909.1#RGL2
PFDN6	XM_065415519.1#PFDN6
B3GALT4	XM_065415478.1#B3GALT4
WDR46	XM_065415910.1#WDR46
RPS18	XM_065415516.1#RPS18
VPS52	XM_065415476.1#VPS52
RING1	XM_065415490.1#RING1
HSD17B8	XM_065415513.1#HSD17B8
SLC39A7	XM_065415481.1#SLC39A7
RXRB	XM_065415480.1#RXRB
COL11A2	XM_065415911.1#COL11A2
LOC135887754	XM_065415499.1#LOC135887754
LOC135887754	XM_065415498.1#LOC135887754
LOC135887782	XM_065415539.1#LOC135887782
LOC135887757	XM_065415506.1#LOC135887757
LOC135887757	XM_065415505.1#LOC135887757
LOC135887756	XM_065415503.1#LOC135887756
LOC135887756	XM_065415504.1#LOC135887756
LOC135887755	XM_065415500.1#LOC135887755
LOC135887758	XM_065415509.1#LOC135887758
LOC135887758	XM_065415508.1#LOC135887758
LOC135887758	XM_065415507.1#LOC135887758
LOC135887753	XM_065415497.1#LOC135887753
LOC135887753	XM_065415496.1#LOC135887753
LOC135887759	XM_065415511.1#LOC135887759
LOC135887759	XM_065415510.1#LOC135887759
BRD2	XM_065415472.1#BRD2
BRD2	XM_065415471.1#BRD2
BRD2	XM_065415473.1#BRD2
LOC135887761	XM_065415512.1#LOC135887761
LOC135888110	XM_065415914.1#LOC135888110
LOC135888111	XM_065415916.1#LOC135888111
LOC135887750	XM_065415492.1#LOC135887750
LOC135887750	XM_065415491.1#LOC135887750
LOC135888113	XM_065415918.1#LOC135888113
LOC135887747	XM_065415482.1#LOC135887747
LOC135887747	XM_065415485.1#LOC135887747
LOC135887748	XM_065415486.1#LOC135887748
LOC135887748	XM_065415489.1#LOC135887748
LOC135887748	XM_065415487.1#LOC135887748
LOC135887748	XM_065415488.1#LOC135887748
LOC135887766	XM_065415517.1#LOC135887766
LOC135888057	XM_065415873.1#LOC135888057
PSMB8	XM_065415495.1#PSMB8
PSMB9	XM_065415515.1#PSMB9
LOC135888058	XM_065415874.1#LOC135888058
LOC135887657	XM_065415379.1#LOC135887657
LOC135888059	XM_065415875.1#LOC135888059
LOC135887751	XM_065415494.1#LOC135887751
LOC135888286	XM_065416098.1#LOC135888286
LOC135888348	XM_065416155.1#LOC135888348
LOC135888114	XM_065415919.1#LOC135888114
LOC135887887	XM_065415672.1#LOC135887887
LOC135888115	XM_065415920.1#LOC135888115
STK19	XM_065415921.1#STK19
NEU1	XM_065415922.1#NEU1
ATP6V1G2	XM_065415674.1#ATP6V1G2
ATP6V1G2	XM_065415675.1#ATP6V1G2
DDX39B	XM_065415671.1#DDX39B
APOM	XM_065415673.1#APOM
BAG6	XM_065415925.1#BAG6
PRRC2A	XM_065415926.1#PRRC2A
AIF1	XM_065416079.1#AIF1
NCR3	XM_065415927.1#NCR3
LOC135888293	XM_065416103.1#LOC135888293
LOC135888055	XM_065415871.1#LOC135888055
TNF	XM_065415811.1#TNF
LOC135888063	XM_065415876.1#LOC135888063
LOC135887795	XM_065415555.1#LOC135887795
NFKBIL1	XM_065416143.1#NFKBIL1
LOC135888250	XM_065416061.1#LOC135888250
LOC135888279	XM_065416086.1#LOC135888279
LOC135888122	XM_065415928.1#LOC135888122
LOC135888123	XM_065415929.1#LOC135888123
GPANK1	XM_065415748.1#GPANK1
CSNK2B	XM_065415596.1#CSNK2B
LOC135888272	XM_065416080.1#LOC135888272
LOC135888124	XM_065415930.1#LOC135888124
LOC135888363	XM_065416169.1#LOC135888363
LOC135888362	XM_065416168.1#LOC135888362
LOC135887342	XM_065415106.1#LOC135887342
LOC135887343	XM_065415107.1#LOC135887343
LOC135887344	XM_065415109.1#LOC135887344
LOC135888493	XM_065416302.1#LOC135888493
LOC135887785	XM_065415543.1#LOC135887785
LOC135887815	XM_065415584.1#LOC135887815
LOC135887674	XM_065415400.1#LOC135887674
LOC135888125	XM_065415932.1#LOC135888125
LY6G6F	XM_065416205.1#LY6G6F
ABHD16A	XM_065415591.1#ABHD16A
MPIG6B	XM_065415936.1#MPIG6B
DDAH2	XM_065416111.1#DDAH2
CLIC1	XM_065415645.1#CLIC1
VWA7	XM_065415530.1#VWA7
VARS1	XM_065415376.1#VARS1
LSM2	XM_065415753.1#LSM2
POU5F1	XM_065415937.1#POU5F1
TCF19	XM_065416304.1#TCF19
CCHCR1	XM_065416108.1#CCHCR1
LOC135888269	XM_065416076.1#LOC135888269
LOC135888131	XM_065415940.1#LOC135888131
MDC1	XM_065416017.1#MDC1
TUBB	XM_065415853.1#TUBB
FLOT1	XM_065415745.1#FLOT1
IER3	XM_065416274.1#IER3
LOC135888487	XM_065416291.1#LOC135888487
DDR1	XM_065415454.1#DDR1
LOC135888132	XM_065415941.1#LOC135888132
LOC135888376	XM_065416181.1#LOC135888376
LOC135888135	XM_065415944.1#LOC135888135
LOC135888491	XM_065416297.1#LOC135888491
LOC135887788	XM_065415548.1#LOC135887788
LOC135887867	XM_065415648.1#LOC135887867
LOC135888374	XM_065416180.1#LOC135888374
LOC135887917	XM_065415716.1#LOC135887917
LOC135887916	XM_065415714.1#LOC135887916
LOC135887916	XM_065415715.1#LOC135887916
LOC135888456	XM_065416264.1#LOC135888456
LOC135888368	XM_065416174.1#LOC135888368
LOC135888097	XM_065415905.1#LOC135888097
LOC135887311	XM_065415072.1#LOC135887311
LOC135888138	XM_065415949.1#LOC135888138
LOC135887322	XM_065415085.1#LOC135887322
LOC135887328	XM_065415091.1#LOC135887328
LOC135887321	XM_065415084.1#LOC135887321
LOC135887319	XM_065415081.1#LOC135887319
LOC135887318	XM_065415080.1#LOC135887318
LOC135888041	XM_065415855.1#LOC135888041
LOC135887332	XM_065415094.1#LOC135887332
LOC135887330	XM_065415093.1#LOC135887330
LOC135888141	XM_065415952.1#LOC135888141
LOC135887314	XM_065415075.1#LOC135887314
LOC135887327	XM_065415090.1#LOC135887327
LOC135887333	XM_065415095.1#LOC135887333
LOC135887320	XM_065415082.1#LOC135887320
LOC135887320	XM_065415083.1#LOC135887320
LOC135887313	XM_065415074.1#LOC135887313
LOC135887326	XM_065415089.1#LOC135887326
LOC135887325	XM_065415088.1#LOC135887325
LOC135887316	XM_065415077.1#LOC135887316
LOC135887336	XM_065415099.1#LOC135887336
LOC135887324	XM_065415087.1#LOC135887324
LOC135887315	XM_065415076.1#LOC135887315
LOC135887312	XM_065415073.1#LOC135887312
LOC135887335	XM_065415098.1#LOC135887335
LOC135887334	XM_065415096.1#LOC135887334
LOC135887310	XM_065415071.1#LOC135887310
LOC135887317	XM_065415079.1#LOC135887317
LOC135887329	XM_065415092.1#LOC135887329
LOC135888142	XM_065415953.1#LOC135888142
LOC135888232	XM_065416041.1#LOC135888232
LOC135888232	XM_065416042.1#LOC135888232
LOC135888419	XM_065416226.1#LOC135888419
LOC135887293	XM_065415043.1#LOC135887293
GTF2H4	XM_065416040.1#GTF2H4
VARS2	XM_065416039.1#VARS2
LOC135888401	XM_065416209.1#LOC135888401
NRM	XM_065415843.1#NRM
PPP1R18	XM_065416120.1#PPP1R18
DHX16	XM_065416113.1#DHX16
DHX16	XM_065416114.1#DHX16
DHX16	XM_065416115.1#DHX16
C13H6orf136	XM_065416112.1#C13H6orf136
ATAT1	XM_065415640.1#ATAT1
ATAT1	XM_065415641.1#ATAT1
MRPS18B	XM_065415650.1#MRPS18B
PPP1R10	XM_065416172.1#PPP1R10
ABCF1	XM_065415100.1#ABCF1
GNL1	XM_065415101.1#GNL1
RPP21	XM_065416165.1#RPP21
LOC135888032	XM_065415846.1#LOC135888032
TRIM39	XM_065415600.1#TRIM39
LOC135887895	XM_065415682.1#LOC135887895
LOC135887945	XM_065415747.1#LOC135887945
LOC135888143	XM_065415955.1#LOC135888143
LOC135887994	XM_065415803.1#LOC135887994
LOC135887947	XM_065415749.1#LOC135887947
LOC135887912	XM_065415711.1#LOC135887912
LOC135887992	XM_065415797.1#LOC135887992
LOC135888146	XM_065415957.1#LOC135888146
LOC135888147	XM_065415958.1#LOC135888147
LOC135888148	XM_065415959.1#LOC135888148
LOC135888149	XM_065415960.1#LOC135888149
LOC135888112	XM_065415917.1#LOC135888112
LOC135887954	XM_065415757.1#LOC135887954
LOC135888151	XM_065415963.1#LOC135888151
LOC135888152	XM_065415964.1#LOC135888152
LOC135888153	XM_065415965.1#LOC135888153
PPP1R11	XM_065416244.1#PPP1R11
POLR1H	XM_065416245.1#POLR1H
LOC135888064	XM_065415877.1#LOC135888064
LOC135888065	XM_065415878.1#LOC135888065
LOC135888066	XM_065415880.1#LOC135888066
LOC135888069	XM_065415883.1#LOC135888069
LOC135888070	XM_065415884.1#LOC135888070
MGAT1	XM_065416230.1#MGAT1
LOC135888071	XM_065415885.1#LOC135888071
LOC135888154	XM_065415966.1#LOC135888154
LOC135888156	XM_065415967.1#LOC135888156
LOC135888158	XM_065415970.1#LOC135888158
LOC135888159	XM_065415971.1#LOC135888159
LOC135888160	XM_065415972.1#LOC135888160
LOC135888161	XM_065415973.1#LOC135888161
LOC135888427	XM_065416233.1#LOC135888427
LOC135888162	XM_065415974.1#LOC135888162
LOC135888425	XM_065416231.1#LOC135888425
LOC135888429	XM_065416242.1#LOC135888429
LOC135888434	XM_065416246.1#LOC135888434
LOC135888163	XM_065415976.1#LOC135888163
LOC135888164	XM_065415977.1#LOC135888164
LOC135888165	XM_065415978.1#LOC135888165
LOC135888430	XM_065416243.1#LOC135888430
LOC135888422	XM_065416229.1#LOC135888422
LOC135888428	XM_065416241.1#LOC135888428
LOC135888428	XM_065416240.1#LOC135888428
LOC135888428	XM_065416238.1#LOC135888428
LOC135888428	XM_065416236.1#LOC135888428
LOC135888428	XM_065416235.1#LOC135888428
LOC135888428	XM_065416239.1#LOC135888428
LOC135888428	XM_065416237.1#LOC135888428
LOC135888420	XM_065416227.1#LOC135888420
LOC135888421	XM_065416228.1#LOC135888421
LOC135888426	XM_065416232.1#LOC135888426
LOC135888166	XM_065415979.1#LOC135888166
LOC135888167	XM_065415980.1#LOC135888167
LOC135888168	XM_065415981.1#LOC135888168
LOC135888169	XM_065415982.1#LOC135888169
LOC135888205	XM_065416016.1#LOC135888205
LOC135888209	XM_065416018.1#LOC135888209
LOC135888210	XM_065416019.1#LOC135888210
LOC135888211	XM_065416021.1#LOC135888211
LOC135888213	XM_065416022.1#LOC135888213
LOC135888214	XM_065416023.1#LOC135888214
LOC135888215	XM_065416024.1#LOC135888215
LOC135888216	XM_065416025.1#LOC135888216
LOC135888072	XM_065415886.1#LOC135888072
LOC135888217	XM_065416026.1#LOC135888217
LOC135888219	XM_065416029.1#LOC135888219
LOC135888220	XM_065416030.1#LOC135888220
LOC135888221	XM_065416031.1#LOC135888221
LOC135888222	XM_065416032.1#LOC135888222
LOC135888223	XM_065416033.1#LOC135888223
LOC135888226	XM_065416034.1#LOC135888226
LOC135888227	XM_065416035.1#LOC135888227
LOC135888229	XM_065416038.1#LOC135888229
LOC135888233	XM_065416043.1#LOC135888233
LOC135888235	XM_065416044.1#LOC135888235
LOC135888237	XM_065416046.1#LOC135888237
LOC135888239	XM_065416049.1#LOC135888239
LOC135887856	XM_065415630.1#LOC135887856
LOC135887855	XM_065415629.1#LOC135887855
LOC135887857	XM_065415631.1#LOC135887857
LOC135888242	XM_065416052.1#LOC135888242
LOC135888243	XM_065416053.1#LOC135888243
LOC135888240	XM_065416050.1#LOC135888240
LOC135887357	XM_065415131.1#LOC135887357
LOC135887358	XM_065415132.1#LOC135887358
LOC135887359	XM_065415133.1#LOC135887359
LOC135887362	XM_065415134.1#LOC135887362
LOC135887363	XM_065415135.1#LOC135887363
LOC135887364	XM_065415136.1#LOC135887364
LOC135887717	XM_065415444.1#LOC135887717
LOC135887718	XM_065415445.1#LOC135887718
LOC135887714	XM_065415440.1#LOC135887714
LOC135888485	XM_065416290.1#LOC135888485
LOC135887716	XM_065415443.1#LOC135887716
LOC135887715	XM_065415442.1#LOC135887715
LOC135887719	XM_065415446.1#LOC135887719
LOC135887365	XM_065415138.1#LOC135887365
LOC135887366	XM_065415139.1#LOC135887366
LOC135887367	XM_065415140.1#LOC135887367
LOC135887652	XM_065415373.1#LOC135887652
LOC135887647	XM_065415368.1#LOC135887647
LOC135887648	XM_065415369.1#LOC135887648
LOC135887650	XM_065415371.1#LOC135887650
LOC135887368	XM_065415141.1#LOC135887368
LOC135887369	XM_065415142.1#LOC135887369
LOC135887651	XM_065415372.1#LOC135887651
LOC135887370	XM_065415143.1#LOC135887370
LOC135887372	XM_065415145.1#LOC135887372
LOC135887653	XM_065415374.1#LOC135887653
LOC135887373	XM_065415146.1#LOC135887373
LOC135887654	XM_065415375.1#LOC135887654
LOC135888264	XM_065416072.1#LOC135888264
LOC135887374	XM_065415147.1#LOC135887374
LOC135887375	XM_065415148.1#LOC135887375
LOC135887376	XM_065415149.1#LOC135887376
LOC135887379	XM_065415150.1#LOC135887379
LOC135887380	XM_065415151.1#LOC135887380
LOC135887381	XM_065415152.1#LOC135887381
LOC135887382	XM_065415154.1#LOC135887382
LOC135887383	XM_065415155.1#LOC135887383
LOC135887385	XM_065415156.1#LOC135887385
LOC135887386	XM_065415157.1#LOC135887386
LOC135887387	XM_065415158.1#LOC135887387
LOC135887389	XM_065415160.1#LOC135887389
LOC135887973	XM_065415781.1#LOC135887973
LOC135888074	XM_065415887.1#LOC135888074
LOC135888075	XM_065415888.1#LOC135888075
LOC135887969	XM_065415777.1#LOC135887969
LOC135887969	XM_065415775.1#LOC135887969
LOC135887969	XM_065415776.1#LOC135887969
LOC135887969	XM_065415774.1#LOC135887969
LOC135888076	XM_065415889.1#LOC135888076
LOC135888077	XM_065415891.1#LOC135888077
LOC135887981	XM_065415788.1#LOC135887981
LOC135887390	XM_065415161.1#LOC135887390
LOC135887983	XM_065415790.1#LOC135887983
LOC135887979	XM_065415786.1#LOC135887979
LOC135887391	XM_065415162.1#LOC135887391
LOC135887980	XM_065415787.1#LOC135887980
LOC135887393	XM_065415163.1#LOC135887393
LOC135887971	XM_065415779.1#LOC135887971
LOC135887967	XM_065415771.1#LOC135887967
LOC135887972	XM_065415780.1#LOC135887972
LOC135887968	XM_065415772.1#LOC135887968
LOC135887984	XM_065415792.1#LOC135887984
LOC135887985	XM_065415793.1#LOC135887985
LOC135887985	XM_065415794.1#LOC135887985
LOC135887978	XM_065415785.1#LOC135887978
LOC135887395	XM_065415164.1#LOC135887395
LOC135887396	XM_065415166.1#LOC135887396
LOC135887970	XM_065415778.1#LOC135887970
LOC135887975	XM_065415782.1#LOC135887975
LOC135887397	XM_065415167.1#LOC135887397
LOC135887399	XM_065415168.1#LOC135887399
LOC135887400	XM_065415169.1#LOC135887400
LOC135887401	XM_065415170.1#LOC135887401
LOC135887402	XM_065415171.1#LOC135887402
LOC135887404	XM_065415172.1#LOC135887404
LOC135887406	XM_065415173.1#LOC135887406
LOC135887977	XM_065415783.1#LOC135887977
LOC135887407	XM_065415175.1#LOC135887407
LOC135887966	XM_065415770.1#LOC135887966
LOC135887408	XM_065415176.1#LOC135887408
LOC135887409	XM_065415177.1#LOC135887409
LOC135887410	XM_065415178.1#LOC135887410
LOC135887411	XM_065415179.1#LOC135887411
LOC135887412	XM_065415180.1#LOC135887412
LOC135887982	XM_065415789.1#LOC135887982
LOC135887413	XM_065415182.1#LOC135887413
LOC135887415	XM_065415183.1#LOC135887415
RACK1	XM_065416183.1#RACK1
LOC135888405	XM_065416213.1#LOC135888405
LOC135888406	XM_065416214.1#LOC135888406
LOC135887416	XM_065415184.1#LOC135887416
LOC135888407	XM_065416215.1#LOC135888407
MSANTD7	XM_065415553.1#MSANTD7
LOC135887791	XM_065415552.1#LOC135887791
LOC135888248	XM_065416058.1#LOC135888248
LOC135887633	XM_065415355.1#LOC135887633
LOC135887923	XM_065415724.1#LOC135887923
LOC135887826	XM_065415599.1#LOC135887826
LOC135887417	XM_065415185.1#LOC135887417
LOC135887352	XM_065415122.1#LOC135887352
LOC135887628	XM_065415347.1#LOC135887628
LOC135887712	XM_065415438.1#LOC135887712
LOC135888109	XM_065415913.1#LOC135888109
LOC135888218	XM_065416028.1#LOC135888218
LOC135887732	XM_065415462.1#LOC135887732
LOC135887921	XM_065415722.1#LOC135887921
LOC135887418	XM_065415186.1#LOC135887418
LOC135887955	XM_065415758.1#LOC135887955
LOC135887911	XM_065415710.1#LOC135887911
LOC135887421	XM_065415187.1#LOC135887421
LOC135887939	XM_065415740.1#LOC135887939
LOC135887422	XM_065415188.1#LOC135887422
LOC135888261	XM_065416070.1#LOC135888261
LOC135887423	XM_065415189.1#LOC135887423
LOC135887891	XM_065415677.1#LOC135887891
LOC135887424	XM_065415191.1#LOC135887424
LOC135887864	XM_065415644.1#LOC135887864
LOC135888273	XM_065416081.1#LOC135888273
LOC135887426	XM_065415192.1#LOC135887426
LOC135887885	XM_065415670.1#LOC135887885
LOC135887428	XM_065415193.1#LOC135887428
LOC135887671	XM_065415397.1#LOC135887671
LOC135887737	XM_065415469.1#LOC135887737
LOC135887429	XM_065415194.1#LOC135887429
LOC135887430	XM_065415195.1#LOC135887430
LOC135888027	XM_065415837.1#LOC135888027
LOC135887800	XM_065415563.1#LOC135887800
LOC135888304	XM_065416116.1#LOC135888304
LOC135888394	XM_065416203.1#LOC135888394
LOC135888447	XM_065416257.1#LOC135888447
LOC135887830	XM_065415602.1#LOC135887830
LOC135887433	XM_065415196.1#LOC135887433
LOC135888346	XM_065416154.1#LOC135888346
LOC135887662	XM_065415386.1#LOC135887662
LOC135888410	XM_065416218.1#LOC135888410
LOC135887434	XM_065415197.1#LOC135887434
LOC135887280	XM_065415034.1#LOC135887280
LOC135887435	XM_065415198.1#LOC135887435
LOC135888356	XM_065416162.1#LOC135888356
LOC135887437	XM_065415200.1#LOC135887437
LOC135888418	XM_065416225.1#LOC135888418
LOC135887622	XM_065415341.1#LOC135887622
LOC135887439	XM_065415201.1#LOC135887439
LOC135888413	XM_065416220.1#LOC135888413
LOC135887787	XM_065415547.1#LOC135887787
LOC135887666	XM_065415389.1#LOC135887666
LOC135888450	XM_065416260.1#LOC135888450
LOC135887727	XM_065415457.1#LOC135887727
LOC135887445	XM_065415202.1#LOC135887445
LOC135887448	XM_065415204.1#LOC135887448
LOC135887450	XM_065415205.1#LOC135887450
LOC135887451	XM_065415206.1#LOC135887451
LOC135887453	XM_065415207.1#LOC135887453
LOC135887899	XM_065415685.1#LOC135887899
LOC135887897	XM_065415684.1#LOC135887897
LOC135887896	XM_065415683.1#LOC135887896
LOC135887457	XM_065415208.1#LOC135887457
LOC135887305	XM_065415067.1#LOC135887305
LOC135888395	XM_065416204.1#LOC135888395
LOC135888415	XM_065416222.1#LOC135888415
LOC135887989	XM_065415795.1#LOC135887989
LOC135887459	XM_065415210.1#LOC135887459
LOC135887661	XM_065415384.1#LOC135887661
LOC135887460	XM_065415211.1#LOC135887460
LOC135888050	XM_065415864.1#LOC135888050
LOC135888282	XM_065416091.1#LOC135888282
LOC135888008	XM_065415818.1#LOC135888008
LOC135887462	XM_065415213.1#LOC135887462
LOC135887463	XM_065415214.1#LOC135887463
LOC135887834	XM_065415606.1#LOC135887834
LOC135887464	XM_065415215.1#LOC135887464
LOC135888377	XM_065416182.1#LOC135888377
LOC135887960	XM_065415764.1#LOC135887960
LOC135887466	XM_065415216.1#LOC135887466
LOC135887467	XM_065415217.1#LOC135887467
LOC135887836	XM_065415608.1#LOC135887836
LOC135887953	XM_065415756.1#LOC135887953
LOC135888047	XM_065415860.1#LOC135888047
LOC135887852	XM_065415624.1#LOC135887852
LOC135887930	XM_065415731.1#LOC135887930
LOC135887794	XM_065415554.1#LOC135887794
LOC135887829	XM_065415601.1#LOC135887829
LOC135887469	XM_065415219.1#LOC135887469
LOC135887774	XM_065415531.1#LOC135887774
LOC135887636	XM_065415356.1#LOC135887636
LOC135887656	XM_065415378.1#LOC135887656
LOC135887660	XM_065415383.1#LOC135887660
OCIAD2	XM_065416090.1#OCIAD2
OCIAD2	XM_065416089.1#OCIAD2
LOC135887471	XM_065415220.1#LOC135887471
LOC135888311	XM_065416123.1#LOC135888311
LOC135887356	XM_065415130.1#LOC135887356
LOC135887474	XM_065415221.1#LOC135887474
LOC135888479	XM_065416284.1#LOC135888479
LOC135888037	XM_065415850.1#LOC135888037
LOC135887297	XM_065415048.1#LOC135887297
LOC135888354	XM_065416161.1#LOC135888354
LOC135888108	XM_065415912.1#LOC135888108
LOC135887938	XM_065415738.1#LOC135887938
LOC135888004	XM_065415815.1#LOC135888004
LOC135887825	XM_065415598.1#LOC135887825
LOC135887849	XM_065415623.1#LOC135887849
LOC135888137	XM_065415948.1#LOC135888137
LOC135887477	XM_065415222.1#LOC135887477
LOC135887478	XM_065415223.1#LOC135887478
LOC135887920	XM_065415721.1#LOC135887920
LOC135887790	XM_065415551.1#LOC135887790
LOC135887780	XM_065415536.1#LOC135887780
LOC135887781	XM_065415537.1#LOC135887781
LOC135887812	XM_065415581.1#LOC135887812
LOC135888049	XM_065415863.1#LOC135888049
LOC135887846	XM_065415618.1#LOC135887846
LOC135887845	XM_065415617.1#LOC135887845
LOC135887818	XM_065415589.1#LOC135887818
LOC135887479	XM_065415224.1#LOC135887479
LOC135887913	XM_065415712.1#LOC135887913
LOC135887804	XM_065415567.1#LOC135887804
LOC135887805	XM_065415568.1#LOC135887805
LOC135887481	XM_065415226.1#LOC135887481
LOC135888246	XM_065416055.1#LOC135888246
LOC135887482	XM_065415227.1#LOC135887482
LOC135887483	XM_065415228.1#LOC135887483
LOC135887484	XM_065415229.1#LOC135887484
LOC135887485	XM_065415230.1#LOC135887485
LOC135887486	XM_065415231.1#LOC135887486
LOC135887345	XM_065415110.1#LOC135887345
LOC135888469	XM_065416277.1#LOC135888469
LOC135887728	XM_065415458.1#LOC135887728
LOC135888414	XM_065416221.1#LOC135888414
LOC135888458	XM_065416267.1#LOC135888458
LOC135888353	XM_065416160.1#LOC135888353
LOC135888460	XM_065416269.1#LOC135888460
LOC135888252	XM_065416064.1#LOC135888252
LOC135887489	XM_065415232.1#LOC135887489
LOC135888402	XM_065416210.1#LOC135888402
LOC135887776	XM_065415533.1#LOC135887776
LOC135887491	XM_065415234.1#LOC135887491
LOC135888351	XM_065416158.1#LOC135888351
LOC135888480	XM_065416285.1#LOC135888480
LOC135887492	XM_065415235.1#LOC135887492
LOC135888349	XM_065416156.1#LOC135888349
LOC135888274	XM_065416082.1#LOC135888274
LOC135887493	XM_065415236.1#LOC135887493
LOC135887494	XM_065415237.1#LOC135887494
LOC135887495	XM_065415238.1#LOC135887495
LOC135888445	XM_065416254.1#LOC135888445
LOC135887496	XM_065415239.1#LOC135887496
LOC135887497	XM_065415240.1#LOC135887497
LOC135888476	XM_065416280.1#LOC135888476
LOC135887283	XM_065415036.1#LOC135887283
LOC135888478	XM_065416282.1#LOC135888478
LOC135888244	XM_065416054.1#LOC135888244
LOC135887498	XM_065415242.1#LOC135887498
LOC135887499	XM_065415243.1#LOC135887499
LOC135888439	XM_065416250.1#LOC135888439
LOC135887936	XM_065415736.1#LOC135887936
LOC135887937	XM_065415737.1#LOC135887937
LOC135887346	XM_065415111.1#LOC135887346
LOC135888038	XM_065415852.1#LOC135888038
LOC135887500	XM_065415244.1#LOC135887500
LOC135887309	XM_065415069.1#LOC135887309
LOC135887502	XM_065415245.1#LOC135887502
LOC135887503	XM_065415246.1#LOC135887503
LOC135887303	XM_065415054.1#LOC135887303
LOC135888398	XM_065416206.1#LOC135888398
LOC135888416	XM_065416224.1#LOC135888416
LOC135888412	XM_065416219.1#LOC135888412
LOC135888446	XM_065416256.1#LOC135888446
LOC135887504	XM_065415247.1#LOC135887504
LOC135888015	XM_065415824.1#LOC135888015
LOC135888305	XM_065416117.1#LOC135888305
LOC135888078	XM_065415892.1#LOC135888078
LOC135888194	XM_065416008.1#LOC135888194
LOC135888188	XM_065416002.1#LOC135888188
LOC135888079	XM_065415893.1#LOC135888079
LOC135888080	XM_065415894.1#LOC135888080
LOC135888199	XM_065416013.1#LOC135888199
LOC135888198	XM_065416011.1#LOC135888198
LOC135888200	XM_065416014.1#LOC135888200
LOC135888170	XM_065415985.1#LOC135888170
LOC135888183	XM_065415999.1#LOC135888183
LOC135888201	XM_065416015.1#LOC135888201
LOC135888185	XM_065416000.1#LOC135888185
LOC135888189	XM_065416003.1#LOC135888189
LOC135888017	XM_065415825.1#LOC135888017
LOC135888083	XM_065415895.1#LOC135888083
LOC135888085	XM_065415896.1#LOC135888085
LOC135888086	XM_065415897.1#LOC135888086
LOC135888312	XM_065416124.1#LOC135888312
LOC135888249	XM_065416060.1#LOC135888249
LOC135888056	XM_065415872.1#LOC135888056
LOC135888317	XM_065416129.1#LOC135888317
LOC135888181	XM_065415997.1#LOC135888181
LOC135888192	XM_065416006.1#LOC135888192
LOC135888193	XM_065416007.1#LOC135888193
LOC135888191	XM_065416005.1#LOC135888191
LOC135888196	XM_065416009.1#LOC135888196
LOC135888182	XM_065415998.1#LOC135888182
LOC135887644	XM_065415367.1#LOC135887644
LOC135888477	XM_065416281.1#LOC135888477
LOC135887512	XM_065415249.1#LOC135887512
LOC135887515	XM_065415250.1#LOC135887515
LOC135888179	XM_065415995.1#LOC135888179
LOC135888190	XM_065416004.1#LOC135888190
LOC135888173	XM_065415988.1#LOC135888173
LOC135888174	XM_065415989.1#LOC135888174
LOC135888176	XM_065415991.1#LOC135888176
LOC135888175	XM_065415990.1#LOC135888175
LOC135888197	XM_065416010.1#LOC135888197
LOC135887521	XM_065415252.1#LOC135887521
LOC135887523	XM_065415253.1#LOC135887523
LOC135887524	XM_065415254.1#LOC135887524
LOC135887525	XM_065415255.1#LOC135887525
LOC135887527	XM_065415256.1#LOC135887527
LOC135887528	XM_065415257.1#LOC135887528
LOC135887529	XM_065415258.1#LOC135887529
ZNF692	XM_065415986.1#ZNF692
LOC135887530	XM_065415260.1#LOC135887530
LOC135887531	XM_065415261.1#LOC135887531
LOC135888177	XM_065415993.1#LOC135888177
LOC135887532	XM_065415262.1#LOC135887532
LOC135887533	XM_065415263.1#LOC135887533
LOC135887535	XM_065415264.1#LOC135887535
LOC135887536	XM_065415265.1#LOC135887536
LOC135888180	XM_065415996.1#LOC135888180
LOC135887537	XM_065415266.1#LOC135887537
LOC135887539	XM_065415267.1#LOC135887539
LOC135888178	XM_065415994.1#LOC135888178
LOC135888087	XM_065415898.1#LOC135888087
LOC135888172	XM_065415987.1#LOC135888172
LOC135887540	XM_065415268.1#LOC135887540
LOC135887541	XM_065415270.1#LOC135887541
LOC135887542	XM_065415271.1#LOC135887542
LOC135887544	XM_065415272.1#LOC135887544
LOC135887545	XM_065415273.1#LOC135887545
LOC135887546	XM_065415274.1#LOC135887546
LOC135887549	XM_065415275.1#LOC135887549
LOC135887550	XM_065415276.1#LOC135887550
LOC135887551	XM_065415277.1#LOC135887551
LOC135887701	XM_065415430.1#LOC135887701
LOC135887552	XM_065415279.1#LOC135887552
LOC135887553	XM_065415280.1#LOC135887553
LOC135887554	XM_065415281.1#LOC135887554
LOC135887678	XM_065415404.1#LOC135887678
LOC135887678	XM_065415403.1#LOC135887678
LOC135887555	XM_065415282.1#LOC135887555
LOC135888088	XM_065415900.1#LOC135888088
LOC135888089	XM_065415901.1#LOC135888089
LOC135887556	XM_065415283.1#LOC135887556
LOC135887557	XM_065415284.1#LOC135887557
LOC135887703	XM_065415432.1#LOC135887703
LOC135887703	XM_065415433.1#LOC135887703
LOC135887704	XM_065415434.1#LOC135887704
LOC135887684	XM_065415411.1#LOC135887684
LOC135887681	XM_065415408.1#LOC135887681
GABBR1	XM_065415401.1#GABBR1
LOC135887702	XM_065415431.1#LOC135887702
RPS5	XM_065415429.1#RPS5
TEKTL1	XM_065415285.1#TEKTL1
LOC135887560	XM_065415286.1#LOC135887560
LOC135887561	XM_065415287.1#LOC135887561
LOC135887562	XM_065415288.1#LOC135887562
LOC135887563	XM_065415290.1#LOC135887563
LOC135887564	XM_065415291.1#LOC135887564
LOC135887565	XM_065415292.1#LOC135887565
LOC135887566	XM_065415293.1#LOC135887566
LOC135887676	XM_065415402.1#LOC135887676
LOC135887568	XM_065415294.1#LOC135887568
LOC135887569	XM_065415295.1#LOC135887569
LOC135887571	XM_065415297.1#LOC135887571
LOC135887572	XM_065415298.1#LOC135887572
LOC135888091	XM_065415903.1#LOC135888091
LOC135887573	XM_065415300.1#LOC135887573
LOC135887574	XM_065415301.1#LOC135887574
LOC135888093	XM_065415904.1#LOC135888093
LOC135887576	XM_065415302.1#LOC135887576
LOC135887695	XM_065415423.1#LOC135887695
LOC135887695	XM_065415425.1#LOC135887695
LOC135887695	XM_065415424.1#LOC135887695
LOC135888098	XM_065415906.1#LOC135888098
LOC135887577	XM_065415303.1#LOC135887577
LOC135887693	XM_065415419.1#LOC135887693
LOC135887578	XM_065415304.1#LOC135887578
LOC135887708	XM_065415436.1#LOC135887708
SH3BP5L	XM_065415428.1#SH3BP5L
LOC135888100	XM_065415908.1#LOC135888100
LOC135887692	XM_065415418.1#LOC135887692
LOC135887706	XM_065415435.1#LOC135887706
LOC135887682	XM_065415409.1#LOC135887682
LOC135887686	XM_065415413.1#LOC135887686
LOC135887689	XM_065415415.1#LOC135887689
LOC135887688	XM_065415414.1#LOC135887688
LOC135887582	XM_065415306.1#LOC135887582
LOC135887583	XM_065415307.1#LOC135887583
LOC135887586	XM_065415309.1#LOC135887586
LOC135887691	XM_065415417.1#LOC135887691
LOC135887697	XM_065415426.1#LOC135887697
LOC135887588	XM_065415310.1#LOC135887588
LOC135887685	XM_065415412.1#LOC135887685
LOC135887683	XM_065415410.1#LOC135887683
LOC135887679	XM_065415405.1#LOC135887679
LOC135887590	XM_065415311.1#LOC135887590
LOC135887680	XM_065415406.1#LOC135887680
LOC135887680	XM_065415407.1#LOC135887680
LOC135887289	XM_065415041.1#LOC135887289
LOC135887627	XM_065415346.1#LOC135887627
LOC135887690	XM_065415416.1#LOC135887690
DHRS7C	XM_065416119.1#DHRS7C
GSG1L2	XM_065416067.1#GSG1L2
GLP2R	XM_065416110.1#GLP2R
GAS7	XM_065416085.1#GAS7
GAS7	XM_065416084.1#GAS7
LOC135887592	XM_065415312.1#LOC135887592
LOC135887904	XM_065415693.1#LOC135887904
LOC135887904	XM_065415692.1#LOC135887904
LOC135887905	XM_065415700.1#LOC135887905
LOC135887905	XM_065415696.1#LOC135887905
LOC135887905	XM_065415699.1#LOC135887905
LOC135887905	XM_065415698.1#LOC135887905
LOC135887905	XM_065415694.1#LOC135887905
LOC135887907	XM_065415704.1#LOC135887907
LOC135887907	XM_065415703.1#LOC135887907
LOC135887907	XM_065415702.1#LOC135887907
LOC135887879	XM_065415662.1#LOC135887879
ADPRM	XM_065415767.1#ADPRM
ADPRM	XM_065415766.1#ADPRM
TMEM220	XM_065416125.1#TMEM220
MAP2K4	XM_065415124.1#MAP2K4
MAP2K4	XM_065415127.1#MAP2K4
MYOCD	XM_065415763.1#MYOCD
ELAC2	XM_065415051.1#ELAC2
DNAH9	XM_065415313.1#DNAH9
SHISA6	XM_065415678.1#SHISA6
PIRT	XM_065415119.1#PIRT
TMEM238L	XM_065415112.1#TMEM238L
RNF222	XM_065416258.1#RNF222
NDEL1	XM_065415463.1#NDEL1
NDEL1	XM_065415464.1#NDEL1
MYH10	XM_065415571.1#MYH10
MYH10	XM_065415574.1#MYH10
CCDC42	XM_065416248.1#CCDC42
LOC135888470	XM_065416278.1#LOC135888470
MFSD6L	XM_065416266.1#MFSD6L
PIK3R6	XM_065416069.1#PIK3R6
PIK3R5	XM_065415950.1#PIK3R5
NTN1	XM_065415859.1#NTN1
STX8	XM_065415726.1#STX8
STX8	XM_065415727.1#STX8
LOC135888048	XM_065415861.1#LOC135888048
CFAP52	XM_065415902.1#CFAP52
USP43	XM_065415820.1#USP43
LOC135887595	XM_065415314.1#LOC135887595
ARHGAP44	XM_065415315.1#ARHGAP44
LOC135888481	XM_065416286.1#LOC135888481
FBXW10B	XM_065416126.1#FBXW10B
TVP23C	XM_065415398.1#TVP23C
CDRT4	XM_065415594.1#CDRT4
TEKT3	XM_065416100.1#TEKT3
PMP22	XM_065415455.1#PMP22
PMP22	XM_065415456.1#PMP22
HS3ST3B1	XM_065416099.1#HS3ST3B1
LOC135888276	XM_065416083.1#LOC135888276
HS3ST3A1	XM_065416104.1#HS3ST3A1
TRIM16	XM_065415848.1#TRIM16
METRNL	XM_065415838.1#METRNL
B3GNTL1	XM_065415053.1#B3GNTL1
TBCD	XM_065415052.1#TBCD
ZNF750	XM_065416212.1#ZNF750
FN3K	XM_065415962.1#FN3K
LOC135888118	XM_065415924.1#LOC135888118
RAB40B	XM_065415559.1#RAB40B
WDR45B	XM_065415345.1#WDR45B
FOXK2	XM_065415470.1#FOXK2
NARF	XM_065415128.1#NARF
NARF	XM_065415129.1#NARF
LOC135887641	XM_065415362.1#LOC135887641
LOC135887641	XM_065415363.1#LOC135887641
HEXD	XM_065415881.1#HEXD
OGFOD3	XM_065416145.1#OGFOD3
LOC135888298	XM_065416109.1#LOC135888298
LOC135888319	XM_065416131.1#LOC135888319
LOC135888318	XM_065416130.1#LOC135888318
CD7	XM_065416253.1#CD7
SEPTIN9	XM_065415340.1#SEPTIN9
TNRC6C	XM_065415656.1#TNRC6C
LOC135888390	XM_065416198.1#LOC135888390
SEC14L1	XM_065415468.1#SEC14L1
MGAT5B	XM_065415867.1#MGAT5B
MGAT5B	XM_065415866.1#MGAT5B
MFSD11	XM_065415821.1#MFSD11
MFSD11	XM_065415822.1#MFSD11
SRSF2	XM_065415582.1#SRSF2
SRSF2	XM_065415583.1#SRSF2
METTL23	XM_065415839.1#METTL23
JMJD6	XM_065415633.1#JMJD6
JMJD6	XM_065415632.1#JMJD6
MXRA7	XM_065416251.1#MXRA7
ST6GALNAC1	XM_065416177.1#ST6GALNAC1
ST6GALNAC2	XM_065415686.1#ST6GALNAC2
CYGB	XM_065416170.1#CYGB
RHBDF2	XM_065415713.1#RHBDF2
AANAT	XM_065416179.1#AANAT
UBE2O	XM_065415723.1#UBE2O
SPHK1	XM_065415564.1#SPHK1
PRPSAP1	XM_065415388.1#PRPSAP1
PRPSAP1	XM_065415387.1#PRPSAP1
QRICH2	XM_065415317.1#QRICH2
UBALD2	XM_065416141.1#UBALD2
RNF157	XM_065415828.1#RNF157
FOXJ1	XM_065416146.1#FOXJ1
EXOC7	XM_065416295.1#EXOC7
EXOC7	XM_065416296.1#EXOC7
GALR2	XM_065416202.1#GALR2
SRP68	XM_065415634.1#SRP68
SRP68	XM_065415639.1#SRP68
EVPL	XM_065415856.1#EVPL
CDK3	XM_065415857.1#CDK3
TEN1	XM_065415933.1#TEN1
TEN1	XM_065415934.1#TEN1
ACOX1	XM_065415651.1#ACOX1
FBF1	XM_065415609.1#FBF1
MRPL38	XM_065415654.1#MRPL38
TRIM65	XM_065416279.1#TRIM65
TRIM47	XM_065416132.1#TRIM47
WBP2	XM_065415587.1#WBP2
WBP2	XM_065415588.1#WBP2
UNC13D	XM_065415318.1#UNC13D
UNK	XM_065415709.1#UNK
LOC135888144	XM_065415956.1#LOC135888144
GALK1	XM_065415812.1#GALK1
ITGB4	XM_065415319.1#ITGB4
SAP30BP	XM_065415627.1#SAP30BP
SAP30BP	XM_065415625.1#SAP30BP
RECQL5	XM_065415858.1#RECQL5
SMIM5	XM_065415068.1#SMIM5
MYO15B	XM_065415320.1#MYO15B
LLGL2	XM_065415575.1#LLGL2
TSEN54	XM_065415816.1#TSEN54
LOC135888409	XM_065416217.1#LOC135888409
CASKIN2	XM_065415755.1#CASKIN2
TMEM94	XM_065415590.1#TMEM94
GRB2	XM_065416292.1#GRB2
SLC25A19	XM_065416184.1#SLC25A19
SLC25A19	XM_065416185.1#SLC25A19
MIF4GD	XM_065416188.1#MIF4GD
MIF4GD	XM_065416190.1#MIF4GD
MRPS7	XM_065416187.1#MRPS7
GGA3	XM_065415603.1#GGA3
NUP85	XM_065415605.1#NUP85
SUMO2	XM_065415049.1#SUMO2
JPT1	XM_065415595.1#JPT1
NT5C	XM_065415708.1#NT5C
ARMC7	XM_065415707.1#ARMC7
ARMC7	XM_065415706.1#ARMC7
SLC16A5	XM_065416147.1#SLC16A5
LOC135887602	XM_065415321.1#LOC135887602
KCTD2	XM_065415342.1#KCTD2
ATP5PD	XM_065415343.1#ATP5PD
MRPL58	XM_065415847.1#MRPL58
CDR2L	XM_065416137.1#CDR2L
HID1	XM_065416097.1#HID1
OTOP3	XM_065415322.1#OTOP3
OTOP2	XM_065415323.1#OTOP2
USH1G	XM_065416151.1#USH1G
FADS6	XM_065416249.1#FADS6
FDXR	XM_065415732.1#FDXR
GRIN2C	XM_065415610.1#GRIN2C
TMEM104	XM_065415725.1#TMEM104
NAT9	XM_065415826.1#NAT9
NAT9	XM_065415827.1#NAT9
LOC135888268	XM_065416075.1#LOC135888268
NHERF1	XM_065415607.1#NHERF1
RAB37	XM_065415751.1#RAB37
LOC135888325	XM_065416135.1#LOC135888325
LOC135888236	XM_065416045.1#LOC135888236
LOC135887606	XM_065415324.1#LOC135887606
LOC135888383	XM_065416191.1#LOC135888383
LOC135887607	XM_065415325.1#LOC135887607
LOC135888389	XM_065416197.1#LOC135888389
LOC135888391	XM_065416199.1#LOC135888391
XYLT2	XM_065415869.1#XYLT2
MRPL27	XM_065415743.1#MRPL27
EME1	XM_065415679.1#EME1
LRRC59	XM_065415621.1#LRRC59
LRRC59	XM_065415622.1#LRRC59
LRRC59	XM_065415620.1#LRRC59
ACSF2	XM_065415653.1#ACSF2
CHAD	XM_065416287.1#CHAD
RSAD1	XM_065416121.1#RSAD1
MYCBPAP	XM_065415849.1#MYCBPAP
EPN3	XM_065416102.1#EPN3
SPATA20	XM_065415741.1#SPATA20
SPATA20	XM_065415742.1#SPATA20
CACNA1G	XM_065415327.1#CACNA1G
ABCC3	XM_065415328.1#ABCC3
ANKRD40	XM_065416133.1#ANKRD40
LUC7L3	XM_065415450.1#LUC7L3
LUC7L3	XM_065415451.1#LUC7L3
LUC7L3	XM_065415448.1#LUC7L3
LUC7L3	XM_065415449.1#LUC7L3
LOC135888265	XM_065416073.1#LOC135888265
WFIKKN2	XM_065415120.1#WFIKKN2
TOB1	XM_065415121.1#TOB1
SPAG9	XM_065416298.1#SPAG9
SPAG9	XM_065416299.1#SPAG9
SPAG9	XM_065416301.1#SPAG9
SPAG9	XM_065416300.1#SPAG9
NME1	XM_065416139.1#NME1
LOC135888329	XM_065416140.1#LOC135888329
MBTD1	XM_065415768.1#MBTD1
UTP18	XM_065415733.1#UTP18
CA10	XM_065416142.1#CA10
KIF2B	XM_065415750.1#KIF2B
TOM1L1	XM_065416193.1#TOM1L1
TOM1L1	XM_065416194.1#TOM1L1
LOC135887771	XM_065415522.1#LOC135887771
STXBP4	XM_065415521.1#STXBP4
STXBP4	XM_065415520.1#STXBP4
HLF	XM_065415813.1#HLF
HLF	XM_065415814.1#HLF
MMD	XM_065416078.1#MMD
SMIM36	XM_065415459.1#SMIM36
TMEM100	XM_065416276.1#TMEM100
PCTP	XM_065416164.1#PCTP
ANKFN1	XM_065416176.1#ANKFN1
NOG	XM_065416192.1#NOG
C13H17orf67	XM_065415047.1#C13H17orf67
DGKE	XM_065415951.1#DGKE
LOC135888352	XM_065416159.1#LOC135888352
TRIM25	XM_065415810.1#TRIM25
COIL	XM_065415759.1#COIL
LOC135887285	XM_065415038.1#LOC135887285
LOC135887866	XM_065415646.1#LOC135887866
RAB11FIP4	XM_065415832.1#RAB11FIP4
COPRS	XM_065415576.1#COPRS
UTP6	XM_065415729.1#UTP6
SUZ12	XM_065415612.1#SUZ12
CRLF3	XM_065416107.1#CRLF3
ATAD5	XM_065415616.1#ATAD5
TEFM	XM_065415765.1#TEFM
ADAP2	XM_065415744.1#ADAP2
RNF135	XM_065415613.1#RNF135
RHOT1	XM_065415115.1#RHOT1
RHOT1	XM_065415116.1#RHOT1
RHOT1	XM_065415118.1#RHOT1
RHOT1	XM_065415113.1#RHOT1
RHOT1	XM_065415114.1#RHOT1
RHBDL3	XM_065416057.1#RHBDL3
RHBDL3	XM_065416056.1#RHBDL3
C13H17orf75	XM_065415945.1#C13H17orf75
ZNF207	XM_065415062.1#ZNF207
ZNF207	XM_065415061.1#ZNF207
ZNF207	XM_065415058.1#ZNF207
ZNF207	XM_065415060.1#ZNF207
ZNF207	XM_065415055.1#ZNF207
ZNF207	XM_065415056.1#ZNF207
ZNF207	XM_065415059.1#ZNF207
ZNF207	XM_065415065.1#ZNF207
ZNF207	XM_065415066.1#ZNF207
ZNF207	XM_065415063.1#ZNF207
ZNF207	XM_065415064.1#ZNF207
LOC135887990	XM_065415796.1#LOC135887990
LOC135887659	XM_065415382.1#LOC135887659
LOC135887659	XM_065415381.1#LOC135887659
ERN1	XM_065415329.1#ERN1
TEX2	XM_065415037.1#TEX2
PECAM1	XM_065415330.1#PECAM1
MILR1	XM_065415660.1#MILR1
POLG2	XM_065415659.1#POLG2
POLG2	XM_065415658.1#POLG2
DDX5	XM_065415545.1#DDX5
DDX5	XM_065415544.1#DDX5
CEP95	XM_065416051.1#CEP95
SMURF2	XM_065415331.1#SMURF2
KPNA2	XM_065415357.1#KPNA2
C13H17orf58	XM_065415865.1#C13H17orf58
BPTF	XM_065415359.1#BPTF
BPTF	XM_065415361.1#BPTF
BPTF	XM_065415360.1#BPTF
NOL11	XM_065415830.1#NOL11
PITPNC1	XM_065415045.1#PITPNC1
PSMD12	XM_065415044.1#PSMD12
HELZ	XM_065415542.1#HELZ
CACNG1	XM_065416293.1#CACNG1
CACNG4	XM_065416105.1#CACNG4
CACNG5	XM_065416148.1#CACNG5
PRKCA	XM_065416263.1#PRKCA
APOH	XM_065415535.1#APOH
CEP112	XM_065415534.1#CEP112
AXIN2	XM_065415833.1#AXIN2
AXIN2	XM_065415834.1#AXIN2
RGS9	XM_065415655.1#RGS9
GNA13	XM_065416289.1#GNA13
AMZ2	XM_065416062.1#AMZ2
SLC16A6	XM_065416150.1#SLC16A6
ARSG	XM_065415942.1#ARSG
ARSG	XM_065415943.1#ARSG
WIPI1	XM_065415439.1#WIPI1
PRKAR1A	XM_065415365.1#PRKAR1A
PRKAR1A	XM_065415364.1#PRKAR1A
FAM20A	XM_065415854.1#FAM20A
LOC135887286	XM_065415039.1#LOC135887286
LOC135887613	XM_065415332.1#LOC135887613
LOC135887614	XM_065415333.1#LOC135887614
ABCA5	XM_065415452.1#ABCA5
MAP2K6	XM_065415597.1#MAP2K6
KCNJ16	XM_065415752.1#KCNJ16
KCNJ2	XM_065415461.1#KCNJ2
SOX9	XM_065415579.1#SOX9
SOX9	XM_065415580.1#SOX9
SLC39A11	XM_065415938.1#SLC39A11
SSTR2	XM_065416036.1#SSTR2
COG1	XM_065415558.1#COG1
VCF1	XM_065415561.1#VCF1
VCF1	XM_065415562.1#VCF1
VCF1	XM_065415560.1#VCF1
MTNAP1	XM_065415969.1#MTNAP1
CPSF4L	XM_065416065.1#CPSF4L
CDC42EP4	XM_065416201.1#CDC42EP4
SDK2	XM_065415586.1#SDK2
RPL38	XM_065415611.1#RPL38
TTYH2	XM_065415806.1#TTYH2
DNAI2	XM_065415334.1#DNAI2
KIF19	XM_065415665.1#KIF19
KIF19	XM_065415666.1#KIF19
BTBD17	XM_065415667.1#BTBD17
GPR142	XM_065415668.1#GPR142
GPRC5C	XM_065416066.1#GPRC5C
CCDC137	XM_065415823.1#CCDC137
OXLD1	XM_065416095.1#OXLD1
PDE6G	XM_065415882.1#PDE6G
TSPAN10	XM_065416166.1#TSPAN10
NPLOC4	XM_065415123.1#NPLOC4
FAAP100	XM_065415730.1#FAAP100
FSCN2	XM_065416092.1#FSCN2
ACTG1	XM_065415447.1#ACTG1
BAHCC1	XM_065415836.1#BAHCC1
SLC38A10	XM_065415556.1#SLC38A10
TEPSIN	XM_065416136.1#TEPSIN
CEP131	XM_065415661.1#CEP131
LOC135888357	XM_065416163.1#LOC135888357
PVALEF	XM_065415578.1#PVALEF
LOC135887617	XM_065415335.1#LOC135887617
AATK	XM_065416048.1#AATK
BAIAP2	XM_065415523.1#BAIAP2
BAIAP2	XM_065415524.1#BAIAP2
BAIAP2	XM_065415528.1#BAIAP2
BAIAP2	XM_065415525.1#BAIAP2
CHMP6	XM_065415805.1#CHMP6
CHMP6	XM_065415804.1#CHMP6
RPTOR	XM_065415691.1#RPTOR
RPTOR	XM_065415690.1#RPTOR
NPTX1	XM_065416074.1#NPTX1
ENDOV	XM_065415868.1#ENDOV
RNF213	XM_065415339.1#RNF213
SLC26A11	XM_065415807.1#SLC26A11
SGSH	XM_065416088.1#SGSH
CARD14	XM_065416127.1#CARD14
GAA	XM_065415664.1#GAA
CCDC40	XM_065416122.1#CCDC40
TBC1D16	XM_065415798.1#TBC1D16
TBC1D16	XM_065415799.1#TBC1D16
TBC1D16	XM_065415801.1#TBC1D16
CBX4	XM_065415718.1#CBX4
CBX8	XM_065415720.1#CBX8
CBX8	XM_065415719.1#CBX8
CBX2	XM_065416252.1#CBX2
ENPP7	XM_065416175.1#ENPP7
RBFOX3	XM_065416207.1#RBFOX3
RBFOX3	XM_065416208.1#RBFOX3
ENGASE	XM_065415760.1#ENGASE
C1QTNF1	XM_065415762.1#C1QTNF1
CANT1	XM_065415615.1#CANT1
TIMP2	XM_065415390.1#TIMP2
USP36	XM_065415734.1#USP36
CYTH1	XM_065415566.1#CYTH1
CYTH1	XM_065415565.1#CYTH1
DNAH17	XM_065415337.1#DNAH17
PGS1	XM_065415769.1#PGS1
SOCS3	XM_065416134.1#SOCS3
LOC135887288	XM_065415040.1#LOC135887288
TMEM235	XM_065415338.1#TMEM235
AFMID	XM_065416195.1#AFMID
TK1	XM_065416152.1#TK1
SYNGR2	XM_065415550.1#SYNGR2
SYNGR2	XM_065415549.1#SYNGR2
TMC6	XM_065415466.1#TMC6
TMC6	XM_065415465.1#TMC6
ARL16	XM_065416196.1#ARL16
HGS	XM_065415349.1#HGS
HGS	XM_065415350.1#HGS
HGS	XM_065415351.1#HGS
LOC135888483	XM_065416288.1#LOC135888483
MRPL12	XM_065415353.1#MRPL12
SLC25A10	XM_065415352.1#SLC25A10
GCGR	XM_065416071.1#GCGR
MCRIP1	XM_065415835.1#MCRIP1
PPP1R27	XM_065416273.1#PPP1R27
P4HB	XM_065415399.1#P4HB
ARHGDIA	XM_065415354.1#ARHGDIA
ALYREF	XM_065415649.1#ALYREF
ANAPC11	XM_065415540.1#ANAPC11
ANAPC11	XM_065415541.1#ANAPC11
NPB	XM_065415105.1#NPB
LOC135887291	XM_065415042.1#LOC135887291
PCYT2	XM_065415628.1#PCYT2
SIRT7	XM_065415808.1#SIRT7
MAFG	XM_065416144.1#MAFG
PYCR1	XM_065415380.1#PYCR1
MYADML2	XM_065416268.1#MYADML2
NOTUM	XM_065416101.1#NOTUM
ASPSCR1	XM_065416272.1#ASPSCR1
CENPX	XM_065416271.1#CENPX
LRRC45	XM_065416270.1#LRRC45
RAC3	XM_065415035.1#RAC3
DCXR	XM_065415817.1#DCXR
RFNG	XM_065415681.1#RFNG
RFNG	XM_065415680.1#RFNG
GPS1	XM_065415393.1#GPS1
GPS1	XM_065415392.1#GPS1
DUS1L	XM_065415688.1#DUS1L
FASN	XM_065416305.1#FASN
CCDC57	XM_065415831.1#CCDC57
SLC16A3	XM_065415394.1#SLC16A3
SLC16A3	XM_065415396.1#SLC16A3
CSNK1D	XM_065415104.1#CSNK1D
CSNK1D	XM_065415102.1#CSNK1D
CSNK1D	XM_065415103.1#CSNK1D
LOC135894833	XM_065422941.1#LOC135894833
LOC135894835	XM_065422942.1#LOC135894835
LOC135894828	XM_065422936.1#LOC135894828
LOC135894831	XM_065422939.1#LOC135894831
LOC135894829	XM_065422937.1#LOC135894829
LOC135894830	XM_065422938.1#LOC135894830
LOC135894832	XM_065422940.1#LOC135894832
LOC135889014	XM_065416830.1#LOC135889014
TMEM231	XM_065416568.1#TMEM231
TMEM231	XM_065416567.1#TMEM231
GABARAPL2	XM_065416400.1#GABARAPL2
GABARAPL2	XM_065416401.1#GABARAPL2
ADAT1	XM_065416562.1#ADAT1
KARS1	XM_065416454.1#KARS1
TERF2IP	XM_065416756.1#TERF2IP
LOC135889013	XM_065416829.1#LOC135889013
TAT	XM_065416705.1#TAT
MARVELD3	XM_065416859.1#MARVELD3
PHLPP2	XM_065416592.1#PHLPP2
PHLPP2	XM_065416591.1#PHLPP2
AP1G1	XM_065416888.1#AP1G1
ATXN1L	XM_065416501.1#ATXN1L
ZNF821	XM_065416722.1#ZNF821
IST1	XM_065416432.1#IST1
IST1	XM_065416431.1#IST1
IST1	XM_065416433.1#IST1
PKD1L3	XM_065416772.1#PKD1L3
DHODH	XM_065416598.1#DHODH
LOC135889028	XM_065416844.1#LOC135889028
DHX38	XM_065416720.1#DHX38
PMFBP1	XM_065416399.1#PMFBP1
ZFHX3	XM_065416524.1#ZFHX3
PSMD7	XM_065416380.1#PSMD7
WWP2	XM_065416328.1#WWP2
NOB1	XM_065416344.1#NOB1
NQO1	XM_065416571.1#NQO1
NFAT5	XM_065416491.1#NFAT5
NFAT5	XM_065416490.1#NFAT5
NFAT5	XM_065416492.1#NFAT5
LOC135888843	XM_065416634.1#LOC135888843
TERF2	XM_065416488.1#TERF2
TMED6	XM_065416719.1#TMED6
NIP7	XM_065416616.1#NIP7
COG8	XM_065416511.1#COG8
VPS4A	XM_065416417.1#VPS4A
SNTB2	XM_065416677.1#SNTB2
UTP4	XM_065416409.1#UTP4
UTP4	XM_065416410.1#UTP4
CHTF8	XM_065416397.1#CHTF8
CHTF8	XM_065416398.1#CHTF8
HAS3	XM_065416671.1#HAS3
TANGO6	XM_065416564.1#TANGO6
CDH1	XM_065416493.1#CDH1
LOC135888726	XM_065416494.1#LOC135888726
LOC135888961	XM_065416773.1#LOC135888961
LOC135888606	XM_065416333.1#LOC135888606
GAS8	XM_065416680.1#GAS8
DBNDD1	XM_065416847.1#DBNDD1
LOC135888864	XM_065416659.1#LOC135888864
DEF8	XM_065416612.1#DEF8
DEF8	XM_065416610.1#DEF8
DEF8	XM_065416611.1#DEF8
TUBB3	XM_065416774.1#TUBB3
TCF25	XM_065416357.1#TCF25
SPIRE2	XM_065416643.1#SPIRE2
FANCA	XM_065416356.1#FANCA
ZNF276	XM_065416775.1#ZNF276
VPS9D1	XM_065416573.1#VPS9D1
LOC135888790	XM_065416574.1#LOC135888790
LOC135888684	XM_065416437.1#LOC135888684
SPATA2L	XM_065416538.1#SPATA2L
CDK10	XM_065416541.1#CDK10
CHMP1A	XM_065416544.1#CHMP1A
DPEP1	XM_065416542.1#DPEP1
LOC135888764	XM_065416543.1#LOC135888764
LOC135888761	XM_065416539.1#LOC135888761
CPNE7	XM_065416537.1#CPNE7
RPL13	XM_065416350.1#RPL13
SPG7	XM_065416353.1#SPG7
ANKRD11	XM_065416340.1#ANKRD11
SLC22A31	XM_065416665.1#SLC22A31
CDH15	XM_065416658.1#CDH15
ACSF3	XM_065416609.1#ACSF3
CBFA2T3	XM_065416639.1#CBFA2T3
PABPN1L	XM_065416776.1#PABPN1L
TRAPPC2L	XM_065416602.1#TRAPPC2L
GALNS	XM_065416386.1#GALNS
APRT	XM_065416388.1#APRT
CDT1	XM_065416605.1#CDT1
PIEZO1	XM_065416604.1#PIEZO1
CTU2	XM_065416606.1#CTU2
RNF166	XM_065416608.1#RNF166
SNAI3	XM_065416712.1#SNAI3
MVD	XM_065416687.1#MVD
LOC135888835	XM_065416623.1#LOC135888835
IL17C	XM_065416897.1#IL17C
ZC3H18	XM_065416408.1#ZC3H18
ZC3H18	XM_065416407.1#ZC3H18
ZC3H18	XM_065416406.1#ZC3H18
ZC3H18	XM_065416405.1#ZC3H18
LOC135888969	XM_065416780.1#LOC135888969
CIDEC	XM_065416693.1#CIDEC
ZFPM1	XM_065416654.1#ZFPM1
ZNF469	XM_065416313.1#ZNF469
BANP	XM_065416358.1#BANP
BANP	XM_065416361.1#BANP
CA5A	XM_065416561.1#CA5A
SLC7A5	XM_065416376.1#SLC7A5
KLHDC4	XM_065416642.1#KLHDC4
JPH3	XM_065416727.1#JPH3
JPH3	XM_065416726.1#JPH3
ZCCHC14	XM_065416886.1#ZCCHC14
MAP1LC3B	XM_065416887.1#MAP1LC3B
FBXO31	XM_065416698.1#FBXO31
FBXO31	XM_065416699.1#FBXO31
KIAA0513	XM_065416753.1#KIAA0513
KIAA0513	XM_065416754.1#KIAA0513
CIBAR2	XM_065416752.1#CIBAR2
GSE1	XM_065416371.1#GSE1
GINS2	XM_065416535.1#GINS2
EMC8	XM_065416473.1#EMC8
LOC135888666	XM_065416402.1#LOC135888666
LOC135888666	XM_065416404.1#LOC135888666
LOC135889004	XM_065416818.1#LOC135889004
IRF8	XM_065416766.1#IRF8
IRF8	XM_065416765.1#IRF8
FOXF1	XM_065416682.1#FOXF1
MTHFSD	XM_065416721.1#MTHFSD
FOXC2	XM_065416644.1#FOXC2
FOXL1	XM_065416757.1#FOXL1
ZDHHC7	XM_065416723.1#ZDHHC7
LOC135888755	XM_065416534.1#LOC135888755
CRISPLD2	XM_065416640.1#CRISPLD2
USP10	XM_065416522.1#USP10
USP10	XM_065416521.1#USP10
KLHL36	XM_065416871.1#KLHL36
COTL1	XM_065416453.1#COTL1
LOC135888966	XM_065416778.1#LOC135888966
MEAK7	XM_065416827.1#MEAK7
ATP2C2	XM_065416342.1#ATP2C2
WFDC1	XM_065416866.1#WFDC1
KCNG4	XM_065416786.1#KCNG4
HSBP1	XM_065416355.1#HSBP1
MLYCD	XM_065416614.1#MLYCD
CDH13	XM_065416779.1#CDH13
MPHOSPH6	XM_065416545.1#MPHOSPH6
LOC135888975	XM_065416787.1#LOC135888975
LOC135888844	XM_065416635.1#LOC135888844
HSD17B2	XM_065416857.1#HSD17B2
SDR42E1	XM_065416704.1#SDR42E1
PLCG2	XM_065416466.1#PLCG2
CMIP	XM_065416378.1#CMIP
CMIP	XM_065416377.1#CMIP
GAN	XM_065416625.1#GAN
GAN	XM_065416626.1#GAN
BCO1	XM_065416802.1#BCO1
LOC135888834	XM_065416622.1#LOC135888834
GCSH	XM_065416637.1#GCSH
PPP1R3E	XM_065416315.1#PPP1R3E
C14H16orf46	XM_065416845.1#C14H16orf46
ATMIN	XM_065416747.1#ATMIN
CENPN	XM_065416724.1#CENPN
CMC2	XM_065416706.1#CMC2
CMC2	XM_065416707.1#CMC2
CDYL2	XM_065416692.1#CDYL2
DYNLRB2	XM_065416652.1#DYNLRB2
MAF	XM_065416569.1#MAF
WWOX	XM_065416514.1#WWOX
CLEC3A	XM_065416805.1#CLEC3A
VAT1L	XM_065416769.1#VAT1L
NUDT7	XM_065416718.1#NUDT7
NUDT7	XM_065416717.1#NUDT7
ADAMTS18	XM_065416525.1#ADAMTS18
ADAMTS18	XM_065416526.1#ADAMTS18
CDH8	XM_065416681.1#CDH8
CDH11	XM_065416663.1#CDH11
CDH5	XM_065416442.1#CDH5
BEAN1	XM_065416781.1#BEAN1
LOC135888971	XM_065416782.1#LOC135888971
TK2	XM_065416373.1#TK2
TK2	XM_065416372.1#TK2
TK2	XM_065416374.1#TK2
CKLF	XM_065416678.1#CKLF
CMTM3	XM_065416429.1#CMTM3
CMTM4	XM_065416536.1#CMTM4
DYNC1LI2	XM_065416457.1#DYNC1LI2
DYNC1LI2	XM_065416458.1#DYNC1LI2
DYNC1LI2	XM_065416456.1#DYNC1LI2
TERB1	XM_065416869.1#TERB1
NAE1	XM_065416476.1#NAE1
CA7	XM_065416552.1#CA7
PDP2	XM_065416790.1#PDP2
CDH16	XM_065416834.1#CDH16
RRAD	XM_065416732.1#RRAD
CIAO2B	XM_065416414.1#CIAO2B
LOC135889008	XM_065416823.1#LOC135889008
LOC135888810	XM_065416595.1#LOC135888810
LOC135888811	XM_065416596.1#LOC135888811
PDCD2L	XM_065416546.1#PDCD2L
UBA2	XM_065416528.1#UBA2
UBA2	XM_065416529.1#UBA2
WTIP	XM_065416840.1#WTIP
GPI	XM_065416317.1#GPI
GARRE1	XM_065416441.1#GARRE1
SS18L2	XM_065416495.1#SS18L2
SS18L2	XM_065416496.1#SS18L2
LSM14A	XM_065416882.1#LSM14A
LSM14A	XM_065416883.1#LSM14A
LSM14A	XM_065416884.1#LSM14A
LSM14A	XM_065416881.1#LSM14A
LOC135888686	XM_065416440.1#LOC135888686
KCTD15	XM_065416821.1#KCTD15
KCTD15	XM_065416822.1#KCTD15
CHST8	XM_065416852.1#CHST8
PEPD	XM_065416423.1#PEPD
PEPD	XM_065416424.1#PEPD
CEBPG	XM_065416443.1#CEBPG
CEBPG	XM_065416444.1#CEBPG
CEBPA	XM_065416560.1#CEBPA
SLC7A10	XM_065416426.1#SLC7A10
LRP3	XM_065416738.1#LRP3
WDR88	XM_065416784.1#WDR88
GPATCH1	XM_065416392.1#GPATCH1
RHPN2	XM_065416364.1#RHPN2
FAAP24	XM_065416365.1#FAAP24
FAAP24	XM_065416366.1#FAAP24
CEP89	XM_065416474.1#CEP89
LOC135889042	XM_065416858.1#LOC135889042
SLC7A9	XM_065416684.1#SLC7A9
TDRD12	XM_065416815.1#TDRD12
NUDT19	XM_065416615.1#NUDT19
RGS9BP	XM_065416856.1#RGS9BP
ANKRD27	XM_065416588.1#ANKRD27
PDCD5	XM_065416520.1#PDCD5
LOC135888983	XM_065416794.1#LOC135888983
DPY19L3	XM_065416697.1#DPY19L3
ZNF507	XM_065416820.1#ZNF507
TSHZ3	XM_065416729.1#TSHZ3
ZNF536	XM_065416755.1#ZNF536
URI1	XM_065416530.1#URI1
CCNE1	XM_065416583.1#CCNE1
LOC135888836	XM_065416624.1#LOC135888836
C14H19orf12	XM_065416630.1#C14H19orf12
C14H19orf12	XM_065416629.1#C14H19orf12
C14H19orf12	XM_065416632.1#C14H19orf12
PLEKHF1	XM_065416843.1#PLEKHF1
POP4	XM_065416509.1#POP4
POP4	XM_065416508.1#POP4
POP4	XM_065416510.1#POP4
VSTM2B	XM_065416868.1#VSTM2B
LOC135888815	XM_065416600.1#LOC135888815
SHCBP1	XM_065416686.1#SHCBP1
LOC135888977	XM_065416789.1#LOC135888977
VPS35	XM_065416334.1#VPS35
ORC6	XM_065416666.1#ORC6
MYLK3	XM_065416715.1#MYLK3
C14H16orf87	XM_065416668.1#C14H16orf87
GPT2	XM_065416670.1#GPT2
LOC135889055	XM_065416872.1#LOC135889055
DNAJA2	XM_065416335.1#DNAJA2
NETO2	XM_065416676.1#NETO2
ITFG1	XM_065416532.1#ITFG1
PHKB	XM_065416341.1#PHKB
LOC135888660	XM_065416394.1#LOC135888660
LONP2	XM_065416470.1#LONP2
LONP2	XM_065416471.1#LONP2
SIAH1	XM_065416419.1#SIAH1
SIAH1	XM_065416418.1#SIAH1
N4BP1	XM_065416519.1#N4BP1
CBLN1	XM_065416701.1#CBLN1
C14H16orf78	XM_065416788.1#C14H16orf78
LOC135888929	XM_065416728.1#LOC135888929
ZNF423	XM_065416708.1#ZNF423
LOC135888861	XM_065416656.1#LOC135888861
LOC135888861	XM_065416657.1#LOC135888861
LOC135888861	XM_065416655.1#LOC135888861
CNEP1R1	XM_065416459.1#CNEP1R1
HEATR3	XM_065416735.1#HEATR3
TENT4B	XM_065416332.1#TENT4B
ADCY7	XM_065416347.1#ADCY7
BRD7	XM_065416533.1#BRD7
NKD1	XM_065416828.1#NKD1
SNX20	XM_065416864.1#SNX20
CYLD	XM_065416411.1#CYLD
CYLD	XM_065416413.1#CYLD
SALL1	XM_065416597.1#SALL1
TOX3	XM_065416861.1#TOX3
TOX3	XM_065416860.1#TOX3
CHD9	XM_065416619.1#CHD9
CHD9	XM_065416620.1#CHD9
CHD9	XM_065416621.1#CHD9
RBL2	XM_065416396.1#RBL2
AKTIP	XM_065416572.1#AKTIP
RPGRIP1L	XM_065416580.1#RPGRIP1L
FTO	XM_065416387.1#FTO
IRX3	XM_065416711.1#IRX3
IRX5	XM_065416733.1#IRX5
IRX5	XM_065416734.1#IRX5
IRX6	XM_065416832.1#IRX6
MMP2	XM_065416329.1#MMP2
LPCAT2	XM_065416709.1#LPCAT2
CAPNS2	XM_065416716.1#CAPNS2
SLC6A2	XM_065416415.1#SLC6A2
LOC135888718	XM_065416484.1#LOC135888718
LOC135888728	XM_065416498.1#LOC135888728
LOC135888720	XM_065416487.1#LOC135888720
LOC135888901	XM_065416695.1#LOC135888901
LOC135888719	XM_065416486.1#LOC135888719
LOC135889036	XM_065416851.1#LOC135889036
LOC135889035	XM_065416850.1#LOC135889035
LOC135888717	XM_065416483.1#LOC135888717
LOC135888717	XM_065416482.1#LOC135888717
LOC135889039	XM_065416855.1#LOC135889039
LOC135889038	XM_065416854.1#LOC135889038
LOC135888715	XM_065416481.1#LOC135888715
SLC12A4	XM_065416749.1#SLC12A4
SLC12A4	XM_065416751.1#SLC12A4
LOC135889066	XM_065416894.1#LOC135889066
LOC135889066	XM_065416889.1#LOC135889066
LOC135889066	XM_065416890.1#LOC135889066
LOC135889066	XM_065416891.1#LOC135889066
LOC135889066	XM_065416892.1#LOC135889066
LOC135889066	XM_065416896.1#LOC135889066
LOC135889066	XM_065416895.1#LOC135889066
LOC135889032	XM_065416848.1#LOC135889032
DDX28	XM_065416645.1#DDX28
DUS2	XM_065416683.1#DUS2
NFATC3	XM_065416337.1#NFATC3
ESRP2	XM_065416661.1#ESRP2
ESRP2	XM_065416660.1#ESRP2
LOC135888981	XM_065416791.1#LOC135888981
PLA2G15	XM_065416559.1#PLA2G15
SMPD3	XM_065416835.1#SMPD3
PRMT7	XM_065416576.1#PRMT7
SLC7A6OS	XM_065416599.1#SLC7A6OS
SLC7A6	XM_065416421.1#SLC7A6
LOC135888610	XM_065416336.1#LOC135888610
TMEM30B	XM_065416768.1#TMEM30B
OSGIN1	XM_065416523.1#OSGIN1
NECAB2	XM_065416826.1#NECAB2
SLC38A8	XM_065416873.1#SLC38A8
MBTPS1	XM_065416379.1#MBTPS1
HSDL1	XM_065416448.1#HSDL1
HSDL1	XM_065416447.1#HSDL1
HSDL1	XM_065416451.1#HSDL1
HSDL1	XM_065416450.1#HSDL1
HSDL1	XM_065416449.1#HSDL1
HSDL1	XM_065416445.1#HSDL1
DNAAF1	XM_065416862.1#DNAAF1
LOC135888601	XM_065416327.1#LOC135888601
HSF4	XM_065416867.1#HSF4
FBXL8	XM_065416870.1#FBXL8
TRADD	XM_065416841.1#TRADD
B3GNT9	XM_065416812.1#B3GNT9
PHAF1	XM_065416570.1#PHAF1
CBFB	XM_065416760.1#CBFB
CBFB	XM_065416761.1#CBFB
CBFB	XM_065416759.1#CBFB
GNAO1	XM_065416741.1#GNAO1
GNAO1	XM_065416740.1#GNAO1
AMFR	XM_065416469.1#AMFR
AMFR	XM_065416468.1#AMFR
NUDT21	XM_065416863.1#NUDT21
OGFOD1	XM_065416792.1#OGFOD1
BBS2	XM_065416689.1#BBS2
LOC135888706	XM_065416472.1#LOC135888706
NUP93	XM_065416422.1#NUP93
SLC12A3	XM_065416323.1#SLC12A3
SLC12A3	XM_065416325.1#SLC12A3
HERPUD1	XM_065416452.1#HERPUD1
CETP	XM_065416587.1#CETP
NLRC5	XM_065416795.1#NLRC5
CPNE2	XM_065416363.1#CPNE2
PSME3IP1	XM_065416393.1#PSME3IP1
RSPRY1	XM_065416617.1#RSPRY1
ARL2BP	XM_065416690.1#ARL2BP
PLLP	XM_065416846.1#PLLP
LOC135888641	XM_065416375.1#LOC135888641
LOC135888620	XM_065416346.1#LOC135888620
LOC135888618	XM_065416345.1#LOC135888618
LOC135888985	XM_065416796.1#LOC135888985
LOC135888986	XM_065416797.1#LOC135888986
LOC135888893	XM_065416688.1#LOC135888893
LOC135888731	XM_065416502.1#LOC135888731
CIAPIN1	XM_065416463.1#CIAPIN1
CIAPIN1	XM_065416464.1#CIAPIN1
COQ9	XM_065416462.1#COQ9
POLR2C	XM_065416351.1#POLR2C
DOK4	XM_065416633.1#DOK4
CCDC102A	XM_065416771.1#CCDC102A
ADGRG5	XM_065416739.1#ADGRG5
ADGRG1	XM_065416368.1#ADGRG1
ADGRG3	XM_065416370.1#ADGRG3
LOC135888987	XM_065416798.1#LOC135888987
DRC7	XM_065416767.1#DRC7
KATNB1	XM_065416428.1#KATNB1
KATNB1	XM_065416427.1#KATNB1
KIFC3	XM_065416416.1#KIFC3
CNGB1	XM_065416799.1#CNGB1
SPMIP8	XM_065416817.1#SPMIP8
ZNF319	XM_065416696.1#ZNF319
USB1	XM_065416584.1#USB1
MMP15	XM_065416556.1#MMP15
MMP15	XM_065416557.1#MMP15
LOC135888989	XM_065416801.1#LOC135888989
CFAP20	XM_065416515.1#CFAP20
CSNK2A2	XM_065416465.1#CSNK2A2
CFAP263	XM_065416849.1#CFAP263
PRSS54	XM_065416803.1#PRSS54
LOC135888906	XM_065416700.1#LOC135888906
GINS3	XM_065416553.1#GINS3
GINS3	XM_065416554.1#GINS3
NDRG4	XM_065416318.1#NDRG4
NDRG4	XM_065416319.1#NDRG4
NDRG4	XM_065416320.1#NDRG4
SETD6	XM_065416627.1#SETD6
CNOT1	XM_065416675.1#CNOT1
SLC38A7	XM_065416550.1#SLC38A7
ZDHHC1	XM_065416833.1#ZDHHC1
TPPP3	XM_065416762.1#TPPP3
LRRC36	XM_065416836.1#LRRC36
KCTD19	XM_065416804.1#KCTD19
PLEKHG4	XM_065416667.1#PLEKHG4
SLC9A5	XM_065416555.1#SLC9A5
FHOD1	XM_065416354.1#FHOD1
HSD11B2	XM_065416730.1#HSD11B2
ATP6V0D1	XM_065416478.1#ATP6V0D1
AGRP	XM_065416839.1#AGRP
LOC135888917	XM_065416714.1#LOC135888917
LCAT	XM_065416731.1#LCAT
MATCAP1	XM_065416477.1#MATCAP1
TMEM208	XM_065416565.1#TMEM208
TMEM208	XM_065416566.1#TMEM208
LOC135888994	XM_065416806.1#LOC135888994
ELMO3	XM_065416531.1#ELMO3
E2F4	XM_065416527.1#E2F4
LOC135888792	XM_065416577.1#LOC135888792
LOC135888995	XM_065416807.1#LOC135888995
EXOC3L1	XM_065416460.1#EXOC3L1
CTRL	XM_065416694.1#CTRL
PSKH1	XM_065416516.1#PSKH1
NRN1L	XM_065416316.1#NRN1L
EDC4	XM_065416362.1#EDC4
NUTF2	XM_065416503.1#NUTF2
NUTF2	XM_065416504.1#NUTF2
NUTF2	XM_065416507.1#NUTF2
NUTF2	XM_065416505.1#NUTF2
THAP11	XM_065416825.1#THAP11
CENPT	XM_065416673.1#CENPT
TSNAXIP1	XM_065416737.1#TSNAXIP1
RANBP10	XM_065416330.1#RANBP10
RANBP10	XM_065416331.1#RANBP10
GFOD2	XM_065416785.1#GFOD2
C14H16orf86	XM_065416430.1#C14H16orf86
ENKD1	XM_065416819.1#ENKD1
PARD6A	XM_065416601.1#PARD6A
IL34	XM_065416321.1#IL34
SF3B3	XM_065416348.1#SF3B3
LOC135888657	XM_065416390.1#LOC135888657
COG4	XM_065416389.1#COG4
FCSK	XM_065416581.1#FCSK
ST3GAL2	XM_065416628.1#ST3GAL2
AARS1	XM_065416339.1#AARS1
EXOSC6	XM_065416874.1#EXOSC6
LOC135888712	XM_065416479.1#LOC135888712
LOC135888805	XM_065416590.1#LOC135888805
LOC135888996	XM_065416809.1#LOC135888996
MTSS2	XM_065416343.1#MTSS2
VAC14	XM_065416489.1#VAC14
HYDIN	XM_065416810.1#HYDIN
CMTR2	XM_065416837.1#CMTR2
CALB2	XM_065416679.1#CALB2
GOT2	XM_065416517.1#GOT2
LOC135888858	XM_065416651.1#LOC135888858
LOC135888804	XM_065416589.1#LOC135888804
RIPOR1	XM_065416547.1#RIPOR1
CTCF	XM_065416352.1#CTCF
LOC135888998	XM_065416811.1#LOC135888998
ACD	XM_065416636.1#ACD
LOC135889000	XM_065416813.1#LOC135889000
LOC135889001	XM_065416814.1#LOC135889001
LOC135888685	XM_065416439.1#LOC135888685
LOC135888685	XM_065416438.1#LOC135888685
LOC135888647	XM_065416382.1#LOC135888647
LOC135888648	XM_065416383.1#LOC135888648
LOC135888856	XM_065416650.1#LOC135888856
LOC135888856	XM_065416649.1#LOC135888856
LOC135888649	XM_065416384.1#LOC135888649
LOC135888855	XM_065416648.1#LOC135888855
LOC135888855	XM_065416646.1#LOC135888855
LOC135888873	XM_065416669.1#LOC135888873
LOC135888736	XM_065416513.1#LOC135888736
LOC135888826	XM_065416613.1#LOC135888826
LOC135888818	XM_065416603.1#LOC135888818
LOC135888651	XM_065416385.1#LOC135888651
LOC135888877	XM_065416672.1#LOC135888877
LOC135888794	XM_065416579.1#LOC135888794
PDPR	XM_065416594.1#PDPR
PDPR	XM_065416593.1#PDPR
GLG1	XM_065416480.1#GLG1
RFWD3	XM_065416710.1#RFWD3
MLKL	XM_065416875.1#MLKL
FA2H	XM_065416764.1#FA2H
LOC135888867	XM_065416662.1#LOC135888867
WDR59	XM_065416500.1#WDR59
WDR59	XM_065416499.1#WDR59
ZNRF1	XM_065416763.1#ZNRF1
LDHD	XM_065416838.1#LDHD
LOC135888797	XM_065416582.1#LOC135888797
LOC135888793	XM_065416578.1#LOC135888793
LOC135888801	XM_065416585.1#LOC135888801
BCAR1	XM_065416548.1#BCAR1
CFDP1	XM_065422946.1#CFDP1
CFDP1	XM_065422947.1#CFDP1
TMEM170A	XM_065422949.1#TMEM170A
TMEM170A	XM_065422950.1#TMEM170A
LOC135894836	XM_065422943.1#LOC135894836
LOC135894840	XM_065422948.1#LOC135894840
LOC135894837	XM_065422944.1#LOC135894837
LOC135894842	XM_065422951.1#LOC135894842
LOC135894843	XM_065422952.1#LOC135894843
LOC135894845	XM_065422953.1#LOC135894845
TRAPPC14	XM_065416969.1#TRAPPC14
LAMTOR4	XM_065416982.1#LAMTOR4
LOC135889167	XM_065416980.1#LOC135889167
MBLAC1	XM_065416974.1#MBLAC1
CNPY4	XM_065417341.1#CNPY4
TAF6	XM_065417342.1#TAF6
PVRIG	XM_065416977.1#PVRIG
LOC135889474	XM_065417343.1#LOC135889474
LOC135889165	XM_065416978.1#LOC135889165
LOC135889166	XM_065416979.1#LOC135889166
LOC135889163	XM_065416975.1#LOC135889163
LOC135889161	XM_065416973.1#LOC135889161
MOGAT3	XM_065417344.1#MOGAT3
NAT16	XM_065416972.1#NAT16
VGF	XM_065416970.1#VGF
AP1S1	XM_065416981.1#AP1S1
SERPINE1	XM_065416971.1#SERPINE1
TRIM56	XM_065416968.1#TRIM56
LOC135889476	XM_065417345.1#LOC135889476
ACHE	XM_065416962.1#ACHE
C15H17orf49	XM_065417318.1#C15H17orf49
C15H17orf49	XM_065417317.1#C15H17orf49
RNASEK	XM_065417213.1#RNASEK
LOC135889478	XM_065417346.1#LOC135889478
PPP1R35	XM_065417347.1#PPP1R35
MEPCE	XM_065417296.1#MEPCE
ZCWPW1	XM_065417300.1#ZCWPW1
LOC135889480	XM_065417348.1#LOC135889480
TFR2	XM_065417194.1#TFR2
EPO	XM_065416908.1#EPO
POP7	XM_065417397.1#POP7
GIGYF1	XM_065417350.1#GIGYF1
GNB2	XM_065416899.1#GNB2
ACTL6B	XM_065416953.1#ACTL6B
ZAN	XM_065417351.1#ZAN
KIF1C	XM_065417352.1#KIF1C
CAMTA2	XM_065416950.1#CAMTA2
SPAG7	XM_065416955.1#SPAG7
ENO3	XM_065416952.1#ENO3
PFN1	XM_065416956.1#PFN1
RNF167	XM_065417353.1#RNF167
SLC25A11	XM_065416954.1#SLC25A11
CHRNE	XM_065416951.1#CHRNE
MINK1	XM_065417354.1#MINK1
PLD2	XM_065416904.1#PLD2
PSMB6	XM_065416906.1#PSMB6
GLTPD2	XM_065416915.1#GLTPD2
LOC135889430	XM_065417301.1#LOC135889430
LOC135889283	XM_065417125.1#LOC135889283
LOC135889487	XM_065417355.1#LOC135889487
LOC135889489	XM_065417356.1#LOC135889489
LOC135889490	XM_065417357.1#LOC135889490
LOC135889491	XM_065417358.1#LOC135889491
TM4SF5	XM_065417360.1#TM4SF5
LOC135889493	XM_065417361.1#LOC135889493
LOC135889183	XM_065417005.1#LOC135889183
LOC135889494	XM_065417362.1#LOC135889494
COPS6	XM_065417147.1#COPS6
MCM7	XM_065417363.1#MCM7
AP4M1	XM_065417142.1#AP4M1
AP4M1	XM_065417144.1#AP4M1
STAG3	XM_065417364.1#STAG3
GPC2	XM_065417180.1#GPC2
EPHB4	XM_065417365.1#EPHB4
LOC135889314	XM_065417171.1#LOC135889314
SRRT	XM_065417080.1#SRRT
SRRT	XM_065417079.1#SRRT
LOC135889118	XM_065416923.1#LOC135889118
LOC135889500	XM_065417366.1#LOC135889500
LOC135889112	XM_065416918.1#LOC135889112
UFSP1	XM_065416941.1#UFSP1
SLC12A9	XM_065416932.1#SLC12A9
FXR2	XM_065416935.1#FXR2
SOX15	XM_065417367.1#SOX15
MPDU1	XM_065416938.1#MPDU1
CD68	XM_065417368.1#CD68
EIF4A1	XM_065416936.1#EIF4A1
POLR2A	XM_065416931.1#POLR2A
TNFSF12	XM_065416943.1#TNFSF12
TNFSF13	XM_065416942.1#TNFSF13
WRAP53	XM_065416933.1#WRAP53
EFNB3	XM_065416937.1#EFNB3
LOC135889503	XM_065417370.1#LOC135889503
DNAH2	XM_065417371.1#DNAH2
KDM6B	XM_065416984.1#KDM6B
TMEM88	XM_065417315.1#TMEM88
NAA38	XM_065417372.1#NAA38
LOC135889282	XM_065417124.1#LOC135889282
CHD3	XM_065417167.1#CHD3
LOC135889425	XM_065417295.1#LOC135889425
RNF227	XM_065417122.1#RNF227
KCNAB3	XM_065417105.1#KCNAB3
KCNAB3	XM_065417104.1#KCNAB3
TRAPPC1	XM_065417218.1#TRAPPC1
CNTROB	XM_065417373.1#CNTROB
GUCY2D	XM_065417374.1#GUCY2D
LOC135889252	XM_065417077.1#LOC135889252
LOC135889190	XM_065417017.1#LOC135889190
LOC135889186	XM_065417009.1#LOC135889186
HES7	XM_065416919.1#HES7
PER1	XM_065416921.1#PER1
AURKB	XM_065417131.1#AURKB
TMEM107	XM_065417389.1#TMEM107
LOC135889193	XM_065417023.1#LOC135889193
LOC135889306	XM_065417163.1#LOC135889306
LOC135889521	XM_065417386.1#LOC135889521
LOC135889191	XM_065417018.1#LOC135889191
LOC135889175	XM_065416988.1#LOC135889175
LOC135889508	XM_065417375.1#LOC135889508
LOC135889391	XM_065417261.1#LOC135889391
LOC135889391	XM_065417260.1#LOC135889391
LOC135889509	XM_065417377.1#LOC135889509
LOC135889362	XM_065417226.1#LOC135889362
LOC135889368	XM_065417232.1#LOC135889368
LOC135889447	XM_065417319.1#LOC135889447
LOC135889448	XM_065417321.1#LOC135889448
LOC135889450	XM_065417322.1#LOC135889450
LOC135889361	XM_065417225.1#LOC135889361
LOC135889371	XM_065417239.1#LOC135889371
LOC135889371	XM_065417237.1#LOC135889371
LOC135889371	XM_065417236.1#LOC135889371
LOC135889371	XM_065417234.1#LOC135889371
LOC135889371	XM_065417235.1#LOC135889371
LOC135889511	XM_065417378.1#LOC135889511
LOC135889452	XM_065417323.1#LOC135889452
LOC135889512	XM_065417379.1#LOC135889512
LOC135889384	XM_065417253.1#LOC135889384
LOC135889513	XM_065417380.1#LOC135889513
LOC135889397	XM_065417266.1#LOC135889397
LOC135889392	XM_065417262.1#LOC135889392
LOC135889453	XM_065417324.1#LOC135889453
LOC135889454	XM_065417325.1#LOC135889454
LOC135889515	XM_065417381.1#LOC135889515
LOC135889516	XM_065417382.1#LOC135889516
LOC135889518	XM_065417383.1#LOC135889518
LOC135889395	XM_065417264.1#LOC135889395
LOC135889519	XM_065417384.1#LOC135889519
LOC135889456	XM_065417326.1#LOC135889456
LOC135889373	XM_065417241.1#LOC135889373
LOC135889524	XM_065417387.1#LOC135889524
LOC135889525	XM_065417388.1#LOC135889525
LOC135889381	XM_065417250.1#LOC135889381
LOC135889529	XM_065417390.1#LOC135889529
LOC135889530	XM_065417391.1#LOC135889530
LOC135889531	XM_065417392.1#LOC135889531
LOC135889532	XM_065417394.1#LOC135889532
LOC135889533	XM_065417395.1#LOC135889533
LOC135889393	XM_065417263.1#LOC135889393
LOC135889534	XM_065417396.1#LOC135889534
LOC135889383	XM_065417252.1#LOC135889383
LOC135889379	XM_065417248.1#LOC135889379
LOC135889536	XM_065417398.1#LOC135889536
LOC135889537	XM_065417399.1#LOC135889537
LOC135889538	XM_065417400.1#LOC135889538
LOC135889540	XM_065417401.1#LOC135889540
LOC135889364	XM_065417230.1#LOC135889364
LOC135889457	XM_065417327.1#LOC135889457
LOC135889458	XM_065417328.1#LOC135889458
LOC135889541	XM_065417403.1#LOC135889541
LOC135889542	XM_065417404.1#LOC135889542
LOC135889382	XM_065417251.1#LOC135889382
LOC135889543	XM_065417405.1#LOC135889543
LOC135889544	XM_065417407.1#LOC135889544
LOC135889545	XM_065417408.1#LOC135889545
LOC135889546	XM_065417409.1#LOC135889546
LOC135889549	XM_065417410.1#LOC135889549
LOC135889550	XM_065417411.1#LOC135889550
LOC135889553	XM_065417414.1#LOC135889553
LOC135889459	XM_065417330.1#LOC135889459
ADAT3	XM_065417249.1#ADAT3
LOC135889372	XM_065417240.1#LOC135889372
CLDN15	XM_065417254.1#CLDN15
FIS1	XM_065417268.1#FIS1
LOC135889388	XM_065417256.1#LOC135889388
LOC135889378	XM_065417247.1#LOC135889378
LOC135889461	XM_065417331.1#LOC135889461
LOC135889462	XM_065417332.1#LOC135889462
LOC135889554	XM_065417415.1#LOC135889554
LOC135889555	XM_065417416.1#LOC135889555
LOC135889556	XM_065417417.1#LOC135889556
LOC135889557	XM_065417418.1#LOC135889557
LOC135889559	XM_065417419.1#LOC135889559
LOC135889463	XM_065417333.1#LOC135889463
LOC135889374	XM_065417242.1#LOC135889374
LOC135889561	XM_065417422.1#LOC135889561
LOC135889396	XM_065417265.1#LOC135889396
LOC135889562	XM_065417424.1#LOC135889562
LOC135889464	XM_065417334.1#LOC135889464
LOC135889563	XM_065417425.1#LOC135889563
LOC135889375	XM_065417243.1#LOC135889375
LOC135889198	XM_065417034.1#LOC135889198
LOC135889389	XM_065417257.1#LOC135889389
LOC135889376	XM_065417244.1#LOC135889376
LOC135889390	XM_065417259.1#LOC135889390
LOC135889467	XM_065417335.1#LOC135889467
LOC135889363	XM_065417227.1#LOC135889363
LOC135889369	XM_065417233.1#LOC135889369
LOC135889366	XM_065417231.1#LOC135889366
LOC135889199	XM_065417035.1#LOC135889199
LOC135889200	XM_065417036.1#LOC135889200
LOC135889201	XM_065417037.1#LOC135889201
LOC135889468	XM_065417336.1#LOC135889468
LOC135889377	XM_065417245.1#LOC135889377
LOC135889204	XM_065417038.1#LOC135889204
LOC135889205	XM_065417039.1#LOC135889205
LOC135889138	XM_065416946.1#LOC135889138
FEZ1	XM_065417212.1#FEZ1
LOC135889206	XM_065417041.1#LOC135889206
PKNOX2	XM_065417140.1#PKNOX2
PKNOX2	XM_065417139.1#PKNOX2
PKNOX2	XM_065417138.1#PKNOX2
PKNOX2	XM_065417137.1#PKNOX2
TMEM218	XM_065417217.1#TMEM218
TMEM218	XM_065417216.1#TMEM218
SLC37A2	XM_065417145.1#SLC37A2
CCDC15	XM_065417215.1#CCDC15
HEPACAM	XM_065417308.1#HEPACAM
ROBO4	XM_065417285.1#ROBO4
ROBO3	XM_065417042.1#ROBO3
MSANTD2	XM_065417207.1#MSANTD2
MSANTD2	XM_065417208.1#MSANTD2
MSANTD2	XM_065417209.1#MSANTD2
ESAM	XM_065417004.1#ESAM
VSIG2	XM_065417450.1#VSIG2
SPA17	XM_065417429.1#SPA17
SIAE	XM_065417029.1#SIAE
PANX3	XM_065417043.1#PANX3
RPUSD4	XM_065417107.1#RPUSD4
HYLS1	XM_065417111.1#HYLS1
HYLS1	XM_065417113.1#HYLS1
HYLS1	XM_065417112.1#HYLS1
PUS3	XM_065417110.1#PUS3
DDX25	XM_065417031.1#DDX25
VSIG10L2	XM_065417044.1#VSIG10L2
CDON	XM_065417123.1#CDON
LOC135889124	XM_065416930.1#LOC135889124
CHEK1	XM_065417136.1#CHEK1
CHEK1	XM_065417135.1#CHEK1
STT3A	XM_065416916.1#STT3A
STT3A	XM_065416917.1#STT3A
EI24	XM_065417083.1#EI24
EI24	XM_065417085.1#EI24
LOC135889120	XM_065416925.1#LOC135889120
LOC135889121	XM_065416926.1#LOC135889121
FAM118B	XM_065417149.1#FAM118B
SRPRA	XM_065417109.1#SRPRA
FOXRED1	XM_065417103.1#FOXRED1
LOC135889172	XM_065416983.1#LOC135889172
TIRAP	XM_065417045.1#TIRAP
DCPS	XM_065417169.1#DCPS
ST3GAL4	XM_065416960.1#ST3GAL4
ST3GAL4	XM_065416961.1#ST3GAL4
KIRREL3	XM_065417046.1#KIRREL3
ETS1	XM_065417027.1#ETS1
ETS1	XM_065417024.1#ETS1
ETS1	XM_065417026.1#ETS1
ETS1	XM_065417025.1#ETS1
FLI1	XM_065416911.1#FLI1
FLI1	XM_065416912.1#FLI1
KCNJ1	XM_065417193.1#KCNJ1
KCNJ5	XM_065417092.1#KCNJ5
ARHGAP32	XM_065417162.1#ARHGAP32
BARX2	XM_065417448.1#BARX2
LOC135889415	XM_065417279.1#LOC135889415
LOC135889420	XM_065417283.1#LOC135889420
APLP2	XM_065417224.1#APLP2
APLP2	XM_065417222.1#APLP2
APLP2	XM_065417221.1#APLP2
APLP2	XM_065417220.1#APLP2
PRDM10	XM_065416990.1#PRDM10
PRDM10	XM_065416992.1#PRDM10
PRDM10	XM_065416994.1#PRDM10
PRDM10	XM_065416991.1#PRDM10
PRDM10	XM_065416998.1#PRDM10
PRDM10	XM_065416999.1#PRDM10
PRDM10	XM_065416995.1#PRDM10
PRDM10	XM_065416997.1#PRDM10
PRDM10	XM_065416993.1#PRDM10
NFRKB	XM_065417081.1#NFRKB
LOC135889428	XM_065417299.1#LOC135889428
ST14	XM_065417185.1#ST14
ZBTB44	XM_065417428.1#ZBTB44
ZBTB44	XM_065417427.1#ZBTB44
ADAMTS8	XM_065417094.1#ADAMTS8
ADAMTS15	XM_065417075.1#ADAMTS15
SNX19	XM_065417197.1#SNX19
NTM	XM_065417010.1#NTM
NTM	XM_065417011.1#NTM
NTM	XM_065417012.1#NTM
NTM	XM_065417013.1#NTM
NTM	XM_065417014.1#NTM
LOC135889192	XM_065417022.1#LOC135889192
LOC135889192	XM_065417020.1#LOC135889192
LOC135889192	XM_065417019.1#LOC135889192
SPATA19	XM_065417048.1#SPATA19
IGSF9B	XM_065417219.1#IGSF9B
JAM3	XM_065417049.1#JAM3
NCAPD3	XM_065417196.1#NCAPD3
VPS26B	XM_065417173.1#VPS26B
THYN1	XM_065417175.1#THYN1
THYN1	XM_065417176.1#THYN1
ACAD8	XM_065417132.1#ACAD8
GLB1L2	XM_065417191.1#GLB1L2
B3GAT1	XM_065417157.1#B3GAT1
ATP12A	XM_065416986.1#ATP12A
ATP12A	XM_065416985.1#ATP12A
SCN3B	XM_065417280.1#SCN3B
GRAMD1B	XM_065417089.1#GRAMD1B
GRAMD1B	XM_065417088.1#GRAMD1B
GRAMD1B	XM_065417087.1#GRAMD1B
GRAMD1B	XM_065417086.1#GRAMD1B
GRAMD1B	XM_065417091.1#GRAMD1B
GRAMD1B	XM_065417090.1#GRAMD1B
CLMP	XM_065417413.1#CLMP
HSPA8	XM_065417282.1#HSPA8
BSX	XM_065416903.1#BSX
JHY	XM_065417426.1#JHY
CRTAM	XM_065417337.1#CRTAM
UBASH3B	XM_065417189.1#UBASH3B
SORL1	XM_065417108.1#SORL1
SC5D	XM_065417076.1#SC5D
TECTA	XM_065417114.1#TECTA
TBCEL	XM_065417115.1#TBCEL
GRIK4	XM_065417050.1#GRIK4
ARHGEF12	XM_065417314.1#ARHGEF12
TLCD5	XM_065417303.1#TLCD5
LOC135889433	XM_065417305.1#LOC135889433
POU2F3	XM_065417187.1#POU2F3
OAF	XM_065417449.1#OAF
TRIM29	XM_065417205.1#TRIM29
NECTIN1	XM_065417051.1#NECTIN1
THY1	XM_065417420.1#THY1
USP2	XM_065417159.1#USP2
USP2	XM_065417158.1#USP2
USP2	XM_065417161.1#USP2
MFRP	XM_065417311.1#MFRP
C1QTNF5	XM_065417312.1#C1QTNF5
RNF26	XM_065417297.1#RNF26
MCAM	XM_065417052.1#MCAM
CBL	XM_065417446.1#CBL
DRC12	XM_065416910.1#DRC12
NHERF4	XM_065417294.1#NHERF4
NLRX1	XM_065417214.1#NLRX1
ABCG4	XM_065417146.1#ABCG4
HINFP	XM_065417150.1#HINFP
POU2AF2	XM_065416909.1#POU2AF2
POU2AF3	XM_065417053.1#POU2AF3
LOC135889572	XM_065417436.1#LOC135889572
POU2AF1	XM_065417054.1#POU2AF1
LOC135889226	XM_065417055.1#LOC135889226
BTG4	XM_065417316.1#BTG4
HOATZ	XM_065416914.1#HOATZ
LAYN	XM_065417274.1#LAYN
SIK2	XM_065417006.1#SIK2
LOC135889185	XM_065417008.1#LOC135889185
CFAP68	XM_065417452.1#CFAP68
CRYAB	XM_065417201.1#CRYAB
CRYAB	XM_065417200.1#CRYAB
HSPB2	XM_065417437.1#HSPB2
C15H11orf52	XM_065416922.1#C15H11orf52
DIXDC1	XM_065417164.1#DIXDC1
DIXDC1	XM_065417165.1#DIXDC1
DLAT	XM_065417432.1#DLAT
DLAT	XM_065417433.1#DLAT
PIH1D2	XM_065417435.1#PIH1D2
NKAPD1	XM_065417153.1#NKAPD1
NKAPD1	XM_065417152.1#NKAPD1
NKAPD1	XM_065417156.1#NKAPD1
NKAPD1	XM_065417154.1#NKAPD1
TIMM8B	XM_065417210.1#TIMM8B
BCO2	XM_065416907.1#BCO2
IL18	XM_065417192.1#IL18
TEX12	XM_065417339.1#TEX12
LOC135889227	XM_065417056.1#LOC135889227
PTS	XM_065417195.1#PTS
LOC135889122	XM_065416928.1#LOC135889122
NCAM1	XM_065417058.1#NCAM1
TTC12	XM_065417203.1#TTC12
ANKK1	XM_065417059.1#ANKK1
DRD2	XM_065417134.1#DRD2
DRD2	XM_065417133.1#DRD2
TMPRSS5	XM_065417060.1#TMPRSS5
ZW10	XM_065416949.1#ZW10
LOC135889232	XM_065417061.1#LOC135889232
LOC135889233	XM_065417062.1#LOC135889233
LOC135889585	XM_065417451.1#LOC135889585
LOC135889278	XM_065417116.1#LOC135889278
LOC135889440	XM_065417313.1#LOC135889440
USP28	XM_065417292.1#USP28
USP28	XM_065417293.1#USP28
USP28	XM_065417290.1#USP28
USP28	XM_065417289.1#USP28
USP28	XM_065417288.1#USP28
USP28	XM_065417287.1#USP28
USP28	XM_065417286.1#USP28
HTR3B	XM_065417063.1#HTR3B
HTR3A	XM_065417064.1#HTR3A
ZBTB16	XM_065417272.1#ZBTB16
ZBTB16	XM_065417271.1#ZBTB16
LOC135889320	XM_065417177.1#LOC135889320
LOC135889324	XM_065417182.1#LOC135889324
LOC135889331	XM_065417188.1#LOC135889331
LOC135889315	XM_065417172.1#LOC135889315
LOC135889325	XM_065417183.1#LOC135889325
LOC135889326	XM_065417184.1#LOC135889326
LOC135889323	XM_065417181.1#LOC135889323
LOC135889239	XM_065417066.1#LOC135889239
LOC135889240	XM_065417067.1#LOC135889240
LOC135889345	XM_065417206.1#LOC135889345
LOC135889328	XM_065417186.1#LOC135889328
LOC135889153	XM_065416963.1#LOC135889153
RBM7	XM_065417032.1#RBM7
RBM7	XM_065417033.1#RBM7
REXO2	XM_065417151.1#REXO2
CADM1	XM_065417204.1#CADM1
BUD13	XM_065416947.1#BUD13
ZPR1	XM_065417095.1#ZPR1
APOA5	XM_065417430.1#APOA5
APOA4	XM_065417302.1#APOA4
APOC3	XM_065416900.1#APOC3
APOA1	XM_065417269.1#APOA1
SIK3	XM_065417082.1#SIK3
PAFAH1B2	XM_065417101.1#PAFAH1B2
PAFAH1B2	XM_065417100.1#PAFAH1B2
PAFAH1B2	XM_065417099.1#PAFAH1B2
PAFAH1B2	XM_065417098.1#PAFAH1B2
SIDT2	XM_065416966.1#SIDT2
SIDT2	XM_065416964.1#SIDT2
SIDT2	XM_065416967.1#SIDT2
LOC135889574	XM_065417438.1#LOC135889574
TAGLN	XM_065417199.1#TAGLN
PCSK7	XM_065417097.1#PCSK7
RNF214	XM_065417102.1#RNF214
BACE1	XM_065417129.1#BACE1
BACE1	XM_065417128.1#BACE1
BACE1	XM_065417127.1#BACE1
BACE1	XM_065417126.1#BACE1
CEP164	XM_065417178.1#CEP164
DSCAML1	XM_065416989.1#DSCAML1
TMPRSS13	XM_065417068.1#TMPRSS13
IL10RA	XM_065417275.1#IL10RA
SMIM35	XM_065416929.1#SMIM35
TMPRSS4	XM_065417069.1#TMPRSS4
SCN4B	XM_065417445.1#SCN4B
SCN2B	XM_065417306.1#SCN2B
JAML	XM_065417070.1#JAML
MPZL3	XM_065417431.1#MPZL3
MPZL2	XM_065417439.1#MPZL2
LOC135889178	XM_065417000.1#LOC135889178
LOC135889178	XM_065417001.1#LOC135889178
LOC135889178	XM_065417002.1#LOC135889178
LOC135889178	XM_065417003.1#LOC135889178
LOC135889297	XM_065417148.1#LOC135889297
UBE4A	XM_065417078.1#UBE4A
ATP5MG	XM_065417170.1#ATP5MG
KMT2A	XM_065417071.1#KMT2A
TTC36	XM_065417447.1#TTC36
TMEM25	XM_065417281.1#TMEM25
IFT46	XM_065417121.1#IFT46
IFT46	XM_065417120.1#IFT46
IFT46	XM_065417119.1#IFT46
IFT46	XM_065417118.1#IFT46
ARCN1	XM_065416944.1#ARCN1
PHLDB1	XM_065417073.1#PHLDB1
TREH	XM_065416924.1#TREH
DDX6	XM_065417015.1#DDX6
CXCR5	XM_065417307.1#CXCR5
BCL9L	XM_065417270.1#BCL9L
CENATAC	XM_065417440.1#CENATAC
RPS25	XM_065417444.1#RPS25
RPS25	XM_065417441.1#RPS25
RPS25	XM_065417443.1#RPS25
TRAPPC4	XM_065416902.1#TRAPPC4
SLC37A4	XM_065416901.1#SLC37A4
HYOU1	XM_065416958.1#HYOU1
LOC135889150	XM_065416959.1#LOC135889150
LOC135889310	XM_065417166.1#LOC135889310
HMBS	XM_065417277.1#HMBS
HMBS	XM_065417276.1#HMBS
HMBS	XM_065417278.1#HMBS
LOC135889292	XM_065417141.1#LOC135889292
DPAGT1	XM_065417096.1#DPAGT1
C2CD2L	XM_065417174.1#C2CD2L
LOC135889249	XM_065417074.1#LOC135889249
LOC135894850	XM_065422961.1#LOC135894850
LOC135894847	XM_065422954.1#LOC135894847
PLOD3	XM_065422957.1#PLOD3
PLOD3	XM_065422959.1#PLOD3
PLOD3	XM_065422958.1#PLOD3
ZNHIT1	XM_065422962.1#ZNHIT1
LOC135894848	XM_065422956.1#LOC135894848
LOC135894856	XM_065422969.1#LOC135894856
YBX2	XM_065422967.1#YBX2
EIF5A	XM_065422965.1#EIF5A
EIF5A	XM_065422966.1#EIF5A
EIF5A	XM_065422964.1#EIF5A
DUSP18	XM_065417919.1#DUSP18
TCN2	XM_065417827.1#TCN2
PES1	XM_065417660.1#PES1
PES1	XM_065417661.1#PES1
PES1	XM_065417662.1#PES1
GAL3ST1	XM_065417995.1#GAL3ST1
LOC135890214	XM_065417544.1#LOC135890214
MTFP1	XM_065417841.1#MTFP1
SEC14L2	XM_065417764.1#SEC14L2
RNF215	XM_065418051.1#RNF215
LOC135890524	XM_065417944.1#LOC135890524
LOC135890257	XM_065417607.1#LOC135890257
SF3A1	XM_065417606.1#SF3A1
TBC1D10A	XM_065417693.1#TBC1D10A
CASTOR1	XM_065417887.1#CASTOR1
OSM	XM_065417945.1#OSM
LIF	XM_065418050.1#LIF
HORMAD2	XM_065417950.1#HORMAD2
LOC135890489	XM_065417910.1#LOC135890489
MTMR3	XM_065417640.1#MTMR3
ASCC2	XM_065417581.1#ASCC2
LOC135890330	XM_065417695.1#LOC135890330
ZMAT5	XM_065417866.1#ZMAT5
CABP7	XM_065418028.1#CABP7
NF2	XM_065417846.1#NF2
NF2	XM_065417847.1#NF2
NIPSNAP1	XM_065417853.1#NIPSNAP1
NIPSNAP1	XM_065417855.1#NIPSNAP1
THOC5	XM_065417667.1#THOC5
THOC5	XM_065417666.1#THOC5
NEFH	XM_065417947.1#NEFH
LOC135890590	XM_065418000.1#LOC135890590
AP1B1	XM_065418045.1#AP1B1
RASL10A	XM_065418027.1#RASL10A
GAS2L1	XM_065418017.1#GAS2L1
EWSR1	XM_065417500.1#EWSR1
EWSR1	XM_065417498.1#EWSR1
EWSR1	XM_065417501.1#EWSR1
EWSR1	XM_065417499.1#EWSR1
EWSR1	XM_065417497.1#EWSR1
RHBDD3	XM_065417507.1#RHBDD3
EMID1	XM_065418029.1#EMID1
DTX1	XM_065417802.1#DTX1
RASAL1	XM_065417590.1#RASAL1
CFAP73	XM_065418033.1#CFAP73
DDX54	XM_065417692.1#DDX54
LOC135890488	XM_065417909.1#LOC135890488
OSBP2	XM_065417770.1#OSBP2
LOC135890528	XM_065417949.1#LOC135890528
LOC135890349	XM_065417723.1#LOC135890349
LOC135890349	XM_065417724.1#LOC135890349
LOC135890530	XM_065417951.1#LOC135890530
LOC135890499	XM_065417920.1#LOC135890499
MORC2	XM_065417774.1#MORC2
MORC2	XM_065417773.1#MORC2
SMTN	XM_065417953.1#SMTN
SELENOM	XM_065418013.1#SELENOM
INPP5J	XM_065417954.1#INPP5J
PLA2G3	XM_065418046.1#PLA2G3
LOC135890535	XM_065417955.1#LOC135890535
ISG15	XM_065417801.1#ISG15
P2RX2	XM_065417793.1#P2RX2
POLE	XM_065417524.1#POLE
PXMP2	XM_065417869.1#PXMP2
LOC135890536	XM_065417956.1#LOC135890536
RTN4R	XM_065417958.1#RTN4R
LOC135890538	XM_065417959.1#LOC135890538
PRODH	XM_065417798.1#PRODH
SCARF2	XM_065417952.1#SCARF2
LOC135890222	XM_065417563.1#LOC135890222
SLC7A4	XM_065417838.1#SLC7A4
LRRC74B	XM_065417960.1#LRRC74B
LOC135890540	XM_065417961.1#LOC135890540
AIFM3	XM_065417892.1#AIFM3
IQCD	XM_065417719.1#IQCD
TPCN1	XM_065417718.1#TPCN1
SLC8B1	XM_065417881.1#SLC8B1
PLBD2	XM_065417691.1#PLBD2
LOC135890505	XM_065417925.1#LOC135890505
LOC135890506	XM_065417926.1#LOC135890506
LHX5	XM_065417877.1#LHX5
RBM19	XM_065417675.1#RBM19
TBX5	XM_065417791.1#TBX5
TBX3	XM_065417769.1#TBX3
TBX3	XM_065417768.1#TBX3
MED13L	XM_065417598.1#MED13L
SPRING1	XM_065417833.1#SPRING1
RNFT2	XM_065417903.1#RNFT2
HRK	XM_065417526.1#HRK
FBXW8	XM_065417962.1#FBXW8
TESC	XM_065417872.1#TESC
FBXO21	XM_065417813.1#FBXO21
NOS1	XM_065417934.1#NOS1
NOS1	XM_065417933.1#NOS1
KSR2	XM_065417851.1#KSR2
RFC5	XM_065417671.1#RFC5
WSB2	XM_065417850.1#WSB2
WSB2	XM_065417849.1#WSB2
VSIG10	XM_065418018.1#VSIG10
PEBP1	XM_065417683.1#PEBP1
TAOK3	XM_065417913.1#TAOK3
SUDS3	XM_065417705.1#SUDS3
SRRM4	XM_065417922.1#SRRM4
HSPB8	XM_065418011.1#HSPB8
CCDC60	XM_065417495.1#CCDC60
PRKAB1	XM_065417588.1#PRKAB1
PRKAB1	XM_065417589.1#PRKAB1
CIT	XM_065417752.1#CIT
CIT	XM_065417751.1#CIT
BICDL1	XM_065417927.1#BICDL1
RAB35	XM_065417586.1#RAB35
GCN1	XM_065417624.1#GCN1
RPLP0	XM_065417973.1#RPLP0
RPLP0	XM_065417975.1#RPLP0
LOC135890542	XM_065417963.1#LOC135890542
PXN	XM_065417592.1#PXN
SIRT4	XM_065417836.1#SIRT4
LOC135890417	XM_065417829.1#LOC135890417
LOC135890523	XM_065417943.1#LOC135890523
PLA2G1B	XM_065417964.1#PLA2G1B
MSI1	XM_065417758.1#MSI1
MSI1	XM_065417757.1#MSI1
MSI1	XM_065417756.1#MSI1
MSI1	XM_065417753.1#MSI1
LOC135890350	XM_065417725.1#LOC135890350
TRIAP1	XM_065417635.1#TRIAP1
GATC	XM_065417709.1#GATC
GATC	XM_065417710.1#GATC
SRSF9	XM_065417679.1#SRSF9
DYNLL1	XM_065417803.1#DYNLL1
COQ5	XM_065417891.1#COQ5
RNF10	XM_065417856.1#RNF10
RNF10	XM_065417857.1#RNF10
POP5	XM_065417858.1#POP5
CABP1	XM_065417883.1#CABP1
MLEC	XM_065417939.1#MLEC
UNC119B	XM_065417940.1#UNC119B
ACADS	XM_065417760.1#ACADS
SPPL3	XM_065417713.1#SPPL3
SPPL3	XM_065417711.1#SPPL3
HNF1A	XM_065417540.1#HNF1A
HNF1A	XM_065417541.1#HNF1A
C16H12orf43	XM_065417543.1#C16H12orf43
C16H12orf43	XM_065417542.1#C16H12orf43
RNF185	XM_065417822.1#RNF185
RNF185	XM_065417823.1#RNF185
LIMK2	XM_065417799.1#LIMK2
PIK3IP1	XM_065417610.1#PIK3IP1
PATZ1	XM_065417728.1#PATZ1
PATZ1	XM_065417727.1#PATZ1
PATZ1	XM_065417726.1#PATZ1
PATZ1	XM_065417730.1#PATZ1
DRG1	XM_065417629.1#DRG1
EIF4ENIF1	XM_065417568.1#EIF4ENIF1
SFI1	XM_065417929.1#SFI1
PISD	XM_065417761.1#PISD
PISD	XM_065417763.1#PISD
PISD	XM_065417762.1#PISD
LOC135890635	XM_065418057.1#LOC135890635
PRR14L	XM_065417923.1#PRR14L
DEPDC5	XM_065418054.1#DEPDC5
YWHAH	XM_065418055.1#YWHAH
SLC5A1	XM_065418015.1#SLC5A1
SLC5A1	XM_065418016.1#SLC5A1
LOC135890595	XM_065418008.1#LOC135890595
LOC135890595	XM_065418007.1#LOC135890595
LOC135890595	XM_065418010.1#LOC135890595
RSPH14	XM_065417932.1#RSPH14
GNAZ	XM_065417587.1#GNAZ
RAB36	XM_065417845.1#RAB36
BCR	XM_065417578.1#BCR
SPECC1L	XM_065418038.1#SPECC1L
ADORA2A	XM_065417781.1#ADORA2A
UPB1	XM_065417873.1#UPB1
GUCD1	XM_065417689.1#GUCD1
SNRPD3	XM_065417690.1#SNRPD3
LRRC75B	XM_065417965.1#LRRC75B
GGT1	XM_065417528.1#GGT1
GGT1	XM_065417529.1#GGT1
GGT5	XM_065417863.1#GGT5
SMPD4	XM_065417637.1#SMPD4
CCDC74B	XM_065418034.1#CCDC74B
MED15	XM_065417516.1#MED15
MED15	XM_065417515.1#MED15
MED15	XM_065417514.1#MED15
MED15	XM_065417513.1#MED15
KLHL22	XM_065417708.1#KLHL22
CRKL	XM_065417571.1#CRKL
LOC135890405	XM_065417815.1#LOC135890405
LOC135890546	XM_065417966.1#LOC135890546
CABIN1	XM_065417969.1#CABIN1
LOC135890290	XM_065417650.1#LOC135890290
LOC135890309	XM_065417673.1#LOC135890309
LOC135890421	XM_065417835.1#LOC135890421
DDX51	XM_065417840.1#DDX51
LOC135890430	XM_065417844.1#LOC135890430
LOC135890478	XM_065417901.1#LOC135890478
LOC135890476	XM_065417899.1#LOC135890476
LOC135890477	XM_065417900.1#LOC135890477
LOC135890475	XM_065417898.1#LOC135890475
LOC135890474	XM_065417897.1#LOC135890474
LOC135890474	XM_065417896.1#LOC135890474
DERL3	XM_065417573.1#DERL3
DERL3	XM_065417574.1#DERL3
SMARCB1	XM_065417572.1#SMARCB1
MMP11	XM_065417843.1#MMP11
CHCHD10	XM_065417626.1#CHCHD10
CHCHD10	XM_065417627.1#CHCHD10
C16H22orf15	XM_065417970.1#C16H22orf15
LOC135890611	XM_065418031.1#LOC135890611
LOC135890356	XM_065417736.1#LOC135890356
LOC135890269	XM_065417625.1#LOC135890269
LOC135890197	XM_065417517.1#LOC135890197
LOC135890197	XM_065417518.1#LOC135890197
LOC135890556	XM_065417971.1#LOC135890556
LOC135890557	XM_065417972.1#LOC135890557
LOC135890334	XM_065417701.1#LOC135890334
LOC135890520	XM_065417941.1#LOC135890520
LOC135890566	XM_065417977.1#LOC135890566
DGCR2	XM_065417596.1#DGCR2
DGCR2	XM_065417595.1#DGCR2
LOC135890487	XM_065417908.1#LOC135890487
LOC135890481	XM_065417902.1#LOC135890481
ESS2	XM_065417978.1#ESS2
GSC2	XM_065417585.1#GSC2
LOC135890331	XM_065417697.1#LOC135890331
SLC25A1	XM_065417551.1#SLC25A1
LOC135890201	XM_065417525.1#LOC135890201
SNAP29	XM_065417749.1#SNAP29
PI4KA	XM_065417907.1#PI4KA
SERPIND1	XM_065417928.1#SERPIND1
HIC2	XM_065417806.1#HIC2
HIC2	XM_065417804.1#HIC2
HIC2	XM_065417805.1#HIC2
HIC2	XM_065417807.1#HIC2
LOC135890404	XM_065417814.1#LOC135890404
UBE2L3	XM_065417734.1#UBE2L3
YDJC	XM_065418020.1#YDJC
SDF2L1	XM_065417816.1#SDF2L1
TOP3B	XM_065417618.1#TOP3B
PPM1F	XM_065417608.1#PPM1F
MAPK1	XM_065417531.1#MAPK1
YPEL1	XM_065417924.1#YPEL1
PPIL2	XM_065417536.1#PPIL2
LOC135890321	XM_065417687.1#LOC135890321
MRPL40	XM_065417619.1#MRPL40
C16H22orf39	XM_065417620.1#C16H22orf39
C16H22orf39	XM_065417621.1#C16H22orf39
UFD1	XM_065417522.1#UFD1
UFD1	XM_065417523.1#UFD1
UFD1	XM_065417521.1#UFD1
CDC45	XM_065417788.1#CDC45
CDC45	XM_065417790.1#CDC45
CLDN5	XM_065417680.1#CLDN5
LOC135890390	XM_065417796.1#LOC135890390
SEPTIN5	XM_065417794.1#SEPTIN5
SEPTIN5	XM_065417795.1#SEPTIN5
GP1BB	XM_065417562.1#GP1BB
TBX1	XM_065417831.1#TBX1
TBX1	XM_065417830.1#TBX1
GNB1L	XM_065417918.1#GNB1L
TXNRD2	XM_065417509.1#TXNRD2
TXNRD2	XM_065417508.1#TXNRD2
COMT	XM_065417716.1#COMT
COMT	XM_065417717.1#COMT
ARVCF	XM_065417503.1#ARVCF
ARVCF	XM_065417502.1#ARVCF
ARVCF	XM_065417504.1#ARVCF
TANGO2	XM_065417605.1#TANGO2
TANGO2	XM_065417601.1#TANGO2
TANGO2	XM_065417602.1#TANGO2
TANGO2	XM_065417604.1#TANGO2
DGCR8	XM_065417731.1#DGCR8
TRMT2A	XM_065418047.1#TRMT2A
RANBP1	XM_065418049.1#RANBP1
ZDHHC8	XM_065417664.1#ZDHHC8
PGAM5	XM_065417665.1#PGAM5
ANKLE2	XM_065417832.1#ANKLE2
GOLGA3	XM_065417659.1#GOLGA3
CHFR	XM_065417670.1#CHFR
FBRSL1	XM_065417935.1#FBRSL1
FBRSL1	XM_065417937.1#FBRSL1
FBRSL1	XM_065417938.1#FBRSL1
GALNT9	XM_065417861.1#GALNT9
NOC4L	XM_065417828.1#NOC4L
EP400	XM_065417506.1#EP400
LOC135890569	XM_065417979.1#LOC135890569
PUS1	XM_065417905.1#PUS1
ULK1	XM_065417980.1#ULK1
MMP17	XM_065417884.1#MMP17
SFSWAP	XM_065417555.1#SFSWAP
SFSWAP	XM_065417554.1#SFSWAP
SFSWAP	XM_065417552.1#SFSWAP
ADGRD1	XM_065417894.1#ADGRD1
RAN	XM_065418039.1#RAN
STX2	XM_065417686.1#STX2
RIMBP2	XM_065417738.1#RIMBP2
RIMBP2	XM_065417739.1#RIMBP2
RIMBP2	XM_065417741.1#RIMBP2
RIMBP2	XM_065417743.1#RIMBP2
RIMBP2	XM_065417744.1#RIMBP2
RIMBP2	XM_065417742.1#RIMBP2
RIMBP2	XM_065417745.1#RIMBP2
RIMBP2	XM_065417746.1#RIMBP2
RIMBP2	XM_065417747.1#RIMBP2
PIWIL1	XM_065417672.1#PIWIL1
FZD10	XM_065417735.1#FZD10
TMEM132D	XM_065417537.1#TMEM132D
GLT1D1	XM_065417981.1#GLT1D1
SLC15A4	XM_065417505.1#SLC15A4
TMEM132C	XM_065417982.1#TMEM132C
TMEM132B	XM_065417984.1#TMEM132B
AACS	XM_065417809.1#AACS
AACS	XM_065417808.1#AACS
BRI3BP	XM_065417688.1#BRI3BP
DHX37	XM_065417868.1#DHX37
UBC	XM_065418056.1#UBC
SCARB1	XM_065417985.1#SCARB1
NCOR2	XM_065417750.1#NCOR2
RFLNA	XM_065418037.1#RFLNA
CCDC92	XM_065418032.1#CCDC92
DNAH10	XM_065418001.1#DNAH10
ATP6V0A2	XM_065418025.1#ATP6V0A2
TCTN2	XM_065417826.1#TCTN2
GTF2H3	XM_065417584.1#GTF2H3
EIF2B1	XM_065418004.1#EIF2B1
DDX55	XM_065418003.1#DDX55
DDX55	XM_065418002.1#DDX55
TMED2	XM_065417623.1#TMED2
TMED2	XM_065417622.1#TMED2
RILPL1	XM_065417921.1#RILPL1
SNRNP35	XM_065417792.1#SNRNP35
RILPL2	XM_065418023.1#RILPL2
KMT5A	XM_065417882.1#KMT5A
SBNO1	XM_065417646.1#SBNO1
CDK2AP1	XM_065417852.1#CDK2AP1
MTRFR	XM_065417880.1#MTRFR
MPHOSPH9	XM_065417775.1#MPHOSPH9
PITPNM2	XM_065417677.1#PITPNM2
PITPNM2	XM_065417676.1#PITPNM2
PITPNM2	XM_065417678.1#PITPNM2
ARL6IP4	XM_065417631.1#ARL6IP4
ARL6IP4	XM_065417630.1#ARL6IP4
OGFOD2	XM_065417642.1#OGFOD2
ABCB9	XM_065417682.1#ABCB9
VPS37B	XM_065417860.1#VPS37B
HIP1R	XM_065417599.1#HIP1R
CCDC62	XM_065417779.1#CCDC62
DENR	XM_065417766.1#DENR
GPN3	XM_065417634.1#GPN3
ARPC3	XM_065417706.1#ARPC3
ANAPC7	XM_065417644.1#ANAPC7
ANAPC7	XM_065417645.1#ANAPC7
ATP2A2	XM_065417999.1#ATP2A2
ATP2A2	XM_065417998.1#ATP2A2
IFT81	XM_065417878.1#IFT81
IFT81	XM_065417879.1#IFT81
P2RX7	XM_065417870.1#P2RX7
P2RX4	XM_065417871.1#P2RX4
CAMKK2	XM_065417643.1#CAMKK2
ANAPC5	XM_065417533.1#ANAPC5
ANAPC5	XM_065417532.1#ANAPC5
RNF34	XM_065417654.1#RNF34
KDM2B	XM_065418043.1#KDM2B
LOC135890216	XM_065417549.1#LOC135890216
LOC135890216	XM_065417547.1#LOC135890216
LOC135890216	XM_065417550.1#LOC135890216
MORN3	XM_065418024.1#MORN3
TMEM120B	XM_065417818.1#TMEM120B
RHOF	XM_065417649.1#RHOF
RHOF	XM_065417648.1#RHOF
SETD1B	XM_065417632.1#SETD1B
HPD	XM_065417875.1#HPD
PSMD9	XM_065417641.1#PSMD9
CFAP251	XM_065417862.1#CFAP251
BCL7A	XM_065417967.1#BCL7A
MLXIP	XM_065417721.1#MLXIP
LRRC43	XM_065417930.1#LRRC43
B3GNT4	XM_065417917.1#B3GNT4
DIABLO	XM_065417609.1#DIABLO
LOC135890198	XM_065417520.1#LOC135890198
VPS33A	XM_065417737.1#VPS33A
CLIP1	XM_065417591.1#CLIP1
ZCCHC8	XM_065417583.1#ZCCHC8
RSRC2	XM_065417565.1#RSRC2
RSRC2	XM_065417564.1#RSRC2
RSRC2	XM_065417566.1#RSRC2
KNTC1	XM_065417797.1#KNTC1
VPS29	XM_065417647.1#VPS29
RAD9B	XM_065417986.1#RAD9B
PPTC7	XM_065418044.1#PPTC7
TCTN1	XM_065417848.1#TCTN1
HVCN1	XM_065417886.1#HVCN1
PPP1CC	XM_065417987.1#PPP1CC
CCDC63	XM_065417996.1#CCDC63
MYL2	XM_065417702.1#MYL2
MYL2	XM_065417703.1#MYL2
CUX2	XM_065417817.1#CUX2
PHETA1	XM_065417994.1#PHETA1
SH2B3	XM_065417865.1#SH2B3
SH2B3	XM_065417864.1#SH2B3
ATXN2	XM_065417700.1#ATXN2
ATXN2	XM_065417699.1#ATXN2
BRAP	XM_065417655.1#BRAP
ACAD10	XM_065417593.1#ACAD10
ALDH2	XM_065418035.1#ALDH2
MAPKAPK5	XM_065418040.1#MAPKAPK5
LOC135890411	XM_065417824.1#LOC135890411
LOC135890455	XM_065417876.1#LOC135890455
TMEM116	XM_065418021.1#TMEM116
ERP29	XM_065417759.1#ERP29
NAA25	XM_065417722.1#NAA25
TRAFD1	XM_065417636.1#TRAFD1
HECTD4	XM_065417694.1#HECTD4
RPL6	XM_065417567.1#RPL6
PTPN11	XM_065417530.1#PTPN11
RPH3A	XM_065417786.1#RPH3A
WSCD2	XM_065417895.1#WSCD2
CMKLR1	XM_065417948.1#CMKLR1
FICD	XM_065417748.1#FICD
SART3	XM_065417580.1#SART3
ISCU	XM_065417681.1#ISCU
TMEM119	XM_065418052.1#TMEM119
SELPLG	XM_065417825.1#SELPLG
CORO1C	XM_065417534.1#CORO1C
LOC135890208	XM_065417535.1#LOC135890208
SSH1	XM_065417874.1#SSH1
DAO	XM_065417889.1#DAO
SVOP	XM_065417888.1#SVOP
USP30	XM_065417906.1#USP30
ALKBH2	XM_065418036.1#ALKBH2
UNG	XM_065417776.1#UNG
UNG	XM_065417777.1#UNG
UNG	XM_065417778.1#UNG
ACACB	XM_065417782.1#ACACB
ACACB	XM_065417783.1#ACACB
ACACB	XM_065417785.1#ACACB
FOXN4	XM_065417911.1#FOXN4
MYO1H	XM_065417633.1#MYO1H
KCTD10	XM_065417715.1#KCTD10
KCTD10	XM_065417714.1#KCTD10
UBE3B	XM_065417638.1#UBE3B
MMAB	XM_065417988.1#MMAB
MVK	XM_065417890.1#MVK
FAM222A	XM_065418058.1#FAM222A
TRPV4	XM_065418019.1#TRPV4
GLTP	XM_065417837.1#GLTP
TCHP	XM_065417839.1#TCHP
GIT2	XM_065417561.1#GIT2
GIT2	XM_065417560.1#GIT2
GIT2	XM_065417558.1#GIT2
GIT2	XM_065417559.1#GIT2
ANKRD13A	XM_065417546.1#ANKRD13A
ANKRD13A	XM_065417545.1#ANKRD13A
C16H12orf76	XM_065417990.1#C16H12orf76
LOC135890583	XM_065417991.1#LOC135890583
SGSM1	XM_065417732.1#SGSM1
SGSM1	XM_065417733.1#SGSM1
LHFPL7	XM_065417992.1#LHFPL7
KIAA1671	XM_065417914.1#KIAA1671
CRYBB3	XM_065417787.1#CRYBB3
CRYBB2	XM_065417821.1#CRYBB2
CRYBB2	XM_065417819.1#CRYBB2
GRK3	XM_065417765.1#GRK3
MYO18B	XM_065417569.1#MYO18B
SEZ6L	XM_065417657.1#SEZ6L
ASPHD2	XM_065417931.1#ASPHD2
HPS4	XM_065417656.1#HPS4
SRRD	XM_065417512.1#SRRD
TFIP11	XM_065417511.1#TFIP11
TPST2	XM_065417615.1#TPST2
TPST2	XM_065417617.1#TPST2
TPST2	XM_065417611.1#TPST2
TPST2	XM_065417613.1#TPST2
TPST2	XM_065417612.1#TPST2
TPST2	XM_065417614.1#TPST2
CRYBB1	XM_065417668.1#CRYBB1
CRYBA4	XM_065417669.1#CRYBA4
MN1	XM_065417912.1#MN1
PITPNB	XM_065417658.1#PITPNB
TTC28	XM_065417993.1#TTC28
CHEK2	XM_065417811.1#CHEK2
CHEK2	XM_065417810.1#CHEK2
HSCB	XM_065417698.1#HSCB
LOC135890375	XM_065417772.1#LOC135890375
CCDC117	XM_065418012.1#CCDC117
XBP1	XM_065417653.1#XBP1
ZNRF3	XM_065417916.1#ZNRF3
KREMEN1	XM_065417885.1#KREMEN1
LOC135891067	XM_065418553.1#LOC135891067
LOC135891067	XM_065418554.1#LOC135891067
LOC135891067	XM_065418555.1#LOC135891067
MYO1C	XM_065418103.1#MYO1C
INPP5K	XM_065418116.1#INPP5K
PITPNA	XM_065418166.1#PITPNA
SLC43A2	XM_065418244.1#SLC43A2
SCARF1	XM_065418342.1#SCARF1
RILP	XM_065418404.1#RILP
PRPF8	XM_065418075.1#PRPF8
TLCD2	XM_065418396.1#TLCD2
LOC135890919	XM_065418394.1#LOC135890919
LOC135891071	XM_065418558.1#LOC135891071
WDR81	XM_065418270.1#WDR81
SERPINF2	XM_065418461.1#SERPINF2
SERPINF1	XM_065418357.1#SERPINF1
SMYD4	XM_065418219.1#SMYD4
RPA1	XM_065418160.1#RPA1
RTN4RL1	XM_065418493.1#RTN4RL1
DPH1	XM_065418380.1#DPH1
OVCA2	XM_065418424.1#OVCA2
LOC135890984	XM_065418470.1#LOC135890984
LOC135891003	XM_065418491.1#LOC135891003
SMG6	XM_065418202.1#SMG6
SRR	XM_065418175.1#SRR
TSR1	XM_065418130.1#TSR1
POLDIP2	XM_065418495.1#POLDIP2
TMEM199	XM_065418222.1#TMEM199
SEBOX	XM_065418570.1#SEBOX
KIF12	XM_065418496.1#KIF12
VTN	XM_065418469.1#VTN
SARM1	XM_065418488.1#SARM1
SLC46A1	XM_065418338.1#SLC46A1
SLC46A1	XM_065418339.1#SLC46A1
SLC13A2	XM_065418162.1#SLC13A2
FOXN1	XM_065418550.1#FOXN1
UNC119	XM_065418485.1#UNC119
PIGS	XM_065418110.1#PIGS
ALDOC	XM_065418111.1#ALDOC
SPAG5	XM_065418567.1#SPAG5
RSKR	XM_065418497.1#RSKR
BLTP2	XM_065418347.1#BLTP2
BLTP2	XM_065418346.1#BLTP2
SDF2	XM_065418317.1#SDF2
SUPT6H	XM_065418207.1#SUPT6H
LOC135890681	XM_065418073.1#LOC135890681
RAB34	XM_065418378.1#RAB34
RPL23A	XM_065418127.1#RPL23A
TLCD1	XM_065418284.1#TLCD1
NEK8	XM_065418440.1#NEK8
TRAF4	XM_065418393.1#TRAF4
LOC135890980	XM_065418465.1#LOC135890980
FAM222B	XM_065418265.1#FAM222B
FAM222B	XM_065418263.1#FAM222B
FAM222B	XM_065418264.1#FAM222B
ERAL1	XM_065418500.1#ERAL1
FLOT2	XM_065418561.1#FLOT2
FLOT2	XM_065418565.1#FLOT2
FLOT2	XM_065418564.1#FLOT2
FLOT2	XM_065418563.1#FLOT2
FLOT2	XM_065418562.1#FLOT2
DHRS13	XM_065418327.1#DHRS13
PHF12	XM_065418206.1#PHF12
SEZ6	XM_065418501.1#SEZ6
PIPOX	XM_065418452.1#PIPOX
MYO18A	XM_065418129.1#MYO18A
CRYBA1	XM_065418314.1#CRYBA1
NUFIP2	XM_065418320.1#NUFIP2
TAOK1	XM_065418104.1#TAOK1
ABHD15	XM_065418480.1#ABHD15
TP53I13	XM_065418481.1#TP53I13
GIT1	XM_065418144.1#GIT1
ANKRD13B	XM_065418315.1#ANKRD13B
CORO6	XM_065418170.1#CORO6
CORO6	XM_065418171.1#CORO6
SSH2	XM_065418118.1#SSH2
EFCAB5	XM_065418502.1#EFCAB5
NSRP1	XM_065418316.1#NSRP1
SLC6A4	XM_065418383.1#SLC6A4
BLMH	XM_065418133.1#BLMH
TMIGD1	XM_065418503.1#TMIGD1
CPD	XM_065418090.1#CPD
CPD	XM_065418091.1#CPD
GOSR1	XM_065418216.1#GOSR1
GOSR1	XM_065418217.1#GOSR1
TRARG1	XM_065418559.1#TRARG1
BHLHA9	XM_065418098.1#BHLHA9
ABR	XM_065418078.1#ABR
ABR	XM_065418079.1#ABR
TIMM22	XM_065418377.1#TIMM22
TIMM22	XM_065418376.1#TIMM22
SPECC1	XM_065418134.1#SPECC1
ADORA2B	XM_065418423.1#ADORA2B
ZSWIM7	XM_065418293.1#ZSWIM7
ZSWIM7	XM_065418292.1#ZSWIM7
TTC19	XM_065418273.1#TTC19
NCOR1	XM_065418425.1#NCOR1
PIGL	XM_065418388.1#PIGL
CENPV	XM_065418331.1#CENPV
UBB	XM_065418484.1#UBB
LOC135890968	XM_065418450.1#LOC135890968
ITGAE	XM_065418268.1#ITGAE
HASPIN	XM_065418269.1#HASPIN
P2RX5	XM_065418200.1#P2RX5
EMC6	XM_065418279.1#EMC6
EMC6	XM_065418278.1#EMC6
EMC6	XM_065418280.1#EMC6
EMC6	XM_065418281.1#EMC6
EMC6	XM_065418282.1#EMC6
TAX1BP3	XM_065418426.1#TAX1BP3
CTNS	XM_065418085.1#CTNS
CTNS	XM_065418086.1#CTNS
CTNS	XM_065418084.1#CTNS
SHPK	XM_065418341.1#SHPK
TRPV1	XM_065418431.1#TRPV1
TRPV3	XM_065418492.1#TRPV3
ASPA	XM_065418462.1#ASPA
SPATA22	XM_065418552.1#SPATA22
LOC135890722	XM_065418122.1#LOC135890722
AKAP10	XM_065418105.1#AKAP10
AKAP10	XM_065418106.1#AKAP10
NLE1	XM_065418413.1#NLE1
ULK2	XM_065418069.1#ULK2
ALDH3A2	XM_065418083.1#ALDH3A2
LOC135890756	XM_065418172.1#LOC135890756
LOC135890757	XM_065418173.1#LOC135890757
NXN	XM_065418459.1#NXN
MRM3	XM_065418064.1#MRM3
GLOD4	XM_065418065.1#GLOD4
LOC135890771	XM_065418192.1#LOC135890771
GEMIN4	XM_065418191.1#GEMIN4
TLCD3A	XM_065418548.1#TLCD3A
VPS53	XM_065418307.1#VPS53
RFLNB	XM_065418504.1#RFLNB
LIAT1	XM_065418126.1#LIAT1
RPH3AL	XM_065418345.1#RPH3AL
DOC2B	XM_065418344.1#DOC2B
LOC135890758	XM_065418174.1#LOC135890758
TEX14	XM_065418506.1#TEX14
RAD51C	XM_065418246.1#RAD51C
RAD51C	XM_065418248.1#RAD51C
RAD51C	XM_065418245.1#RAD51C
RAD51C	XM_065418247.1#RAD51C
PPM1E	XM_065418445.1#PPM1E
TRIM37	XM_065418185.1#TRIM37
TRIM37	XM_065418182.1#TRIM37
TRIM37	XM_065418180.1#TRIM37
TRIM37	XM_065418183.1#TRIM37
TRIM37	XM_065418179.1#TRIM37
TRIM37	XM_065418178.1#TRIM37
TRIM37	XM_065418184.1#TRIM37
SKA2	XM_065418365.1#SKA2
SKA2	XM_065418364.1#SKA2
PRR11	XM_065418556.1#PRR11
SMG8	XM_065418308.1#SMG8
GDPD1	XM_065418359.1#GDPD1
YPEL2	XM_065418119.1#YPEL2
YPEL2	XM_065418120.1#YPEL2
DHX40	XM_065418159.1#DHX40
DHX40	XM_065418158.1#DHX40
CLTC	XM_065418489.1#CLTC
PTRH2	XM_065418323.1#PTRH2
PTRH2	XM_065418322.1#PTRH2
PTRH2	XM_065418321.1#PTRH2
PTRH2	XM_065418325.1#PTRH2
VMP1	XM_065418208.1#VMP1
TUBD1	XM_065418330.1#TUBD1
RPS6KB1	XM_065418080.1#RPS6KB1
RNFT1	XM_065418197.1#RNFT1
RNFT1	XM_065418195.1#RNFT1
MED13	XM_065418113.1#MED13
INTS2	XM_065418287.1#INTS2
BRIP1	XM_065418343.1#BRIP1
TBX4	XM_065418381.1#TBX4
TBX2	XM_065418297.1#TBX2
BCAS3	XM_065418107.1#BCAS3
PPM1D	XM_065418286.1#PPM1D
APPBP2	XM_065418375.1#APPBP2
CHCT1	XM_065418507.1#CHCT1
USP32	XM_065418187.1#USP32
CA4	XM_065418572.1#CA4
LOC135891020	XM_065418508.1#LOC135891020
ZNHIT3	XM_065418374.1#ZNHIT3
MYO19	XM_065418356.1#MYO19
PIGW	XM_065418382.1#PIGW
GGNBP2	XM_065418209.1#GGNBP2
GGNBP2	XM_065418211.1#GGNBP2
GGNBP2	XM_065418210.1#GGNBP2
DHRS11	XM_065418557.1#DHRS11
MRM1	XM_065418304.1#MRM1
MRM1	XM_065418305.1#MRM1
MRM1	XM_065418303.1#MRM1
LHX1	XM_065418401.1#LHX1
AATF	XM_065418397.1#AATF
ACACA	XM_065418240.1#ACACA
ACACA	XM_065418238.1#ACACA
ACACA	XM_065418237.1#ACACA
TADA2A	XM_065418392.1#TADA2A
DUSP14	XM_065418460.1#DUSP14
SYNRG	XM_065418121.1#SYNRG
DDX52	XM_065418167.1#DDX52
HNF1B	XM_065418277.1#HNF1B
HNF1B	XM_065418276.1#HNF1B
HEATR6	XM_065418283.1#HEATR6
DYNLL2	XM_065418137.1#DYNLL2
SRSF1	XM_065418140.1#SRSF1
VEZF1	XM_065418289.1#VEZF1
VEZF1	XM_065418290.1#VEZF1
CUEDC1	XM_065418371.1#CUEDC1
MRPS23	XM_065418422.1#MRPS23
CCDC182	XM_065418092.1#CCDC182
MSI2	XM_065418114.1#MSI2
AKAP1	XM_065418433.1#AKAP1
NF1	XM_065418088.1#NF1
EVI2A	XM_065418332.1#EVI2A
EVI2B	XM_065418333.1#EVI2B
EVI2B	XM_065418334.1#EVI2B
OMG	XM_065418505.1#OMG
WSB1	XM_065418072.1#WSB1
KSR1	XM_065418299.1#KSR1
LOC135890850	XM_065418310.1#LOC135890850
LOC135890958	XM_065418439.1#LOC135890958
NOS2	XM_065418510.1#NOS2
LYRM9	XM_065418318.1#LYRM9
NLK	XM_065418124.1#NLK
NLK	XM_065418125.1#NLK
TMEM97	XM_065418482.1#TMEM97
IFT20	XM_065418358.1#IFT20
TNFAIP1	XM_065418408.1#TNFAIP1
SGSM2	XM_065418274.1#SGSM2
SGSM2	XM_065418275.1#SGSM2
MNT	XM_065418082.1#MNT
MNT	XM_065418081.1#MNT
PAFAH1B1	XM_065418163.1#PAFAH1B1
CLUH	XM_065418063.1#CLUH
CCDC92B	XM_065418070.1#CCDC92B
RAP1GAP2	XM_065418511.1#RAP1GAP2
LOC135890804	XM_065418243.1#LOC135890804
EXO5	XM_065418389.1#EXO5
WSCD1	XM_065418441.1#WSCD1
LOC135890676	XM_065418068.1#LOC135890676
PIMREG	XM_065418568.1#PIMREG
PITPNM3	XM_065418512.1#PITPNM3
KIAA0753	XM_065418403.1#KIAA0753
TXNDC17	XM_065418391.1#TXNDC17
MED31	XM_065418228.1#MED31
SLC13A5	XM_065418154.1#SLC13A5
XAF1	XM_065418262.1#XAF1
XAF1	XM_065418261.1#XAF1
LOC135890675	XM_065418067.1#LOC135890675
TEKT1	XM_065418416.1#TEKT1
LOC135890910	XM_065418386.1#LOC135890910
SMTNL2	XM_065418188.1#SMTNL2
NCBP3	XM_065418256.1#NCBP3
NCBP3	XM_065418258.1#NCBP3
LRRC75A	XM_065418472.1#LRRC75A
TMEM248	XM_065418199.1#TMEM248
RABGEF1	XM_065418513.1#RABGEF1
TPST1	XM_065418437.1#TPST1
TPST1	XM_065418435.1#TPST1
CRCP	XM_065418234.1#CRCP
CRCP	XM_065418232.1#CRCP
CRCP	XM_065418233.1#CRCP
CRCP	XM_065418231.1#CRCP
ASL	XM_065418267.1#ASL
GUSB	XM_065418295.1#GUSB
VKORC1L1	XM_065418108.1#VKORC1L1
NUPR2	XM_065418109.1#NUPR2
CHCHD2	XM_065418152.1#CHCHD2
PHKG1	XM_065418349.1#PHKG1
SUMF2	XM_065418254.1#SUMF2
SUMF2	XM_065418253.1#SUMF2
CCT6A	XM_065418569.1#CCT6A
PSPH	XM_065418551.1#PSPH
NIPSNAP2	XM_065418230.1#NIPSNAP2
NIPSNAP2	XM_065418229.1#NIPSNAP2
MRPS17	XM_065418367.1#MRPS17
MRPS17	XM_065418368.1#MRPS17
MRPS17	XM_065418369.1#MRPS17
LOC135890738	XM_065418143.1#LOC135890738
SBDS	XM_065418062.1#SBDS
LOC135890899	XM_065418373.1#LOC135890899
CALN1	XM_065418486.1#CALN1
CALN1	XM_065418487.1#CALN1
GALNT17	XM_065418385.1#GALNT17
AUTS2	XM_065418421.1#AUTS2
AUTS2	XM_065418420.1#AUTS2
CASTOR2	XM_065418115.1#CASTOR2
RCC1L	XM_065418255.1#RCC1L
NCF1	XM_065418398.1#NCF1
GTF2I	XM_065418458.1#GTF2I
GTF2I	XM_065418454.1#GTF2I
GTF2I	XM_065418457.1#GTF2I
GTF2I	XM_065418456.1#GTF2I
GTF2I	XM_065418453.1#GTF2I
GTF2IRD1	XM_065418266.1#GTF2IRD1
CLIP2	XM_065418514.1#CLIP2
RFC2	XM_065418366.1#RFC2
LAT2	XM_065418099.1#LAT2
EIF4H	XM_065418061.1#EIF4H
MYBBP1A	XM_065418350.1#MYBBP1A
SPNS2	XM_065418434.1#SPNS2
SPNS3	XM_065418387.1#SPNS3
UBE2G1	XM_065418094.1#UBE2G1
UBE2G1	XM_065418096.1#UBE2G1
ANKFY1	XM_065418128.1#ANKFY1
LOC135890809	XM_065418251.1#LOC135890809
LOC135890809	XM_065418250.1#LOC135890809
ZZEF1	XM_065418227.1#ZZEF1
ATP2A3	XM_065418464.1#ATP2A3
ATP2A3	XM_065418463.1#ATP2A3
P2RX1	XM_065418223.1#P2RX1
CAMKK1	XM_065418215.1#CAMKK1
CAMKK1	XM_065418214.1#CAMKK1
MIS12	XM_065418410.1#MIS12
DERL2	XM_065418138.1#DERL2
DERL2	XM_065418139.1#DERL2
DHX33	XM_065418190.1#DHX33
C1QBP	XM_065418117.1#C1QBP
RPAIN	XM_065418298.1#RPAIN
NUP88	XM_065418249.1#NUP88
RABEP1	XM_065418153.1#RABEP1
IFT22	XM_065418400.1#IFT22
IFT22	XM_065418399.1#IFT22
COL26A1	XM_065418468.1#COL26A1
LOC135890698	XM_065418097.1#LOC135890698
MYL10	XM_065418271.1#MYL10
CUX1	XM_065418515.1#CUX1
SH2B2	XM_065418430.1#SH2B2
PRKRIP1	XM_065418319.1#PRKRIP1
ORAI2	XM_065418466.1#ORAI2
ALKBH4	XM_065418326.1#ALKBH4
LRWD1	XM_065418473.1#LRWD1
POLR2J	XM_065418474.1#POLR2J
LOC135890780	XM_065418203.1#LOC135890780
LOC135890685	XM_065418076.1#LOC135890685
LOC135891076	XM_065418566.1#LOC135891076
DTX2	XM_065418102.1#DTX2
DTX2	XM_065418101.1#DTX2
DTX2	XM_065418100.1#DTX2
SSC4D	XM_065418516.1#SSC4D
YWHAG	XM_065418186.1#YWHAG
HSPB1	XM_065418446.1#HSPB1
SRRM3	XM_065418571.1#SRRM3
MDH2	XM_065418093.1#MDH2
STYXL1	XM_065418447.1#STYXL1
STYXL1	XM_065418448.1#STYXL1
TMEM120A	XM_065418189.1#TMEM120A
LOC135890772	XM_065418194.1#LOC135890772
RHBDD2	XM_065418142.1#RHBDD2
LOC135891029	XM_065418517.1#LOC135891029
TAF15	XM_065418155.1#TAF15
TAF15	XM_065418156.1#TAF15
TAF15	XM_065418157.1#TAF15
MMP28	XM_065418443.1#MMP28
GAS2L2	XM_065418499.1#GAS2L2
RASL10B	XM_065418533.1#RASL10B
AP2B1	XM_065418074.1#AP2B1
PEX12	XM_065418370.1#PEX12
LOC135891030	XM_065418518.1#LOC135891030
LOC135890914	XM_065418390.1#LOC135890914
UNC45B	XM_065418313.1#UNC45B
RAD51D	XM_065418361.1#RAD51D
RAD51D	XM_065418362.1#RAD51D
RFFL	XM_065418411.1#RFFL
RFFL	XM_065418412.1#RFFL
LIG3	XM_065418204.1#LIG3
TMEM132E	XM_065418520.1#TMEM132E
LOC135890692	XM_065418087.1#LOC135890692
LOC135890679	XM_065418071.1#LOC135890679
LOC135890762	XM_065418177.1#LOC135890762
LOC135891032	XM_065418521.1#LOC135891032
LOC135891033	XM_065418522.1#LOC135891033
LOC135891034	XM_065418523.1#LOC135891034
LOC135891035	XM_065418524.1#LOC135891035
LOC135891036	XM_065418525.1#LOC135891036
LOC135890938	XM_065418415.1#LOC135890938
LOC135890961	XM_065418442.1#LOC135890961
LOC135891037	XM_065418526.1#LOC135891037
LOC135890957	XM_065418438.1#LOC135890957
LOC135890754	XM_065418168.1#LOC135890754
LOC135890786	XM_065418212.1#LOC135890786
LOC135890786	XM_065418213.1#LOC135890786
LOC135890832	XM_065418288.1#LOC135890832
LOC135890803	XM_065418242.1#LOC135890803
LOC135890803	XM_065418241.1#LOC135890803
LOC135890796	XM_065418225.1#LOC135890796
LOC135891085	XM_065418575.1#LOC135891085
HIP1	XM_065418527.1#HIP1
LOC135890729	XM_065418131.1#LOC135890729
LOC135890729	XM_065418132.1#LOC135890729
NSUN5	XM_065418418.1#NSUN5
LOC135891040	XM_065418528.1#LOC135891040
TRIM50	XM_065418471.1#TRIM50
FKBP6	XM_065418529.1#FKBP6
FZD9	XM_065418291.1#FZD9
BAZ1B	XM_065418141.1#BAZ1B
LOC135891042	XM_065418531.1#LOC135891042
LOC135890931	XM_065418407.1#LOC135890931
LOC135891043	XM_065418532.1#LOC135891043
LOC135890937	XM_065418414.1#LOC135890937
LOC135891045	XM_065418534.1#LOC135891045
LOC135890930	XM_065418406.1#LOC135890930
LOC135891046	XM_065418535.1#LOC135891046
LOC135890929	XM_065418405.1#LOC135890929
LOC135891047	XM_065418536.1#LOC135891047
LOC135890941	XM_065418419.1#LOC135890941
LOC135891048	XM_065418537.1#LOC135891048
LOC135890751	XM_065418164.1#LOC135890751
LOC135890751	XM_065418165.1#LOC135890751
LOC135890949	XM_065418427.1#LOC135890949
LOC135890792	XM_065418220.1#LOC135890792
LOC135890792	XM_065418221.1#LOC135890792
CWF19L1	XM_065418145.1#CWF19L1
CWF19L1	XM_065418149.1#CWF19L1
CWF19L1	XM_065418150.1#CWF19L1
CWF19L1	XM_065418146.1#CWF19L1
CWF19L1	XM_065418151.1#CWF19L1
LOC135891050	XM_065418538.1#LOC135891050
LOC135890871	XM_065418337.1#LOC135890871
LOC135890871	XM_065418335.1#LOC135890871
LOC135890950	XM_065418429.1#LOC135890950
LOC135890851	XM_065418311.1#LOC135890851
LOC135891051	XM_065418539.1#LOC135891051
LOC135891052	XM_065418540.1#LOC135891052
LOC135890953	XM_065418432.1#LOC135890953
LOC135891053	XM_065418542.1#LOC135891053
LOC135890884	XM_065418352.1#LOC135890884
LOC135890884	XM_065418351.1#LOC135890884
LOC135890777	XM_065418201.1#LOC135890777
MPO	XM_065418198.1#MPO
TSPOAP1	XM_065418224.1#TSPOAP1
SUPT4H1	XM_065418296.1#SUPT4H1
RNF43	XM_065418543.1#RNF43
HSF5	XM_065418574.1#HSF5
MTMR4	XM_065418309.1#MTMR4
LOC135890885	XM_065418355.1#LOC135890885
ABHD11	XM_065418449.1#ABHD11
LOC135890864	XM_065418328.1#LOC135890864
LOC135890841	XM_065418300.1#LOC135890841
LOC135890865	XM_065418329.1#LOC135890865
TMEM270	XM_065418176.1#TMEM270
LIMK1	XM_065418340.1#LIMK1
LOC135891055	XM_065418544.1#LOC135891055
LOC135891057	XM_065418545.1#LOC135891057
LOC135891058	XM_065418546.1#LOC135891058
LOC135891059	XM_065418547.1#LOC135891059
VPS37D	XM_065418483.1#VPS37D
DNAJC30	XM_065418476.1#DNAJC30
BUD23	XM_065418477.1#BUD23
BUD23	XM_065418479.1#BUD23
STX1A	XM_065418475.1#STX1A
MKS1	XM_065418306.1#MKS1
BCL7B	XM_065418451.1#BCL7B
TBL2	XM_065418302.1#TBL2
MLXIPL	XM_065418402.1#MLXIPL
GARNL3	XM_065418845.1#GARNL3
SLC2A8	XM_065418709.1#SLC2A8
SLC2A8	XM_065418708.1#SLC2A8
SLC2A8	XM_065418710.1#SLC2A8
FBXW2	XM_065418723.1#FBXW2
RALGPS1	XM_065418741.1#RALGPS1
ANGPTL2	XM_065418894.1#ANGPTL2
ZBTB34	XM_065418959.1#ZBTB34
ZBTB43	XM_065418941.1#ZBTB43
LMX1B	XM_065418897.1#LMX1B
MVB12B	XM_065418885.1#MVB12B
PBX3	XM_065418746.1#PBX3
PBX3	XM_065418745.1#PBX3
PBX3	XM_065418747.1#PBX3
MAPKAP1	XM_065418804.1#MAPKAP1
GAPVD1	XM_065418970.1#GAPVD1
HSPA5	XM_065418921.1#HSPA5
RABEPK	XM_065419021.1#RABEPK
PPP6C	XM_065419022.1#PPP6C
ARPC5L	XM_065418739.1#ARPC5L
GOLGA1	XM_065418795.1#GOLGA1
SCAI	XM_065418974.1#SCAI
RPL35	XM_065418641.1#RPL35
OLFML2A	XM_065418912.1#OLFML2A
NR6A1	XM_065418818.1#NR6A1
NR6A1	XM_065418817.1#NR6A1
NR5A1	XM_065418798.1#NR5A1
ADGRD2	XM_065418976.1#ADGRD2
LOC135891421	XM_065418977.1#LOC135891421
PSMB7	XM_065418717.1#PSMB7
NEK6	XM_065418755.1#NEK6
NEK6	XM_065418753.1#NEK6
NEK6	XM_065418754.1#NEK6
LHX2	XM_065418882.1#LHX2
DENND1A	XM_065418676.1#DENND1A
CRB2	XM_065418871.1#CRB2
STRBP	XM_065418904.1#STRBP
RABGAP1	XM_065418647.1#RABGAP1
GPR21	XM_065418961.1#GPR21
ZBTB26	XM_065418848.1#ZBTB26
ZBTB6	XM_065418835.1#ZBTB6
ZBTB6	XM_065418836.1#ZBTB6
RC3H2	XM_065418719.1#RC3H2
RC3H2	XM_065418720.1#RC3H2
RC3H2	XM_065418721.1#RC3H2
PDCL	XM_065418751.1#PDCL
PDCL	XM_065418749.1#PDCL
PDCL	XM_065418750.1#PDCL
PDCL	XM_065418752.1#PDCL
PTGS1	XM_065418743.1#PTGS1
MRRF	XM_065418775.1#MRRF
RBM18	XM_065418658.1#RBM18
RBM18	XM_065418659.1#RBM18
LHX6	XM_065418851.1#LHX6
MORN5	XM_065418968.1#MORN5
MORN5	XM_065418967.1#MORN5
NDUFA8	XM_065418846.1#NDUFA8
LOC135891400	XM_065418954.1#LOC135891400
TTLL11	XM_065418926.1#TTLL11
TTLL11	XM_065418927.1#TTLL11
DAB2IP	XM_065418579.1#DAB2IP
STOM	XM_065418593.1#STOM
GSN	XM_065418879.1#GSN
RAB14	XM_065418651.1#RAB14
CNTRL	XM_065418692.1#CNTRL
C5	XM_065418578.1#C5
TRAF1	XM_065418958.1#TRAF1
PHF19	XM_065418773.1#PHF19
LOC135891110	XM_065418582.1#LOC135891110
PSMD5	XM_065418978.1#PSMD5
B3GALT9	XM_065418612.1#B3GALT9
LOC135891423	XM_065418979.1#LOC135891423
KCNT1	XM_065418688.1#KCNT1
KCNT1	XM_065418690.1#KCNT1
KCNT1	XM_065418691.1#KCNT1
KCNT1	XM_065418689.1#KCNT1
CAMSAP1	XM_065418791.1#CAMSAP1
CAMSAP1	XM_065418790.1#CAMSAP1
UBAC1	XM_065418922.1#UBAC1
NACC2	XM_065418925.1#NACC2
TMEM250	XM_065418876.1#TMEM250
LHX3	XM_065418855.1#LHX3
LHX3	XM_065418853.1#LHX3
QSOX2	XM_065418826.1#QSOX2
CCDC187	XM_065418577.1#CCDC187
GPSM1	XM_065418823.1#GPSM1
DNLZ	XM_065418939.1#DNLZ
CARD9	XM_065418980.1#CARD9
SNAPC4	XM_065418640.1#SNAPC4
ENTR1	XM_065418783.1#ENTR1
PMPCA	XM_065418760.1#PMPCA
INPP5E	XM_065418681.1#INPP5E
INPP5E	XM_065418680.1#INPP5E
SEC16A	XM_065418736.1#SEC16A
NOTCH1	XM_065418973.1#NOTCH1
NOTCH1	XM_065418972.1#NOTCH1
EGFL7	XM_065418948.1#EGFL7
AGPAT2	XM_065418892.1#AGPAT2
DIPK1B	XM_065418924.1#DIPK1B
MRPS2	XM_065418714.1#MRPS2
PIERCE1	XM_065419038.1#PIERCE1
PPP1R26	XM_065418964.1#PPP1R26
OLFM1	XM_065418810.1#OLFM1
OLFM1	XM_065418809.1#OLFM1
OLFM1	XM_065418807.1#OLFM1
COL5A1	XM_065418816.1#COL5A1
COL5A1	XM_065418815.1#COL5A1
RXRA	XM_065418718.1#RXRA
WDR5	XM_065418599.1#WDR5
BRD3	XM_065418799.1#BRD3
BRD3	XM_065418800.1#BRD3
BRD3	XM_065418801.1#BRD3
BRD3	XM_065418802.1#BRD3
BRD3OS	XM_065418667.1#BRD3OS
VAV2	XM_065418653.1#VAV2
VAV2	XM_065418652.1#VAV2
VAV2	XM_065418654.1#VAV2
SARDH	XM_065418814.1#SARDH
DBH	XM_065418886.1#DBH
FAM163B	XM_065419013.1#FAM163B
ADAMTSL2	XM_065418908.1#ADAMTSL2
MYMK	XM_065419009.1#MYMK
SLC2A6	XM_065418911.1#SLC2A6
CACFD1	XM_065418962.1#CACFD1
ADAMTS13	XM_065418869.1#ADAMTS13
REXO4	XM_065418763.1#REXO4
REXO4	XM_065418764.1#REXO4
STKLD1	XM_065418762.1#STKLD1
SURF4	XM_065418827.1#SURF4
SURF2	XM_065418674.1#SURF2
LOC135891206	XM_065418702.1#LOC135891206
RPL7A	XM_065418660.1#RPL7A
SURF6	XM_065418875.1#SURF6
MED22	XM_065418786.1#MED22
MED22	XM_065418784.1#MED22
MED22	XM_065418787.1#MED22
ABO	XM_065418900.1#ABO
ABO	XM_065418901.1#ABO
CCDC180	XM_065418936.1#CCDC180
GBGT1	XM_065418792.1#GBGT1
RALGDS	XM_065418740.1#RALGDS
CEL	XM_065418715.1#CEL
GTF3C5	XM_065418765.1#GTF3C5
GFI1B	XM_065418618.1#GFI1B
GFI1B	XM_065418617.1#GFI1B
TSC1	XM_065418942.1#TSC1
SPACA9	XM_065418934.1#SPACA9
AK8	XM_065418891.1#AK8
GTF3C4	XM_065418859.1#GTF3C4
DDX31	XM_065418789.1#DDX31
BARHL1	XM_065418933.1#BARHL1
CFAP77	XM_065419036.1#CFAP77
TTF1	XM_065418771.1#TTF1
SETX	XM_065418672.1#SETX
NTNG2	XM_065418856.1#NTNG2
MED27	XM_065418779.1#MED27
MED27	XM_065418780.1#MED27
MED27	XM_065418782.1#MED27
RAPGEF1	XM_065418981.1#RAPGEF1
PRRT1B	XM_065418982.1#PRRT1B
UCK1	XM_065418644.1#UCK1
POMT1	XM_065418643.1#POMT1
POMT1	XM_065418642.1#POMT1
PRRC2B	XM_065418839.1#PRRC2B
PRRC2B	XM_065418838.1#PRRC2B
PRRC2B	XM_065418837.1#PRRC2B
LOC135891251	XM_065418767.1#LOC135891251
PLPP7	XM_065418844.1#PLPP7
FAM78A	XM_065418806.1#FAM78A
NUP214	XM_065418805.1#NUP214
AIF1L	XM_065418915.1#AIF1L
LAMC3	XM_065418858.1#LAMC3
FIBCD1	XM_065418874.1#FIBCD1
QRFP	XM_065418581.1#QRFP
ABL1	XM_065418610.1#ABL1
ABL1	XM_065418609.1#ABL1
ABL1	XM_065418611.1#ABL1
EXOSC2	XM_065418759.1#EXOSC2
PRDM12	XM_065418966.1#PRDM12
FUBP3	XM_065418602.1#FUBP3
FUBP3	XM_065418600.1#FUBP3
FUBP3	XM_065418601.1#FUBP3
ASS1	XM_065418794.1#ASS1
HMCN2	XM_065418725.1#HMCN2
NCS1	XM_065418777.1#NCS1
NCS1	XM_065418776.1#NCS1
GPR107	XM_065418684.1#GPR107
FNBP1	XM_065419012.1#FNBP1
FNBP1	XM_065419011.1#FNBP1
USP20	XM_065418983.1#USP20
C18H9orf78	XM_065418678.1#C18H9orf78
C18H9orf78	XM_065418679.1#C18H9orf78
LOC135891166	XM_065418661.1#LOC135891166
TOR1B	XM_065418697.1#TOR1B
LOC135891302	XM_065418834.1#LOC135891302
PTGES	XM_065419015.1#PTGES
PRRX2	XM_065418914.1#PRRX2
ASB6	XM_065418861.1#ASB6
ASB6	XM_065418860.1#ASB6
NTMT1	XM_065418893.1#NTMT1
IER5L	XM_065419037.1#IER5L
PTPA	XM_065418700.1#PTPA
CRAT	XM_065418729.1#CRAT
DOLPP1	XM_065418701.1#DOLPP1
MIGA2	XM_065418864.1#MIGA2
SH3GLB2	XM_065418630.1#SH3GLB2
SH3GLB2	XM_065418631.1#SH3GLB2
SH3GLB2	XM_065418632.1#SH3GLB2
NUP188	XM_065418677.1#NUP188
DOLK	XM_065418865.1#DOLK
PHYHD1	XM_065418873.1#PHYHD1
PHYHD1	XM_065418872.1#PHYHD1
LRRC8A	XM_065418811.1#LRRC8A
KYAT1	XM_065418943.1#KYAT1
KYAT1	XM_065418944.1#KYAT1
SPOUT1	XM_065418946.1#SPOUT1
SPOUT1	XM_065418945.1#SPOUT1
SPOUT1	XM_065418947.1#SPOUT1
ENDOG	XM_065418849.1#ENDOG
TBC1D13	XM_065418881.1#TBC1D13
TBC1D13	XM_065418880.1#TBC1D13
ZER1	XM_065418698.1#ZER1
ZDHHC12	XM_065418923.1#ZDHHC12
PKN3	XM_065418706.1#PKN3
PKN3	XM_065418705.1#PKN3
SET	XM_065418590.1#SET
SET	XM_065418591.1#SET
DYNC2I2	XM_065418731.1#DYNC2I2
SPTAN1	XM_065418735.1#SPTAN1
SPTAN1	XM_065418733.1#SPTAN1
SPTAN1	XM_065418734.1#SPTAN1
SPTAN1	XM_065418732.1#SPTAN1
GLE1	XM_065418668.1#GLE1
ODF2	XM_065418950.1#ODF2
PTGES2	XM_065418953.1#PTGES2
BBLN	XM_065418813.1#BBLN
CIZ1	XM_065418670.1#CIZ1
DNM1	XM_065419024.1#DNM1
DNM1	XM_065419025.1#DNM1
DNM1	XM_065419023.1#DNM1
DNM1	XM_065419027.1#DNM1
DNM1	XM_065419028.1#DNM1
GOLGA2	XM_065418636.1#GOLGA2
SWI5	XM_065419035.1#SWI5
TRUB2	XM_065419029.1#TRUB2
COQ4	XM_065419030.1#COQ4
COQ4	XM_065419032.1#COQ4
SLC27A4	XM_065418822.1#SLC27A4
URM1	XM_065418870.1#URM1
CERCAM	XM_065418788.1#CERCAM
CFAP157	XM_065419020.1#CFAP157
PTRH1	XM_065418984.1#PTRH1
TTC16	XM_065418985.1#TTC16
TOR2A	XM_065418778.1#TOR2A
SH2D3C	XM_065418693.1#SH2D3C
SH2D3C	XM_065418695.1#SH2D3C
SH2D3C	XM_065418694.1#SH2D3C
CDK9	XM_065418682.1#CDK9
FPGS	XM_065418883.1#FPGS
ENG	XM_065419014.1#ENG
AK1	XM_065418857.1#AK1
ST6GALNAC6	XM_065418868.1#ST6GALNAC6
ST6GALNAC6	XM_065418867.1#ST6GALNAC6
ST6GALNAC4	XM_065418863.1#ST6GALNAC4
PIP5KL1	XM_065418956.1#PIP5KL1
DPM2	XM_065418711.1#DPM2
EEIG1	XM_065418758.1#EEIG1
NAIF1	XM_065418916.1#NAIF1
SLC25A25	XM_065418619.1#SLC25A25
SLC25A25	XM_065418620.1#SLC25A25
SLC25A25	XM_065418621.1#SLC25A25
SLC25A25	XM_065418622.1#SLC25A25
SLC25A25	XM_065418623.1#SLC25A25
LOC135891431	XM_065418987.1#LOC135891431
LOC135891111	XM_065418584.1#LOC135891111
COL27A1	XM_065418988.1#COL27A1
MEGF9	XM_065419008.1#MEGF9
CDK5RAP2	XM_065418586.1#CDK5RAP2
BRINP1	XM_065418888.1#BRINP1
TLR4	XM_065418889.1#TLR4
TLR4	XM_065418890.1#TLR4
LOC135891463	XM_065419017.1#LOC135891463
ASTN2	XM_065418613.1#ASTN2
TRIM32	XM_065418614.1#TRIM32
PAPPA	XM_065418793.1#PAPPA
TNC	XM_065418683.1#TNC
TNFSF8	XM_065418580.1#TNFSF8
TNFSF15	XM_065418949.1#TNFSF15
TMEM268	XM_065418957.1#TMEM268
ATP6V1G1	XM_065418649.1#ATP6V1G1
WHRN	XM_065418909.1#WHRN
AKNA	XM_065418910.1#AKNA
STXBP1	XM_065418639.1#STXBP1
STXBP1	XM_065418638.1#STXBP1
NIBAN2	XM_065418989.1#NIBAN2
SLC31A2	XM_065418965.1#SLC31A2
LOC135891464	XM_065419019.1#LOC135891464
CACNA1B	XM_065418603.1#CACNA1B
EHMT1	XM_065418744.1#EHMT1
ARRDC1	XM_065418671.1#ARRDC1
LOC135891160	XM_065418655.1#LOC135891160
LOC135891160	XM_065418656.1#LOC135891160
LOC135891216	XM_065418716.1#LOC135891216
NELFB	XM_065418730.1#NELFB
LOC135891358	XM_065418905.1#LOC135891358
LOC135891174	XM_065418662.1#LOC135891174
LOC135891145	XM_065418637.1#LOC135891145
LOC135891434	XM_065418990.1#LOC135891434
LOC135891435	XM_065418991.1#LOC135891435
LOC135891186	XM_065418673.1#LOC135891186
LOC135891162	XM_065418657.1#LOC135891162
LOC135891139	XM_065418628.1#LOC135891139
LOC135891143	XM_065418635.1#LOC135891143
LOC135891140	XM_065418629.1#LOC135891140
LOC135891136	XM_065418624.1#LOC135891136
LOC135891152	XM_065418646.1#LOC135891152
LOC135891142	XM_065418633.1#LOC135891142
LOC135891436	XM_065418992.1#LOC135891436
LOC135891437	XM_065418993.1#LOC135891437
LOC135891439	XM_065418994.1#LOC135891439
LOC135891156	XM_065418650.1#LOC135891156
LOC135891440	XM_065418995.1#LOC135891440
DPP7	XM_065418829.1#DPP7
LOC135891133	XM_065418615.1#LOC135891133
MAN1B1	XM_065418824.1#MAN1B1
UAP1L1	XM_065418797.1#UAP1L1
SAPCD2	XM_065418955.1#SAPCD2
ENTPD2	XM_065418919.1#ENTPD2
TMEM141	XM_065418907.1#TMEM141
PAXX	XM_065418831.1#PAXX
PAXX	XM_065418832.1#PAXX
PAXX	XM_065418833.1#PAXX
CLIC3	XM_065418803.1#CLIC3
ABCA2	XM_065418938.1#ABCA2
LOC135891441	XM_065418996.1#LOC135891441
FUT7	XM_065418850.1#FUT7
LOC135891307	XM_065418842.1#LOC135891307
NPDC1	XM_065418960.1#NPDC1
TUBB4B	XM_065418774.1#TUBB4B
CIMIP2A	XM_065418998.1#CIMIP2A
LOC135891249	XM_065418766.1#LOC135891249
TOR4A	XM_065418937.1#TOR4A
ANAPC2	XM_065418999.1#ANAPC2
SSNA1	XM_065418898.1#SSNA1
TPRN	XM_065418903.1#TPRN
TMEM203	XM_065418841.1#TMEM203
NDOR1	XM_065418756.1#NDOR1
RNF208	XM_065418587.1#RNF208
LOC135891444	XM_065419000.1#LOC135891444
CYSRT1	XM_065419001.1#CYSRT1
RNF224	XM_065419002.1#RNF224
LRRC26	XM_065418626.1#LRRC26
GRIN1	XM_065418607.1#GRIN1
GRIN1	XM_065418605.1#GRIN1
GRIN1	XM_065418606.1#GRIN1
GRIN1	XM_065418604.1#GRIN1
LOC135891455	XM_065419010.1#LOC135891455
ZNF618	XM_065418847.1#ZNF618
RGS3	XM_065418588.1#RGS3
RGS3	XM_065418589.1#RGS3
POLE3	XM_065418664.1#POLE3
POLE3	XM_065418665.1#POLE3
POLE3	XM_065418663.1#POLE3
ALAD	XM_065418592.1#ALAD
HDHD3	XM_065418918.1#HDHD3
BSPRY	XM_065418920.1#BSPRY
LOC135891447	XM_065419003.1#LOC135891447
PTGDS	XM_065418971.1#PTGDS
C8G	XM_065419004.1#C8G
FBXW5	XM_065418726.1#FBXW5
FBXW5	XM_065418727.1#FBXW5
FBXW5	XM_065418728.1#FBXW5
TRAF2	XM_065418820.1#TRAF2
TRAF2	XM_065418819.1#TRAF2
EDF1	XM_065418707.1#EDF1
MAMDC4	XM_065418930.1#MAMDC4
PHPT1	XM_065418828.1#PHPT1
AJM1	XM_065418585.1#AJM1
RABL6	XM_065418713.1#RABL6
CCDC183	XM_065418969.1#CCDC183
AMBP	XM_065418935.1#AMBP
NRARP	XM_065419016.1#NRARP
EXD3	XM_065418596.1#EXD3
NOXA1	XM_065418929.1#NOXA1
ENTPD8	XM_065418830.1#ENTPD8
LOC135891197	XM_065418687.1#LOC135891197
LOC135891196	XM_065418685.1#LOC135891196
NSMF	XM_065418597.1#NSMF
PNPLA7	XM_065418594.1#PNPLA7
MRPL41	XM_065418852.1#MRPL41
DPH7	XM_065418742.1#DPH7
ZMYND19	XM_065418899.1#ZMYND19
RPL12	XM_065418669.1#RPL12
LRSAM1	XM_065418768.1#LRSAM1
LRSAM1	XM_065418770.1#LRSAM1
LRSAM1	XM_065418769.1#LRSAM1
LOC135891451	XM_065419005.1#LOC135891451
LOC135891452	XM_065419006.1#LOC135891452
WDR31	XM_065418931.1#WDR31
WDR31	XM_065418932.1#WDR31
RNF183	XM_065418598.1#RNF183
PRPF4	XM_065418627.1#PRPF4
CDC26	XM_065418913.1#CDC26
SLC31A1	XM_065418738.1#SLC31A1
FKBP15	XM_065418704.1#FKBP15
COLGALT1	XM_065419365.1#COLGALT1
PGLS	XM_065419530.1#PGLS
SLC27A1	XM_065419569.1#SLC27A1
NXNL1	XM_065419606.1#NXNL1
GMIP	XM_065419501.1#GMIP
LPAR2	XM_065419578.1#LPAR2
PBX4	XM_065419071.1#PBX4
DSN1	XM_065419414.1#DSN1
DSN1	XM_065419415.1#DSN1
MVB12A	XM_065419057.1#MVB12A
MVB12A	XM_065419058.1#MVB12A
ATP13A1	XM_065419056.1#ATP13A1
CHCHD5	XM_065419507.1#CHCHD5
LOC135891823	XM_065419493.1#LOC135891823
LOC135891502	XM_065419044.1#LOC135891502
FBXL12	XM_065419777.1#FBXL12
UBL5	XM_065419487.1#UBL5
UBL5	XM_065419489.1#UBL5
UBL5	XM_065419490.1#UBL5
UBL5	XM_065419488.1#UBL5
PIN1	XM_065419287.1#PIN1
LOC135891896	XM_065419583.1#LOC135891896
OLFM2	XM_065419465.1#OLFM2
OLFM2	XM_065419464.1#OLFM2
COL5A3	XM_065419607.1#COL5A3
RDH8	XM_065419685.1#RDH8
LOC135891516	XM_065419063.1#LOC135891516
SHFL	XM_065419543.1#SHFL
ANGPTL6	XM_065419581.1#ANGPTL6
P2RY11	XM_065419608.1#P2RY11
EIF3G	XM_065419285.1#EIF3G
DNMT1	XM_065419181.1#DNMT1
S1PR2	XM_065419561.1#S1PR2
MRPL4	XM_065419500.1#MRPL4
ICAM1	XM_065419609.1#ICAM1
LOC135891526	XM_065419076.1#LOC135891526
LOC135891721	XM_065419361.1#LOC135891721
FDX2	XM_065419562.1#FDX2
RAVER1	XM_065419444.1#RAVER1
TYK2	XM_065419795.1#TYK2
CDC37	XM_065419214.1#CDC37
PDE4A	XM_065419100.1#PDE4A
PDE4A	XM_065419099.1#PDE4A
SPC24	XM_065419106.1#SPC24
KEAP1	XM_065419097.1#KEAP1
S1PR5	XM_065419101.1#S1PR5
ATG4D	XM_065419098.1#ATG4D
LOC135891925	XM_065419611.1#LOC135891925
KRI1	XM_065419613.1#KRI1
CDKN2D	XM_065419105.1#CDKN2D
AP1M2	XM_065419104.1#AP1M2
AP1M2	XM_065419103.1#AP1M2
SLC44A2	XM_065419095.1#SLC44A2
SLC44A2	XM_065419096.1#SLC44A2
ILF3	XM_065419079.1#ILF3
ILF3	XM_065419083.1#ILF3
ILF3	XM_065419082.1#ILF3
ILF3	XM_065419084.1#ILF3
ILF3	XM_065419085.1#ILF3
ILF3	XM_065419086.1#ILF3
ILF3	XM_065419087.1#ILF3
ILF3	XM_065419089.1#ILF3
ILF3	XM_065419090.1#ILF3
ILF3	XM_065419091.1#ILF3
ILF3	XM_065419092.1#ILF3
ILF3	XM_065419094.1#ILF3
ILF3	XM_065419093.1#ILF3
ILF3	XM_065419080.1#ILF3
ILF3	XM_065419081.1#ILF3
LOC135891528	XM_065419078.1#LOC135891528
QTRT1	XM_065419716.1#QTRT1
DNM2	XM_065419722.1#DNM2
DNM2	XM_065419721.1#DNM2
TMED1	XM_065419620.1#TMED1
C19H19orf38	XM_065419145.1#C19H19orf38
CARM1	XM_065419308.1#CARM1
YIPF2	XM_065419439.1#YIPF2
TIMM29	XM_065419512.1#TIMM29
LOC135891585	XM_065419179.1#LOC135891585
LOC135891585	XM_065419180.1#LOC135891585
LOC135891585	XM_065419178.1#LOC135891585
SMARCA4	XM_065419538.1#SMARCA4
SMARCA4	XM_065419539.1#SMARCA4
SMARCA4	XM_065419540.1#SMARCA4
SMARCA4	XM_065419541.1#SMARCA4
SMARCA4	XM_065419542.1#SMARCA4
LDLR	XM_065419457.1#LDLR
LOC135891745	XM_065419401.1#LOC135891745
LOC135891745	XM_065419400.1#LOC135891745
LOC135891745	XM_065419399.1#LOC135891745
KANK2	XM_065419548.1#KANK2
DOCK6	XM_065419614.1#DOCK6
LOC135892032	XM_065419714.1#LOC135892032
LOC135892033	XM_065419715.1#LOC135892033
KHSRP	XM_065419683.1#KHSRP
LOC135892088	XM_065419786.1#LOC135892088
GTF2F1	XM_065419780.1#GTF2F1
GTF2F1	XM_065419782.1#GTF2F1
GTF2F1	XM_065419783.1#GTF2F1
PSPN	XM_065419171.1#PSPN
CLPP	XM_065419460.1#CLPP
MISP3	XM_065419616.1#MISP3
PALM3	XM_065419124.1#PALM3
IL27RA	XM_065419107.1#IL27RA
RLN3	XM_065419045.1#RLN3
RFX1	XM_065419259.1#RFX1
DCAF15	XM_065419617.1#DCAF15
PODNL1	XM_065419570.1#PODNL1
CC2D1A	XM_065419306.1#CC2D1A
ZSWIM4	XM_065419526.1#ZSWIM4
C19H19orf53	XM_065419572.1#C19H19orf53
LOC135891872	XM_065419550.1#LOC135891872
LOC135891932	XM_065419618.1#LOC135891932
YJU2B	XM_065419403.1#YJU2B
LOC135891746	XM_065419402.1#LOC135891746
CACNA1A	XM_065419170.1#CACNA1A
IER2	XM_065419046.1#IER2
STX10	XM_065419554.1#STX10
NACC1	XM_065419706.1#NACC1
TRMT1	XM_065419491.1#TRMT1
MAN2B1	XM_065419363.1#MAN2B1
WDR83OS	XM_065419505.1#WDR83OS
WDR83	XM_065419612.1#WDR83
DHPS	XM_065419511.1#DHPS
GNG14	XM_065419504.1#GNG14
FBXW9	XM_065419517.1#FBXW9
TNPO2	XM_065419711.1#TNPO2
LOC135892030	XM_065419712.1#LOC135892030
TRIR	XM_065419421.1#TRIR
GET3	XM_065419506.1#GET3
BEST2	XM_065419619.1#BEST2
HOOK2	XM_065419305.1#HOOK2
HOOK2	XM_065419304.1#HOOK2
JUNB	XM_065419273.1#JUNB
PRDX2	XM_065419274.1#PRDX2
RNASEH2A	XM_065419276.1#RNASEH2A
RTBDN	XM_065419275.1#RTBDN
MAST1	XM_065419690.1#MAST1
LOC135891935	XM_065419621.1#LOC135891935
DNASE2	XM_065419754.1#DNASE2
KLF1	XM_065419329.1#KLF1
GCDH	XM_065419288.1#GCDH
LOC135891825	XM_065419494.1#LOC135891825
LOC135891825	XM_065419495.1#LOC135891825
SYCE2	XM_065419624.1#SYCE2
FARSA	XM_065419268.1#FARSA
CALR	XM_065419169.1#CALR
RAD23A	XM_065419280.1#RAD23A
RAD23A	XM_065419281.1#RAD23A
LOC135891744	XM_065419397.1#LOC135891744
GADD45GIP1	XM_065419521.1#GADD45GIP1
NFIX	XM_065419195.1#NFIX
LYL1	XM_065419549.1#LYL1
ACP5	XM_065419591.1#ACP5
ELOF1	XM_065419310.1#ELOF1
CNN1	XM_065419438.1#CNN1
CCDC159	XM_065419625.1#CCDC159
TMEM205	XM_065419622.1#TMEM205
TMEM205	XM_065419623.1#TMEM205
RAB3D	XM_065419256.1#RAB3D
SLC25A23	XM_065419455.1#SLC25A23
CRB3	XM_065419626.1#CRB3
DENND1C	XM_065419437.1#DENND1C
TUBB4A	XM_065419702.1#TUBB4A
TUBB4A	XM_065419701.1#TUBB4A
TUBB4A	XM_065419696.1#TUBB4A
TUBB4A	XM_065419700.1#TUBB4A
TUBB4A	XM_065419694.1#TUBB4A
TUBB4A	XM_065419692.1#TUBB4A
TUBB4A	XM_065419691.1#TUBB4A
LOC135891831	XM_065419502.1#LOC135891831
LOC135891563	XM_065419128.1#LOC135891563
TNFSF14	XM_065419043.1#TNFSF14
LOC135891781	XM_065419443.1#LOC135891781
LOC135891785	XM_065419447.1#LOC135891785
LOC135891773	XM_065419436.1#LOC135891773
LOC135891510	XM_065419054.1#LOC135891510
LOC135891509	XM_065419053.1#LOC135891509
LOC135891807	XM_065419473.1#LOC135891807
GPR108	XM_065419073.1#GPR108
GPR108	XM_065419075.1#GPR108
TRIP10	XM_065419627.1#TRIP10
LOC135891755	XM_065419418.1#LOC135891755
VAV1	XM_065419628.1#VAV1
ADGRE1	XM_065419220.1#ADGRE1
LOC135891613	XM_065419223.1#LOC135891613
LOC135891612	XM_065419222.1#LOC135891612
LOC135891943	XM_065419629.1#LOC135891943
LOC135891614	XM_065419224.1#LOC135891614
LOC135891622	XM_065419231.1#LOC135891622
LOC135891615	XM_065419225.1#LOC135891615
LOC135891616	XM_065419226.1#LOC135891616
LOC135891618	XM_065419228.1#LOC135891618
LOC135891620	XM_065419229.1#LOC135891620
LOC135891617	XM_065419227.1#LOC135891617
LOC135891621	XM_065419230.1#LOC135891621
LOC135891945	XM_065419631.1#LOC135891945
LOC135891623	XM_065419233.1#LOC135891623
LOC135891946	XM_065419632.1#LOC135891946
LOC135891949	XM_065419634.1#LOC135891949
LOC135891624	XM_065419234.1#LOC135891624
LOC135891950	XM_065419635.1#LOC135891950
LOC135891952	XM_065419637.1#LOC135891952
LOC135891953	XM_065419638.1#LOC135891953
LOC135891954	XM_065419639.1#LOC135891954
LOC135891956	XM_065419640.1#LOC135891956
LOC135892067	XM_065419757.1#LOC135892067
NDUFB7	XM_065419466.1#NDUFB7
TECR	XM_065419396.1#TECR
TECR	XM_065419395.1#TECR
DNAJB1	XM_065419200.1#DNAJB1
GIPC1	XM_065419449.1#GIPC1
PTGER1	XM_065419756.1#PTGER1
LOC135891527	XM_065419077.1#LOC135891527
C19H19orf67	XM_065419641.1#C19H19orf67
PKN1	XM_065419269.1#PKN1
DDX39A	XM_065419206.1#DDX39A
ADGRE5	XM_065419642.1#ADGRE5
LOC135891960	XM_065419643.1#LOC135891960
LOC135891961	XM_065419644.1#LOC135891961
LOC135891962	XM_065419645.1#LOC135891962
LOC135891963	XM_065419647.1#LOC135891963
ADGRL1	XM_065419654.1#ADGRL1
ADGRL1	XM_065419655.1#ADGRL1
ASF1B	XM_065419357.1#ASF1B
LOC135891850	XM_065419522.1#LOC135891850
LOC135891850	XM_065419523.1#LOC135891850
LOC135891964	XM_065419648.1#LOC135891964
HDAC7	XM_065419364.1#HDAC7
LOC135892028	XM_065419710.1#LOC135892028
SLC48A1	XM_065419341.1#SLC48A1
RAPGEF3	XM_065419649.1#RAPGEF3
LOC135891826	XM_065419496.1#LOC135891826
LOC135891966	XM_065419650.1#LOC135891966
MRO	XM_065419593.1#MRO
LOC135891905	XM_065419594.1#LOC135891905
ENDOU	XM_065419590.1#ENDOU
LOC135891968	XM_065419651.1#LOC135891968
ILVBL	XM_065419556.1#ILVBL
SYDE1	XM_065419719.1#SYDE1
PNPLA6	XM_065419652.1#PNPLA6
MCOLN1	XM_065419746.1#MCOLN1
LOC135891861	XM_065419535.1#LOC135891861
LOC135892048	XM_065419741.1#LOC135892048
LOC135892048	XM_065419740.1#LOC135892048
LOC135892048	XM_065419739.1#LOC135892048
LOC135892048	XM_065419738.1#LOC135892048
LOC135892048	XM_065419742.1#LOC135892048
AKAP8	XM_065419763.1#AKAP8
AKAP8	XM_065419764.1#AKAP8
AKAP8	XM_065419761.1#AKAP8
AKAP8	XM_065419760.1#AKAP8
AKAP8L	XM_065419183.1#AKAP8L
AKAP8L	XM_065419182.1#AKAP8L
AKAP8L	XM_065419184.1#AKAP8L
LOC135892051	XM_065419745.1#LOC135892051
WIZ	XM_065419737.1#WIZ
RASAL3	XM_065419743.1#RASAL3
PGLYRP2	XM_065419656.1#PGLYRP2
LOC135891975	XM_065419658.1#LOC135891975
LOC135891978	XM_065419659.1#LOC135891978
EPHX3	XM_065419660.1#EPHX3
LOC135891576	XM_065419160.1#LOC135891576
LOC135891576	XM_065419161.1#LOC135891576
LOC135891576	XM_065419159.1#LOC135891576
LOC135891576	XM_065419158.1#LOC135891576
LOC135891980	XM_065419662.1#LOC135891980
LOC135891575	XM_065419155.1#LOC135891575
LOC135891575	XM_065419156.1#LOC135891575
LOC135891575	XM_065419154.1#LOC135891575
LOC135891575	XM_065419153.1#LOC135891575
LOC135891982	XM_065419665.1#LOC135891982
LOC135891574	XM_065419150.1#LOC135891574
LOC135891574	XM_065419151.1#LOC135891574
LOC135891574	XM_065419149.1#LOC135891574
LOC135891574	XM_065419147.1#LOC135891574
LOC135891983	XM_065419666.1#LOC135891983
LOC135891579	XM_065419167.1#LOC135891579
LOC135891579	XM_065419166.1#LOC135891579
LOC135891579	XM_065419168.1#LOC135891579
LOC135891985	XM_065419667.1#LOC135891985
LOC135891583	XM_065419175.1#LOC135891583
LOC135891583	XM_065419176.1#LOC135891583
LOC135891583	XM_065419174.1#LOC135891583
LOC135891583	XM_065419173.1#LOC135891583
LOC135891625	XM_065419235.1#LOC135891625
CAMSAP3	XM_065419668.1#CAMSAP3
XAB2	XM_065419432.1#XAB2
LOC135891806	XM_065419472.1#LOC135891806
TRAPPC5	XM_065419120.1#TRAPPC5
LOC135891553	XM_065419119.1#LOC135891553
LOC135891549	XM_065419115.1#LOC135891549
RETN	XM_065419121.1#RETN
LOC135891558	XM_065419122.1#LOC135891558
LOC135891906	XM_065419596.1#LOC135891906
LOC135891546	XM_065419111.1#LOC135891546
LOC135891548	XM_065419114.1#LOC135891548
LOC135891551	XM_065419117.1#LOC135891551
LOC135891547	XM_065419113.1#LOC135891547
LOC135891907	XM_065419597.1#LOC135891907
LOC135891908	XM_065419598.1#LOC135891908
LOC135891550	XM_065419116.1#LOC135891550
LOC135891552	XM_065419118.1#LOC135891552
LOC135891911	XM_065419599.1#LOC135891911
LOC135891912	XM_065419600.1#LOC135891912
LOC135891990	XM_065419670.1#LOC135891990
EVI5L	XM_065419374.1#EVI5L
LOC135891759	XM_065419423.1#LOC135891759
MAP2K7	XM_065419424.1#MAP2K7
LOC135892005	XM_065419680.1#LOC135892005
LOC135891802	XM_065419467.1#LOC135891802
LOC135891772	XM_065419435.1#LOC135891772
LOC135891593	XM_065419197.1#LOC135891593
LOC135892080	XM_065419774.1#LOC135892080
LOC135891736	XM_065419375.1#LOC135891736
LOC135891991	XM_065419671.1#LOC135891991
LOC135891992	XM_065419672.1#LOC135891992
NEUROD4	XM_065419564.1#NEUROD4
PPP1R1A	XM_065419299.1#PPP1R1A
PDE1B	XM_065419298.1#PDE1B
NCKAP1L	XM_065419328.1#NCKAP1L
LOC135891993	XM_065419673.1#LOC135891993
LOC135891995	XM_065419674.1#LOC135891995
LOC135891916	XM_065419601.1#LOC135891916
LOC135891917	XM_065419602.1#LOC135891917
LOC135891918	XM_065419603.1#LOC135891918
LOC135891919	XM_065419605.1#LOC135891919
LOC135891999	XM_065419676.1#LOC135891999
LOC135892001	XM_065419678.1#LOC135892001
LOC135891832	XM_065419503.1#LOC135891832
LOC135892003	XM_065419679.1#LOC135892003
LOC135891599	XM_065419209.1#LOC135891599
LOC135891599	XM_065419210.1#LOC135891599
LOC135891599	XM_065419212.1#LOC135891599
LOC135891599	XM_065419211.1#LOC135891599
LOC135892006	XM_065419681.1#LOC135892006
LOC135891596	XM_065419202.1#LOC135891596
LOC135891596	XM_065419203.1#LOC135891596
LOC135891596	XM_065419205.1#LOC135891596
LOC135891596	XM_065419204.1#LOC135891596
LOC135892009	XM_065419682.1#LOC135892009
LOC135891651	XM_065419263.1#LOC135891651
LOC135891651	XM_065419265.1#LOC135891651
LOC135891651	XM_065419264.1#LOC135891651
LOC135891651	XM_065419267.1#LOC135891651
LOC135891651	XM_065419266.1#LOC135891651
LOC135892013	XM_065419686.1#LOC135892013
LOC135892014	XM_065419687.1#LOC135892014
LOC135891626	XM_065419236.1#LOC135891626
LOC135891695	XM_065419326.1#LOC135891695
LOC135891627	XM_065419237.1#LOC135891627
LOC135891696	XM_065419327.1#LOC135891696
ITGA5	XM_065419196.1#ITGA5
ZNF385A	XM_065419574.1#ZNF385A
GPR84	XM_065419792.1#GPR84
COPZ1	XM_065419367.1#COPZ1
LOC135891521	XM_065419070.1#LOC135891521
NFE2	XM_065419532.1#NFE2
NFE2	XM_065419533.1#NFE2
HNRNPA1	XM_065419735.1#HNRNPA1
HNRNPA1	XM_065419734.1#HNRNPA1
CBX5	XM_065419260.1#CBX5
CBX5	XM_065419261.1#CBX5
SMUG1	XM_065419713.1#SMUG1
LOC135892063	XM_065419753.1#LOC135892063
HOXC4	XM_065419358.1#HOXC4
HOXC5	XM_065419459.1#HOXC5
HOXC6	XM_065419366.1#HOXC6
HOXC8	XM_065419368.1#HOXC8
HOXC9	XM_065419430.1#HOXC9
HOXC10	XM_065419475.1#HOXC10
HOXC11	XM_065419547.1#HOXC11
HOXC12	XM_065419771.1#HOXC12
HOXC13	XM_065419545.1#HOXC13
CALCOCO1	XM_065419410.1#CALCOCO1
CALCOCO1	XM_065419409.1#CALCOCO1
CALCOCO1	XM_065419411.1#CALCOCO1
ATP5MC2	XM_065419187.1#ATP5MC2
ATP5MC2	XM_065419185.1#ATP5MC2
ATP5MC2	XM_065419186.1#ATP5MC2
LOC135891714	XM_065419351.1#LOC135891714
NPFF	XM_065419238.1#NPFF
TARBP2	XM_065419372.1#TARBP2
LOC135891734	XM_065419373.1#LOC135891734
MAP3K12	XM_065419461.1#MAP3K12
PCBP2	XM_065419388.1#PCBP2
PCBP2	XM_065419387.1#PCBP2
PCBP2	XM_065419385.1#PCBP2
PCBP2	XM_065419383.1#PCBP2
PCBP2	XM_065419381.1#PCBP2
PCBP2	XM_065419390.1#PCBP2
PCBP2	XM_065419382.1#PCBP2
PCBP2	XM_065419380.1#PCBP2
PCBP2	XM_065419378.1#PCBP2
PCBP2	XM_065419376.1#PCBP2
PCBP2	XM_065419389.1#PCBP2
PCBP2	XM_065419386.1#PCBP2
PCBP2	XM_065419379.1#PCBP2
PCBP2	XM_065419377.1#PCBP2
PRR13	XM_065419277.1#PRR13
AMHR2	XM_065419750.1#AMHR2
SP1	XM_065419049.1#SP1
SP1	XM_065419047.1#SP1
SP1	XM_065419048.1#SP1
SP7	XM_065419689.1#SP7
AAAS	XM_065419524.1#AAAS
LOC135892075	XM_065419768.1#LOC135892075
MYG1	XM_065419470.1#MYG1
MYG1	XM_065419471.1#MYG1
VDR	XM_065419492.1#VDR
TMEM106C	XM_065419339.1#TMEM106C
COL2A1	XM_065419333.1#COL2A1
COL2A1	XM_065419334.1#COL2A1
SENP1	XM_065419336.1#SENP1
PFKM	XM_065419335.1#PFKM
ASB8	XM_065419337.1#ASB8
ASB8	XM_065419338.1#ASB8
LOC135891629	XM_065419239.1#LOC135891629
LOC135891630	XM_065419241.1#LOC135891630
PFDN5	XM_065419417.1#PFDN5
ESPL1	XM_065419482.1#ESPL1
MFSD5	XM_065419527.1#MFSD5
LOC135891631	XM_065419242.1#LOC135891631
RARG	XM_065419219.1#RARG
ITGB7	XM_065419302.1#ITGB7
ITGB7	XM_065419303.1#ITGB7
ZNF740	XM_065419529.1#ZNF740
CSAD	XM_065419198.1#CSAD
SOAT2	XM_065419534.1#SOAT2
IGFBP6	XM_065419065.1#IGFBP6
SPRYD3	XM_065419610.1#SPRYD3
TNS2	XM_065419778.1#TNS2
EIF4B	XM_065419577.1#EIF4B
EIF4B	XM_065419576.1#EIF4B
EIF4B	XM_065419575.1#EIF4B
KRT18	XM_065419773.1#KRT18
KRT8	XM_065419568.1#KRT8
LOC135891769	XM_065419433.1#LOC135891769
LOC135891795	XM_065419458.1#LOC135891795
LOC135891791	XM_065419453.1#LOC135891791
LOC135891779	XM_065419442.1#LOC135891779
LOC135891758	XM_065419422.1#LOC135891758
LOC135891750	XM_065419408.1#LOC135891750
LOC135891862	XM_065419536.1#LOC135891862
LOC135891770	XM_065419434.1#LOC135891770
LOC135891569	XM_065419139.1#LOC135891569
LOC135891570	XM_065419140.1#LOC135891570
LOC135891571	XM_065419144.1#LOC135891571
LOC135891571	XM_065419143.1#LOC135891571
LOC135891873	XM_065419552.1#LOC135891873
KRT7	XM_065419546.1#KRT7
KRT80	XM_065419573.1#KRT80
BCDIN3D	XM_065419776.1#BCDIN3D
FAIM2	XM_065419257.1#FAIM2
LOC135891662	XM_065419278.1#LOC135891662
LOC135891671	XM_065419289.1#LOC135891671
LOC135891632	XM_065419243.1#LOC135891632
SLC4A8	XM_065419429.1#SLC4A8
GALNT6	XM_065419353.1#GALNT6
CELA1	XM_065419426.1#CELA1
BIN2	XM_065419510.1#BIN2
SMAGP	XM_065419766.1#SMAGP
DAZAP2	XM_065419042.1#DAZAP2
POU6F1	XM_065419567.1#POU6F1
TFCP2	XM_065419309.1#TFCP2
CSRNP2	XM_065419759.1#CSRNP2
LETMD1	XM_065419359.1#LETMD1
SLC11A2	XM_065419066.1#SLC11A2
HIGD1C	XM_065419069.1#HIGD1C
HIGD1C	XM_065419067.1#HIGD1C
HIGD1C	XM_065419068.1#HIGD1C
CTDSP2	XM_065419330.1#CTDSP2
AVIL	XM_065419207.1#AVIL
TSFM	XM_065419525.1#TSFM
EEF1AKMT3	XM_065419752.1#EEF1AKMT3
METTL1	XM_065419537.1#METTL1
LOC135891974	XM_065419657.1#LOC135891974
MARCHF9	XM_065419755.1#MARCHF9
CDK4	XM_065419419.1#CDK4
TSPAN31	XM_065419513.1#TSPAN31
LOC135892041	XM_065419723.1#LOC135892041
AGAP2	XM_065419394.1#AGAP2
LOC135892037	XM_065419718.1#LOC135892037
LOC135892036	XM_065419717.1#LOC135892036
OS9	XM_065419393.1#OS9
B4GALNT1	XM_065419518.1#B4GALNT1
LOC135892022	XM_065419704.1#LOC135892022
LOC135892076	XM_065419769.1#LOC135892076
ARHGEF25	XM_065419516.1#ARHGEF25
DTX3	XM_065419707.1#DTX3
PIP4K2C	XM_065419354.1#PIP4K2C
KIF5A	XM_065419255.1#KIF5A
DCTN2	XM_065419294.1#DCTN2
MBD6	XM_065419293.1#MBD6
DDIT3	XM_065419799.1#DDIT3
MARS1	XM_065419797.1#MARS1
ARHGAP9	XM_065419244.1#ARHGAP9
GLI1	XM_065419425.1#GLI1
LOC135891895	XM_065419582.1#LOC135891895
LOC135891874	XM_065419553.1#LOC135891874
R3HDM2	XM_065419064.1#R3HDM2
STAC3	XM_065419630.1#STAC3
NDUFA4L2	XM_065419779.1#NDUFA4L2
SHMT2	XM_065419440.1#SHMT2
NXPH4	XM_065419584.1#NXPH4
LRP1	XM_065419313.1#LRP1
STAT6	XM_065419272.1#STAT6
NAB2	XM_065419315.1#NAB2
NAB2	XM_065419314.1#NAB2
NEMP1	XM_065419316.1#NEMP1
MYO1A	XM_065419346.1#MYO1A
TAC3	XM_065419108.1#TAC3
ZBTB39	XM_065419794.1#ZBTB39
GPR182	XM_065419775.1#GPR182
LOC135891694	XM_065419317.1#LOC135891694
LOC135891713	XM_065419350.1#LOC135891713
LOC135891717	XM_065419355.1#LOC135891717
LOC135891717	XM_065419356.1#LOC135891717
PRIM1	XM_065419498.1#PRIM1
NACA	XM_065419133.1#NACA
NACA	XM_065419134.1#NACA
NACA	XM_065419136.1#NACA
NACA	XM_065419137.1#NACA
PTGES3	XM_065419125.1#PTGES3
ATP5F1B	XM_065419245.1#ATP5F1B
BAZ2A	XM_065419050.1#BAZ2A
RBMS2	XM_065419051.1#RBMS2
SPRYD4	XM_065419592.1#SPRYD4
LOC135891637	XM_065419246.1#LOC135891637
LOC135891607	XM_065419217.1#LOC135891607
TIMELESS	XM_065419446.1#TIMELESS
APOF	XM_065419248.1#APOF
STAT2	XM_065419249.1#STAT2
IL23A	XM_065419250.1#IL23A
PAN2	XM_065419216.1#PAN2
CNPY2	XM_065419452.1#CNPY2
CS	XM_065419218.1#CS
COQ10A	XM_065419565.1#COQ10A
ANKRD52	XM_065419138.1#ANKRD52
SLC39A5	XM_065419736.1#SLC39A5
NABP2	XM_065419675.1#NABP2
RNF41	XM_065419454.1#RNF41
PA2G4	XM_065419126.1#PA2G4
ERBB3	XM_065419747.1#ERBB3
RPS26	XM_065419282.1#RPS26
IKZF4	XM_065419291.1#IKZF4
IKZF4	XM_065419290.1#IKZF4
IKZF4	XM_065419292.1#IKZF4
SUOX	XM_065419767.1#SUOX
RAB5B	XM_065419348.1#RAB5B
RAB5B	XM_065419347.1#RAB5B
CDK2	XM_065419791.1#CDK2
CDK2	XM_065419789.1#CDK2
CDK2	XM_065419788.1#CDK2
CDK2	XM_065419787.1#CDK2
PMEL	XM_065419509.1#PMEL
DGKA	XM_065419109.1#DGKA
PYM1	XM_065419664.1#PYM1
PYM1	XM_065419663.1#PYM1
MMP19	XM_065419251.1#MMP19
DNAJC14	XM_065419589.1#DNAJC14
ORMDL2	XM_065419468.1#ORMDL2
ORMDL2	XM_065419469.1#ORMDL2
SARNP	XM_065419311.1#SARNP
SARNP	XM_065419312.1#SARNP
LOC135891642	XM_065419252.1#LOC135891642
GDF11	XM_065419427.1#GDF11
LOC135892078	XM_065419772.1#LOC135892078
CD63	XM_065419515.1#CD63
RDH5	XM_065419413.1#RDH5
BLOC1S1	XM_065419705.1#BLOC1S1
ITGA7	XM_065419110.1#ITGA7
MCRS1	XM_065419428.1#MCRS1
KCNH3	XM_065419345.1#KCNH3
SPATS2	XM_065419362.1#SPATS2
DNAJC22	XM_065419072.1#DNAJC22
C1QL4	XM_065419720.1#C1QL4
TROAP	XM_065419796.1#TROAP
PRPH	XM_065419162.1#PRPH
TUBA1C	XM_065419342.1#TUBA1C
LOC135891739	XM_065419391.1#LOC135891739
TUBA1B	XM_065419301.1#TUBA1B
LMBR1L	XM_065419300.1#LMBR1L
DHH	XM_065419528.1#DHH
RHEBL1	XM_065419724.1#RHEBL1
LOC135891643	XM_065419253.1#LOC135891643
LOC135891664	XM_065419279.1#LOC135891664
PRKAG1	XM_065419127.1#PRKAG1
DDN	XM_065419055.1#DDN
WNT1	XM_065419286.1#WNT1
WNT10B	XM_065419514.1#WNT10B
ARF3	XM_065419129.1#ARF3
ARF3	XM_065419130.1#ARF3
ARF3	XM_065419131.1#ARF3
FKBP11	XM_065419587.1#FKBP11
CCDC65	XM_065419749.1#CCDC65
RND1	XM_065419566.1#RND1
DDX23	XM_065419450.1#DDX23
CACNB3	XM_065419688.1#CACNB3
NCKAP5L	XM_065419758.1#NCKAP5L
TMBIM6	XM_065419793.1#TMBIM6
FMNL3	XM_065419270.1#FMNL3
PRPF40B	XM_065419215.1#PRPF40B
ATG101	XM_065419343.1#ATG101
ATG101	XM_065419344.1#ATG101
NR4A1	XM_065419483.1#NR4A1
TAMALIN	XM_065419486.1#TAMALIN
ACVR1B	XM_065419729.1#ACVR1B
ACVR1B	XM_065419727.1#ACVR1B
ACVR1B	XM_065419730.1#ACVR1B
ACVR1B	XM_065419728.1#ACVR1B
ACVR1B	XM_065419725.1#ACVR1B
ACVRL1	XM_065419484.1#ACVRL1
ANKRD33	XM_065419254.1#ANKRD33
FIGNL2	XM_065419708.1#FIGNL2
TMDD1	XM_065419132.1#TMDD1
SCN8A	XM_065419192.1#SCN8A
SCN8A	XM_065419193.1#SCN8A
SCN8A	XM_065419188.1#SCN8A
SCN8A	XM_065419190.1#SCN8A
SCN8A	XM_065419194.1#SCN8A
SCN8A	XM_065419189.1#SCN8A
LOC135891879	XM_065419560.1#LOC135891879
LOC135891898	XM_065419585.1#LOC135891898
TMPRSS12	XM_065419062.1#TMPRSS12
ATF1	XM_065419061.1#ATF1
ATF1	XM_065419059.1#ATF1
ATF1	XM_065419060.1#ATF1
DIP2B	XM_065419476.1#DIP2B
LARP4	XM_065419477.1#LARP4
LARP4	XM_065419479.1#LARP4
LARP4	XM_065419478.1#LARP4
LIMA1	XM_065419445.1#LIMA1
CERS5	XM_065419370.1#CERS5
CERS5	XM_065419369.1#CERS5
LOC135891877	XM_065419558.1#LOC135891877
LOC135891877	XM_065419557.1#LOC135891877
LOC135891877	XM_065419559.1#LOC135891877
GPD1	XM_065419481.1#GPD1
GPD1	XM_065419480.1#GPD1
SMARCD1	XM_065419297.1#SMARCD1
SMARCD1	XM_065419296.1#SMARCD1
ASIC1	XM_065419404.1#ASIC1
ASIC1	XM_065419406.1#ASIC1
ASIC1	XM_065419405.1#ASIC1
RACGAP1	XM_065419499.1#RACGAP1
AQP6	XM_065419448.1#AQP6
LOC135894923	XM_065422977.1#LOC135894923
LOC135894922	XM_065422976.1#LOC135894922
LOC135894920	XM_065422974.1#LOC135894920
LOC135894924	XM_065422978.1#LOC135894924
KHDC4	XM_065419878.1#KHDC4
RIT1	XM_065420035.1#RIT1
SYT11	XM_065420239.1#SYT11
LOC135892820	XM_065420616.1#LOC135892820
MSTO1	XM_065420062.1#MSTO1
MSTO1	XM_065420063.1#MSTO1
DAP3	XM_065420032.1#DAP3
DAP3	XM_065420031.1#DAP3
ASH1L	XM_065419824.1#ASH1L
RUSC1	XM_065420321.1#RUSC1
FDPS	XM_065420315.1#FDPS
PKLR	XM_065420046.1#PKLR
PKLR	XM_065420045.1#PKLR
PKLR	XM_065420047.1#PKLR
HCN3	XM_065420249.1#HCN3
CLK2	XM_065420519.1#CLK2
CLK2	XM_065420520.1#CLK2
CLK2	XM_065420515.1#CLK2
CLK2	XM_065420516.1#CLK2
CLK2	XM_065420517.1#CLK2
LOC135892579	XM_065420376.1#LOC135892579
SCAMP3	XM_065420377.1#SCAMP3
ENTREP3	XM_065420311.1#ENTREP3
GBA1	XM_065420200.1#GBA1
LOC135892443	XM_065420230.1#LOC135892443
MTX1	XM_065420173.1#MTX1
THBS3	XM_065420471.1#THBS3
LOC135892581	XM_065420378.1#LOC135892581
LOC135892582	XM_065420379.1#LOC135892582
TRIM46	XM_065420004.1#TRIM46
TRIM46	XM_065420003.1#TRIM46
TRIM46	XM_065420005.1#TRIM46
KRTCAP2	XM_065420006.1#KRTCAP2
DPM3	XM_065420279.1#DPM3
SLC50A1	XM_065420214.1#SLC50A1
EFNA1	XM_065420162.1#EFNA1
EFNA3	XM_065420440.1#EFNA3
EFNA4	XM_065420459.1#EFNA4
ADAM15	XM_065420040.1#ADAM15
DCST1	XM_065420382.1#DCST1
DCST2	XM_065420383.1#DCST2
ZBTB7B	XM_065420540.1#ZBTB7B
LOC135892520	XM_065420312.1#LOC135892520
FLAD1	XM_065420470.1#FLAD1
CKS1B	XM_065420274.1#CKS1B
SHC1	XM_065420011.1#SHC1
SHC1	XM_065420007.1#SHC1
SHC1	XM_065420008.1#SHC1
SHC1	XM_065420010.1#SHC1
SHC1	XM_065420009.1#SHC1
PYGO2	XM_065420205.1#PYGO2
PBXIP1	XM_065420539.1#PBXIP1
PMVK	XM_065420144.1#PMVK
KCNN3	XM_065419829.1#KCNN3
KCNN3	XM_065419830.1#KCNN3
ADAR	XM_065420026.1#ADAR
CHRNB2	XM_065420034.1#CHRNB2
UBE2Q1	XM_065419997.1#UBE2Q1
TDRD10	XM_065420384.1#TDRD10
SHE	XM_065420561.1#SHE
IL6R	XM_065420509.1#IL6R
ATP8B2	XM_065420385.1#ATP8B2
HAX1	XM_065419864.1#HAX1
HAX1	XM_065419863.1#HAX1
LOC135892589	XM_065420386.1#LOC135892589
UBAP2L	XM_065419862.1#UBAP2L
UBAP2L	XM_065419861.1#UBAP2L
UBAP2L	XM_065419860.1#UBAP2L
UBAP2L	XM_065419859.1#UBAP2L
C20H1orf43	XM_065419874.1#C20H1orf43
CFAP141	XM_065419875.1#CFAP141
TPM3	XM_065419865.1#TPM3
TPM3	XM_065419867.1#TPM3
TPM3	XM_065419866.1#TPM3
TPM3	XM_065419869.1#TPM3
TPM3	XM_065419868.1#TPM3
TPM3	XM_065419870.1#TPM3
TPM3	XM_065419872.1#TPM3
NUP210L	XM_065419857.1#NUP210L
RPS27	XM_065419876.1#RPS27
RAB13	XM_065419877.1#RAB13
JTB	XM_065420605.1#JTB
CREB3L4	XM_065420477.1#CREB3L4
SLC39A1	XM_065420310.1#SLC39A1
CRTC2	XM_065419981.1#CRTC2
DENND4B	XM_065419821.1#DENND4B
GATAD2B	XM_065420491.1#GATAD2B
LOC135892808	XM_065420604.1#LOC135892808
SLC27A3	XM_065420237.1#SLC27A3
INTS3	XM_065420141.1#INTS3
NPR1	XM_065420253.1#NPR1
ILF2	XM_065420050.1#ILF2
SNAPIN	XM_065420294.1#SNAPIN
LOC135892318	XM_065420038.1#LOC135892318
CHTOP	XM_065420025.1#CHTOP
CHTOP	XM_065420024.1#CHTOP
S100A1	XM_065420352.1#S100A1
S100A13	XM_065420599.1#S100A13
S100A14	XM_065420623.1#S100A14
S100A16	XM_065419828.1#S100A16
LOC135892583	XM_065420380.1#LOC135892583
LOC135892583	XM_065420381.1#LOC135892583
LOC135892186	XM_065419898.1#LOC135892186
LOC135892185	XM_065419897.1#LOC135892185
LOC135892184	XM_065419896.1#LOC135892184
LOC135892342	XM_065420068.1#LOC135892342
LOC135892437	XM_065420219.1#LOC135892437
LOC135892425	XM_065420202.1#LOC135892425
LOC135892590	XM_065420388.1#LOC135892590
LOC135892592	XM_065420390.1#LOC135892592
LOC135892181	XM_065419892.1#LOC135892181
LOC135892412	XM_065420190.1#LOC135892412
LOC135892421	XM_065420199.1#LOC135892421
LOC135892838	XM_065420632.1#LOC135892838
LOC135892837	XM_065420631.1#LOC135892837
LOC135892401	XM_065420176.1#LOC135892401
LOC135892394	XM_065420165.1#LOC135892394
LOC135892397	XM_065420170.1#LOC135892397
LOC135892395	XM_065420167.1#LOC135892395
LOC135892740	XM_065420537.1#LOC135892740
LOC135892739	XM_065420535.1#LOC135892739
LOC135892738	XM_065420534.1#LOC135892738
LOC135892741	XM_065420538.1#LOC135892741
LOC135892682	XM_065420474.1#LOC135892682
LOC135892628	XM_065420426.1#LOC135892628
LOC135892701	XM_065420492.1#LOC135892701
LOC135892632	XM_065420429.1#LOC135892632
LOC135892631	XM_065420428.1#LOC135892631
LOC135892767	XM_065420562.1#LOC135892767
LOC135892688	XM_065420479.1#LOC135892688
LOC135892695	XM_065420485.1#LOC135892695
LOC135892693	XM_065420484.1#LOC135892693
LOC135892655	XM_065420450.1#LOC135892655
LOC135892650	XM_065420444.1#LOC135892650
LOC135892696	XM_065420486.1#LOC135892696
LOC135892593	XM_065420391.1#LOC135892593
LOC135892594	XM_065420392.1#LOC135892594
LOC135892595	XM_065420393.1#LOC135892595
LOC135892598	XM_065420394.1#LOC135892598
LOC135892599	XM_065420395.1#LOC135892599
S100A11	XM_065420300.1#S100A11
COPA	XM_065420073.1#COPA
NCSTN	XM_065420048.1#NCSTN
NCSTN	XM_065420049.1#NCSTN
NHLH1	XM_065420524.1#NHLH1
VANGL2	XM_065420399.1#VANGL2
VANGL2	XM_065420400.1#VANGL2
LOC135892391	XM_065420161.1#LOC135892391
LOC135892390	XM_065420160.1#LOC135892390
LOC135892602	XM_065420401.1#LOC135892602
LOC135892643	XM_065420439.1#LOC135892643
LOC135892690	XM_065420481.1#LOC135892690
LOC135892604	XM_065420403.1#LOC135892604
KIRREL1	XM_065420277.1#KIRREL1
LOC135892532	XM_065420324.1#LOC135892532
LOC135892834	XM_065420629.1#LOC135892834
LOC135892108	XM_065419804.1#LOC135892108
LOC135892478	XM_065420268.1#LOC135892478
LOC135892605	XM_065420404.1#LOC135892605
ARHGEF11	XM_065420405.1#ARHGEF11
LRRC71	XM_065420513.1#LRRC71
PEAR1	XM_065420192.1#PEAR1
NTRK1	XM_065420077.1#NTRK1
INSRR	XM_065420019.1#INSRR
LOC135892457	XM_065420248.1#LOC135892457
PRCC	XM_065420135.1#PRCC
HDGF	XM_065419992.1#HDGF
MRPL24	XM_065420154.1#MRPL24
METTL25B	XM_065420460.1#METTL25B
ISG20L2	XM_065420336.1#ISG20L2
CRABP2	XM_065420448.1#CRABP2
LOC135892393	XM_065420164.1#LOC135892393
LOC135892393	XM_065420163.1#LOC135892393
NES	XM_065420530.1#NES
BCAN	XM_065420406.1#BCAN
HAPLN2	XM_065420407.1#HAPLN2
RHBG	XM_065420193.1#RHBG
MEF2D	XM_065419815.1#MEF2D
IQGAP3	XM_065419995.1#IQGAP3
TTC24	XM_065419806.1#TTC24
NAXE	XM_065420066.1#NAXE
LOC135892340	XM_065420065.1#LOC135892340
UBQLN4	XM_065420610.1#UBQLN4
LAMTOR2	XM_065420269.1#LAMTOR2
RAB25	XM_065420156.1#RAB25
LOC135892610	XM_065420408.1#LOC135892610
MEX3A	XM_065420514.1#MEX3A
LMNA	XM_065420029.1#LMNA
LOC135892312	XM_065420030.1#LOC135892312
SEMA4A	XM_065420265.1#SEMA4A
SLC25A44	XM_065420210.1#SLC25A44
PMF1	XM_065420260.1#PMF1
BGLAP	XM_065420618.1#BGLAP
PAQR6	XM_065420313.1#PAQR6
SMG5	XM_065420635.1#SMG5
TMEM79	XM_065419827.1#TMEM79
GLMP	XM_065420525.1#GLMP
CCT3	XM_065419843.1#CCT3
TSACC	XM_065420475.1#TSACC
SSR2	XM_065420072.1#SSR2
ARHGEF2	XM_065420137.1#ARHGEF2
LOC135892611	XM_065420409.1#LOC135892611
RXFP4	XM_065420546.1#RXFP4
ANKRD35	XM_065420344.1#ANKRD35
PIAS3	XM_065419840.1#PIAS3
PIAS3	XM_065419839.1#PIAS3
NUDT17	XM_065420244.1#NUDT17
POLR3C	XM_065420238.1#POLR3C
RNF115	XM_065420227.1#RNF115
ITGA10	XM_065420410.1#ITGA10
LOC135892797	XM_065420593.1#LOC135892797
LOC135892827	XM_065420621.1#LOC135892827
LOC135892613	XM_065420411.1#LOC135892613
PEX11B	XM_065420061.1#PEX11B
PEX11B	XM_065420060.1#PEX11B
LIX1L	XM_065420084.1#LIX1L
RBM8A	XM_065420139.1#RBM8A
LOC135892600	XM_065420396.1#LOC135892600
ANKRD34A	XM_065420528.1#ANKRD34A
POLR3GL	XM_065420504.1#POLR3GL
POLR3GL	XM_065420505.1#POLR3GL
TXNIP	XM_065420177.1#TXNIP
HJV	XM_065420278.1#HJV
LOC135892716	XM_065420510.1#LOC135892716
LOC135892444	XM_065420233.1#LOC135892444
LOC135892444	XM_065420232.1#LOC135892444
BOLA1	XM_065420211.1#BOLA1
SV2A	XM_065420243.1#SV2A
SF3B4	XM_065420251.1#SF3B4
MTMR11	XM_065420288.1#MTMR11
OTUD7B	XM_065420255.1#OTUD7B
VPS45	XM_065420020.1#VPS45
PLEKHO1	XM_065420501.1#PLEKHO1
PLEKHO1	XM_065420502.1#PLEKHO1
ANP32E	XM_065420335.1#ANP32E
ANP32E	XM_065420330.1#ANP32E
ANP32E	XM_065420331.1#ANP32E
ANP32E	XM_065420333.1#ANP32E
ANP32E	XM_065420334.1#ANP32E
ANP32E	XM_065420332.1#ANP32E
LOC135892614	XM_065420412.1#LOC135892614
LOC135892140	XM_065419835.1#LOC135892140
LOC135892617	XM_065420415.1#LOC135892617
LOC135892330	XM_065420052.1#LOC135892330
LOC135892619	XM_065420416.1#LOC135892619
LOC135892620	XM_065420417.1#LOC135892620
LOC135892335	XM_065420058.1#LOC135892335
LOC135892336	XM_065420059.1#LOC135892336
LOC135892621	XM_065420418.1#LOC135892621
LOC135892332	XM_065420054.1#LOC135892332
LOC135892286	XM_065419994.1#LOC135892286
LOC135892334	XM_065420057.1#LOC135892334
LOC135892331	XM_065420053.1#LOC135892331
LOC135892333	XM_065420056.1#LOC135892333
LOC135892623	XM_065420421.1#LOC135892623
LOC135892624	XM_065420422.1#LOC135892624
APH1A	XM_065420171.1#APH1A
CA14	XM_065420527.1#CA14
CIART	XM_065420512.1#CIART
MRPS21	XM_065420150.1#MRPS21
PRPF3	XM_065420017.1#PRPF3
PRPF3	XM_065420018.1#PRPF3
RPRD2	XM_065420142.1#RPRD2
RPRD2	XM_065420143.1#RPRD2
TARS2	XM_065419890.1#TARS2
ECM1	XM_065420242.1#ECM1
ADAMTSL4	XM_065420423.1#ADAMTSL4
MCL1	XM_065419816.1#MCL1
ENSA	XM_065420070.1#ENSA
LOC135892626	XM_065420424.1#LOC135892626
GOLPH3L	XM_065420223.1#GOLPH3L
HORMAD1	XM_065420375.1#HORMAD1
LOC135892328	XM_065420051.1#LOC135892328
LOC135892283	XM_065419991.1#LOC135892283
LOC135892283	XM_065419990.1#LOC135892283
LOC135892169	XM_065419879.1#LOC135892169
LOC135892279	XM_065419980.1#LOC135892279
LOC135892289	XM_065419996.1#LOC135892289
LOC135892298	XM_065420012.1#LOC135892298
LOC135892183	XM_065419894.1#LOC135892183
ARNT	XM_065419851.1#ARNT
ARNT	XM_065419850.1#ARNT
CTXND2	XM_065419803.1#CTXND2
SETDB1	XM_065420002.1#SETDB1
CERS2	XM_065419819.1#CERS2
CERS2	XM_065419818.1#CERS2
ANXA9	XM_065420355.1#ANXA9
MINDY1	XM_065420181.1#MINDY1
PRUNE1	XM_065420503.1#PRUNE1
BNIPL	XM_065420250.1#BNIPL
CDC42SE1	XM_065420264.1#CDC42SE1
CDC42SE1	XM_065420262.1#CDC42SE1
MLLT11	XM_065419800.1#MLLT11
LOC135892177	XM_065419889.1#LOC135892177
S100A10	XM_065420318.1#S100A10
LOC135892801	XM_065420595.1#LOC135892801
C2CD4D	XM_065420624.1#C2CD4D
RORC	XM_065420148.1#RORC
LINGO4	XM_065420337.1#LINGO4
LOC135892150	XM_065419847.1#LOC135892150
TDRKH	XM_065420339.1#TDRKH
OAZ3	XM_065420532.1#OAZ3
MRPL9	XM_065420425.1#MRPL9
RIIAD1	XM_065419856.1#RIIAD1
CELF3	XM_065420098.1#CELF3
CELF3	XM_065420117.1#CELF3
CELF3	XM_065420092.1#CELF3
CELF3	XM_065420118.1#CELF3
CELF3	XM_065420101.1#CELF3
CELF3	XM_065420121.1#CELF3
CELF3	XM_065420099.1#CELF3
CELF3	XM_065420120.1#CELF3
CELF3	XM_065420122.1#CELF3
CELF3	XM_065420104.1#CELF3
CELF3	XM_065420093.1#CELF3
CELF3	XM_065420123.1#CELF3
CELF3	XM_065420124.1#CELF3
CELF3	XM_065420095.1#CELF3
CELF3	XM_065420108.1#CELF3
CELF3	XM_065420127.1#CELF3
CELF3	XM_065420116.1#CELF3
CELF3	XM_065420132.1#CELF3
CELF3	XM_065420107.1#CELF3
CELF3	XM_065420126.1#CELF3
CELF3	XM_065420129.1#CELF3
CELF3	XM_065420113.1#CELF3
CELF3	XM_065420094.1#CELF3
CELF3	XM_065420106.1#CELF3
CELF3	XM_065420125.1#CELF3
CELF3	XM_065420128.1#CELF3
CELF3	XM_065420096.1#CELF3
CELF3	XM_065420112.1#CELF3
CELF3	XM_065420131.1#CELF3
CELF3	XM_065420109.1#CELF3
CELF3	XM_065420130.1#CELF3
CELF3	XM_065420097.1#CELF3
CELF3	XM_065420115.1#CELF3
CELF3	XM_065420133.1#CELF3
SNX27	XM_065420075.1#SNX27
SNX27	XM_065420074.1#SNX27
TUFT1	XM_065420270.1#TUFT1
CGN	XM_065420245.1#CGN
PSMB4	XM_065420184.1#PSMB4
POGZ	XM_065420015.1#POGZ
SELENBP1	XM_065420145.1#SELENBP1
RFX5	XM_065420266.1#RFX5
PI4KB	XM_065419844.1#PI4KB
LOC135892630	XM_065420427.1#LOC135892630
ZNF687	XM_065420086.1#ZNF687
PSMD4	XM_065420039.1#PSMD4
PIP5K1A	XM_065419849.1#PIP5K1A
VPS72	XM_065420180.1#VPS72
TMOD4	XM_065419855.1#TMOD4
TMOD4	XM_065419854.1#TMOD4
SCNM1	XM_065420301.1#SCNM1
LYSMD1	XM_065420286.1#LYSMD1
TNFAIP8L2	XM_065420281.1#TNFAIP8L2
SEMA6C	XM_065420147.1#SEMA6C
LOC135892717	XM_065420511.1#LOC135892717
GABPB2	XM_065420169.1#GABPB2
GABPB2	XM_065420168.1#GABPB2
LOC135892633	XM_065420431.1#LOC135892633
DEDD	XM_065420036.1#DEDD
NIT1	XM_065420258.1#NIT1
PFDN2	XM_065420240.1#PFDN2
KLHDC9	XM_065420558.1#KLHDC9
LOC135892371	XM_065420138.1#LOC135892371
LOC135892723	XM_065420521.1#LOC135892723
NECTIN4	XM_065420432.1#NECTIN4
ARHGAP30	XM_065420304.1#ARHGAP30
USF1	XM_065419985.1#USF1
USF1	XM_065419982.1#USF1
USF1	XM_065419986.1#USF1
USF1	XM_065419987.1#USF1
USF1	XM_065419983.1#USF1
USF1	XM_065419984.1#USF1
USF1	XM_065419989.1#USF1
LOC135892144	XM_065419841.1#LOC135892144
TSTD1	XM_065420340.1#TSTD1
TSTD1	XM_065420341.1#TSTD1
LOC135892305	XM_065420022.1#LOC135892305
LOC135892306	XM_065420023.1#LOC135892306
KCNJ10	XM_065420328.1#KCNJ10
KCNJ9	XM_065420152.1#KCNJ9
KCNJ9	XM_065420153.1#KCNJ9
IGSF8	XM_065420482.1#IGSF8
LOC135892170	XM_065419881.1#LOC135892170
LOC135892170	XM_065419880.1#LOC135892170
CASQ1	XM_065420191.1#CASQ1
PEA15	XM_065420533.1#PEA15
DCAF8	XM_065420559.1#DCAF8
PEX19	XM_065420560.1#PEX19
LOC135892821	XM_065420617.1#LOC135892821
LOC135892409	XM_065420186.1#LOC135892409
LOC135892408	XM_065420185.1#LOC135892408
LOC135892446	XM_065420236.1#LOC135892446
LOC135892436	XM_065420218.1#LOC135892436
LOC135892552	XM_065420354.1#LOC135892552
FCER1G	XM_065420222.1#FCER1G
FCER1G	XM_065420220.1#FCER1G
NDUFS2	XM_065420071.1#NDUFS2
ADAMTS4	XM_065420149.1#ADAMTS4
LOC135892831	XM_065420626.1#LOC135892831
B4GALT3	XM_065420027.1#B4GALT3
B4GALT3	XM_065420028.1#B4GALT3
PPOX	XM_065420224.1#PPOX
USP21	XM_065420246.1#USP21
UFC1	XM_065420001.1#UFC1
APOA2	XM_065419848.1#APOA2
TOMM40L	XM_065420282.1#TOMM40L
TOMM40L	XM_065420283.1#TOMM40L
TOMM40L	XM_065420284.1#TOMM40L
NR1I3	XM_065420151.1#NR1I3
PCP4L1	XM_065420433.1#PCP4L1
LOC135892636	XM_065420434.1#LOC135892636
MPZ	XM_065420435.1#MPZ
SDHC	XM_065420042.1#SDHC
LOC135892798	XM_065420594.1#LOC135892798
LOC135892189	XM_065419901.1#LOC135892189
LOC135892640	XM_065420436.1#LOC135892640
LOC135892818	XM_065420614.1#LOC135892818
SLAMF8	XM_065420611.1#SLAMF8
VSIG8	XM_065419837.1#VSIG8
CFAP45	XM_065420487.1#CFAP45
TAGLN2	XM_065419842.1#TAGLN2
IGSF9	XM_065420345.1#IGSF9
LOC135892542	XM_065420342.1#LOC135892542
LOC135892542	XM_065420343.1#LOC135892542
LOC135892641	XM_065420437.1#LOC135892641
LOC135892752	XM_065420550.1#LOC135892752
LOC135892642	XM_065420438.1#LOC135892642
LOC135892713	XM_065420507.1#LOC135892713
LOC135892712	XM_065420506.1#LOC135892712
LOC135892645	XM_065420441.1#LOC135892645
ACKR1	XM_065420442.1#ACKR1
CADM3	XM_065420443.1#CADM3
LOC135892651	XM_065420445.1#LOC135892651
LOC135892654	XM_065420449.1#LOC135892654
SCN1B	XM_065420490.1#SCN1B
GRAMD1A	XM_065420226.1#GRAMD1A
GRAMD1A	XM_065420225.1#GRAMD1A
PSMC4	XM_065419852.1#PSMC4
LOC135892657	XM_065420451.1#LOC135892657
HAUS5	XM_065420453.1#HAUS5
NFKBID	XM_065420454.1#NFKBID
NPHS1	XM_065420455.1#NPHS1
KIRREL2	XM_065420271.1#KIRREL2
APLP1	XM_065420607.1#APLP1
UPK1A	XM_065420483.1#UPK1A
ARHGAP33	XM_065420276.1#ARHGAP33
LIN37	XM_065420285.1#LIN37
HSPB6	XM_065420254.1#HSPB6
PSENEN	XM_065420201.1#PSENEN
KMT2B	XM_065419833.1#KMT2B
IGFLR1	XM_065419817.1#IGFLR1
U2AF1L4	XM_065420356.1#U2AF1L4
LOC135892556	XM_065420357.1#LOC135892556
FCGBP	XM_065420358.1#FCGBP
LOC135892558	XM_065420359.1#LOC135892558
LOC135892559	XM_065420361.1#LOC135892559
LOC135892661	XM_065420456.1#LOC135892661
LOC135892560	XM_065420362.1#LOC135892560
LOC135892561	XM_065420363.1#LOC135892561
LOC135892662	XM_065420457.1#LOC135892662
LOC135892783	XM_065420581.1#LOC135892783
LOC135892789	XM_065420588.1#LOC135892789
LOC135892785	XM_065420584.1#LOC135892785
LOC135892780	XM_065420578.1#LOC135892780
LOC135892668	XM_065420461.1#LOC135892668
LOC135892786	XM_065420585.1#LOC135892786
LOC135892781	XM_065420579.1#LOC135892781
LOC135892782	XM_065420580.1#LOC135892782
LOC135892670	XM_065420463.1#LOC135892670
LOC135892788	XM_065420587.1#LOC135892788
LOC135892787	XM_065420586.1#LOC135892787
LOC135892672	XM_065420466.1#LOC135892672
LOC135892778	XM_065420572.1#LOC135892778
LOC135892778	XM_065420576.1#LOC135892778
LOC135892193	XM_065419904.1#LOC135892193
LOC135892194	XM_065419906.1#LOC135892194
HPN	XM_065419907.1#HPN
LOC135892774	XM_065420570.1#LOC135892774
LOC135892773	XM_065420569.1#LOC135892773
LOC135892196	XM_065419908.1#LOC135892196
LOC135892197	XM_065419909.1#LOC135892197
LOC135892198	XM_065419910.1#LOC135892198
LOC135892199	XM_065419911.1#LOC135892199
LOC135892771	XM_065420568.1#LOC135892771
LOC135892771	XM_065420567.1#LOC135892771
FXYD1	XM_065420583.1#FXYD1
FXYD5	XM_065420577.1#FXYD5
LOC135892200	XM_065419912.1#LOC135892200
LOC135892777	XM_065420571.1#LOC135892777
LOC135892202	XM_065419914.1#LOC135892202
LOC135892203	XM_065419915.1#LOC135892203
LOC135892114	XM_065419809.1#LOC135892114
LOC135892388	XM_065420157.1#LOC135892388
RBM42	XM_065420323.1#RBM42
LOC135892205	XM_065419916.1#LOC135892205
LOC135892432	XM_065420212.1#LOC135892432
FBL	XM_065420257.1#FBL
LOC135892363	XM_065420091.1#LOC135892363
LOC135892207	XM_065419917.1#LOC135892207
LOC135892176	XM_065419888.1#LOC135892176
LOC135892173	XM_065419885.1#LOC135892173
LOC135892209	XM_065419918.1#LOC135892209
LOC135892210	XM_065419919.1#LOC135892210
LOC135892211	XM_065419920.1#LOC135892211
LOC135892174	XM_065419886.1#LOC135892174
LOC135892175	XM_065419887.1#LOC135892175
LOC135892172	XM_065419883.1#LOC135892172
LOC135892747	XM_065420545.1#LOC135892747
LOC135892473	XM_065420261.1#LOC135892473
LOC135892823	XM_065420619.1#LOC135892823
LOC135892301	XM_065420016.1#LOC135892301
LOC135892652	XM_065420447.1#LOC135892652
LOC135892833	XM_065420628.1#LOC135892833
LOC135892502	XM_065420293.1#LOC135892502
LOC135892516	XM_065420309.1#LOC135892516
LOC135892622	XM_065420420.1#LOC135892622
LOC135892756	XM_065420553.1#LOC135892756
LOC135892757	XM_065420554.1#LOC135892757
LOC135892757	XM_065420556.1#LOC135892757
LOC135892213	XM_065419922.1#LOC135892213
LOC135892755	XM_065420552.1#LOC135892755
LOC135892753	XM_065420551.1#LOC135892753
LOC135892429	XM_065420208.1#LOC135892429
CTU1	XM_065420347.1#CTU1
LOC135892410	XM_065420188.1#LOC135892410
TYROBP	XM_065420480.1#TYROBP
HCST	XM_065420078.1#HCST
LOC135892214	XM_065419923.1#LOC135892214
LOC135892215	XM_065419924.1#LOC135892215
LOC135892217	XM_065419925.1#LOC135892217
MAG	XM_065420298.1#MAG
MAG	XM_065420299.1#MAG
FAM187B	XM_065419926.1#FAM187B
LSR	XM_065420346.1#LSR
LOC135892732	XM_065420529.1#LOC135892732
TMEM147	XM_065420195.1#TMEM147
ATP4A	XM_065419899.1#ATP4A
LOC135892129	XM_065419823.1#LOC135892129
LOC135892793	XM_065420589.1#LOC135892793
LOC135892842	XM_065420636.1#LOC135892842
LOC135892220	XM_065419927.1#LOC135892220
LOC135892504	XM_065420295.1#LOC135892504
LOC135892504	XM_065420296.1#LOC135892504
LOC135892505	XM_065420297.1#LOC135892505
LOC135892685	XM_065420476.1#LOC135892685
LOC135892222	XM_065419929.1#LOC135892222
USF2	XM_065420041.1#USF2
HAMP	XM_065419801.1#HAMP
LOC135892224	XM_065419930.1#LOC135892224
LOC135892128	XM_065419822.1#LOC135892128
LOC135892680	XM_065420473.1#LOC135892680
LOC135892142	XM_065419838.1#LOC135892142
LOC135892225	XM_065419931.1#LOC135892225
LOC135892226	XM_065419932.1#LOC135892226
LOC135892179	XM_065419891.1#LOC135892179
LOC135892228	XM_065419933.1#LOC135892228
ETFB	XM_065420290.1#ETFB
VSIG10L	XM_065420289.1#VSIG10L
IGLON5	XM_065419934.1#IGLON5
LOC135892230	XM_065419935.1#LOC135892230
LOC135892231	XM_065419937.1#LOC135892231
LOC135892232	XM_065419938.1#LOC135892232
LOC135892233	XM_065419939.1#LOC135892233
LOC135892234	XM_065419941.1#LOC135892234
LOC135892235	XM_065419942.1#LOC135892235
LOC135892236	XM_065419943.1#LOC135892236
LOC135892237	XM_065419944.1#LOC135892237
LOC135892239	XM_065419945.1#LOC135892239
LOC135892240	XM_065419946.1#LOC135892240
LOC135892241	XM_065419947.1#LOC135892241
LOC135892242	XM_065419949.1#LOC135892242
PPP2R1A	XM_065419993.1#PPP2R1A
LOC135892812	XM_065420608.1#LOC135892812
LOC135892749	XM_065420547.1#LOC135892749
LOC135892795	XM_065420592.1#LOC135892795
LOC135892244	XM_065419950.1#LOC135892244
LOC135892751	XM_065420549.1#LOC135892751
LOC135892750	XM_065420548.1#LOC135892750
LOC135892745	XM_065420542.1#LOC135892745
LOC135892562	XM_065420364.1#LOC135892562
LOC135892564	XM_065420365.1#LOC135892564
LOC135892567	XM_065420366.1#LOC135892567
LOC135892119	XM_065419813.1#LOC135892119
LOC135892118	XM_065419812.1#LOC135892118
LOC135892570	XM_065420368.1#LOC135892570
LOC135892115	XM_065419810.1#LOC135892115
LOC135892571	XM_065420369.1#LOC135892571
LOC135892112	XM_065419808.1#LOC135892112
LOC135892572	XM_065420370.1#LOC135892572
LOC135892117	XM_065419811.1#LOC135892117
LOC135892836	XM_065420630.1#LOC135892836
LOC135892832	XM_065420627.1#LOC135892832
LOC135892362	XM_065420090.1#LOC135892362
LOC135892769	XM_065420565.1#LOC135892769
LOC135892411	XM_065420189.1#LOC135892411
LOC135892428	XM_065420207.1#LOC135892428
LOC135892428	XM_065420206.1#LOC135892428
LOC135892573	XM_065420371.1#LOC135892573
LOC135892419	XM_065420197.1#LOC135892419
LOC135892804	XM_065420598.1#LOC135892804
KCNN4	XM_065420372.1#KCNN4
SMG9	XM_065420306.1#SMG9
LOC135892389	XM_065420159.1#LOC135892389
LOC135892420	XM_065420198.1#LOC135892420
LOC135892353	XM_065420082.1#LOC135892353
LOC135892354	XM_065420083.1#LOC135892354
LOC135892814	XM_065420609.1#LOC135892814
LOC135892487	XM_065420275.1#LOC135892487
LOC135892467	XM_065420256.1#LOC135892467
LOC135892576	XM_065420373.1#LOC135892576
LOC135892616	XM_065420414.1#LOC135892616
LOC135892577	XM_065420374.1#LOC135892577
LOC135892369	XM_065420136.1#LOC135892369
LOC135892417	XM_065420196.1#LOC135892417
LOC135892744	XM_065420541.1#LOC135892744
LOC135892703	XM_065420494.1#LOC135892703
LOC135892528	XM_065420322.1#LOC135892528
LOC135892248	XM_065419951.1#LOC135892248
LOC135892470	XM_065420259.1#LOC135892470
LOC135892510	XM_065420302.1#LOC135892510
LOC135892291	XM_065419999.1#LOC135892291
LOC135892250	XM_065419952.1#LOC135892250
LOC135892251	XM_065419953.1#LOC135892251
LOC135892356	XM_065420085.1#LOC135892356
LOC135892155	XM_065419853.1#LOC135892155
LOC135892591	XM_065420389.1#LOC135892591
LOC135892400	XM_065420175.1#LOC135892400
LOC135892844	XM_065420638.1#LOC135892844
LOC135892846	XM_065420639.1#LOC135892846
LOC135892549	XM_065420351.1#LOC135892549
LOC135892253	XM_065419955.1#LOC135892253
LOC135892746	XM_065420543.1#LOC135892746
LOC135892254	XM_065419956.1#LOC135892254
LOC135892106	XM_065419802.1#LOC135892106
LOC135892514	XM_065420307.1#LOC135892514
LOC135892676	XM_065420469.1#LOC135892676
LOC135892548	XM_065420349.1#LOC135892548
LOC135892548	XM_065420348.1#LOC135892548
LOC135892526	XM_065420320.1#LOC135892526
LOC135892526	XM_065420319.1#LOC135892526
LOC135892768	XM_065420564.1#LOC135892768
LOC135892806	XM_065420602.1#LOC135892806
LOC135892724	XM_065420522.1#LOC135892724
LOC135892675	XM_065420467.1#LOC135892675
LOC135892698	XM_065420489.1#LOC135892698
LOC135892551	XM_065420353.1#LOC135892551
LOC135892149	XM_065419845.1#LOC135892149
LOC135892139	XM_065419834.1#LOC135892139
LOC135892256	XM_065419957.1#LOC135892256
LOC135892535	XM_065420329.1#LOC135892535
LOC135892125	XM_065419820.1#LOC135892125
LOC135892136	XM_065419832.1#LOC135892136
LOC135892131	XM_065419826.1#LOC135892131
LOC135892135	XM_065419831.1#LOC135892135
LOC135892192	XM_065419903.1#LOC135892192
LOC135892188	XM_065419900.1#LOC135892188
LOC135892485	XM_065420273.1#LOC135892485
PLAUR	XM_065419807.1#PLAUR
LYPD5	XM_065420566.1#LYPD5
LOC135892826	XM_065420620.1#LOC135892826
LOC135892758	XM_065420557.1#LOC135892758
LOC135892734	XM_065420531.1#LOC135892734
LOC135892702	XM_065420493.1#LOC135892702
PHLDB3	XM_065420603.1#PHLDB3
ETHE1	XM_065420458.1#ETHE1
LOC135892533	XM_065420326.1#LOC135892533
LOC135892533	XM_065420327.1#LOC135892533
XRCC1	XM_065420203.1#XRCC1
LOC135892343	XM_065420069.1#LOC135892343
LOC135892182	XM_065419893.1#LOC135892182
LOC135892258	XM_065419958.1#LOC135892258
LOC135892259	XM_065419959.1#LOC135892259
LOC135892190	XM_065419902.1#LOC135892190
LOC135892477	XM_065420267.1#LOC135892477
LOC135892445	XM_065420235.1#LOC135892445
ZNF576	XM_065419960.1#ZNF576
ZNF428	XM_065419961.1#ZNF428
LOC135892523	XM_065420316.1#LOC135892523
LOC135892524	XM_065420317.1#LOC135892524
LOC135892839	XM_065420634.1#LOC135892839
CADM4	XM_065419962.1#CADM4
RPS19	XM_065420089.1#RPS19
LOC135892264	XM_065419964.1#LOC135892264
LOC135892317	XM_065420037.1#LOC135892317
LOC135892817	XM_065420613.1#LOC135892817
LOC135892671	XM_065420464.1#LOC135892671
LOC135892725	XM_065420523.1#LOC135892725
LOC135892265	XM_065419965.1#LOC135892265
PAFAH1B3	XM_065420287.1#PAFAH1B3
CIC	XM_065420305.1#CIC
ERF	XM_065420413.1#ERF
GSK3A	XM_065419966.1#GSK3A
LOC135892267	XM_065419967.1#LOC135892267
DEDD2	XM_065420087.1#DEDD2
POU2F2	XM_065420080.1#POU2F2
MEGF8	XM_065419968.1#MEGF8
LOC135892269	XM_065419969.1#LOC135892269
LIPE	XM_065420179.1#LIPE
LOC135892270	XM_065419970.1#LOC135892270
LOC135892272	XM_065419972.1#LOC135892272
LOC135892273	XM_065419973.1#LOC135892273
LOC135892704	XM_065420497.1#LOC135892704
LOC135892707	XM_065420500.1#LOC135892707
LOC135892274	XM_065419974.1#LOC135892274
LOC135892275	XM_065419976.1#LOC135892275
LOC135892706	XM_065420499.1#LOC135892706
LOC135892705	XM_065420498.1#LOC135892705
LOC135892794	XM_065420590.1#LOC135892794
CEACAM19	XM_065419977.1#CEACAM19
BCL3	XM_065420637.1#BCL3
CBLC	XM_065419978.1#CBLC
BCAM	XM_065419979.1#BCAM
NECTIN2	XM_065420402.1#NECTIN2
TOMM40	XM_065420308.1#TOMM40
APOE	XM_065420606.1#APOE
APOC1	XM_065420615.1#APOC1
LOC135892434	XM_065420215.1#LOC135892434
LOC135892434	XM_065420216.1#LOC135892434
LOC135892435	XM_065420217.1#LOC135892435
LOC135892802	XM_065420597.1#LOC135892802
LOC135892802	XM_065420596.1#LOC135892802
LOC135892830	XM_065420625.1#LOC135892830
LOC135892728	XM_065420526.1#LOC135892728
LOC135893178	XM_065420976.1#LOC135893178
DHX34	XM_065420966.1#DHX34
LOC135893179	XM_065420977.1#LOC135893179
LOC135893241	XM_065421041.1#LOC135893241
INAFM1	XM_065420701.1#INAFM1
CCDC9	XM_065420994.1#CCDC9
SAE1	XM_065420929.1#SAE1
ZC3H4	XM_065420933.1#ZC3H4
LOC135893267	XM_065421069.1#LOC135893267
PPP1R14A	XM_065421018.1#PPP1R14A
SPINT2	XM_065421025.1#SPINT2
C21H19orf33	XM_065421028.1#C21H19orf33
SPTBN4	XM_065420992.1#SPTBN4
BLVRB	XM_065420676.1#BLVRB
LOC135892987	XM_065420770.1#LOC135892987
SERTAD1	XM_065420672.1#SERTAD1
PRX	XM_065421078.1#PRX
HIPK4	XM_065420714.1#HIPK4
PLD3	XM_065420718.1#PLD3
C21H19orf47	XM_065420738.1#C21H19orf47
C21H19orf47	XM_065420739.1#C21H19orf47
AKT2	XM_065420732.1#AKT2
AKT2	XM_065420734.1#AKT2
AKT2	XM_065420733.1#AKT2
CCNP	XM_065421079.1#CCNP
TTC9B	XM_065420751.1#TTC9B
MAP3K10	XM_065420713.1#MAP3K10
SIPA1L3	XM_065420712.1#SIPA1L3
DPF1	XM_065420740.1#DPF1
DPF1	XM_065420744.1#DPF1
DPF1	XM_065420742.1#DPF1
DPF1	XM_065420741.1#DPF1
NUMBL	XM_065420716.1#NUMBL
COQ8B	XM_065420715.1#COQ8B
ITPKC	XM_065421080.1#ITPKC
ACTMAP	XM_065420749.1#ACTMAP
SNRPA	XM_065420748.1#SNRPA
MIA	XM_065420754.1#MIA
RAB4B	XM_065420750.1#RAB4B
LOC135892955	XM_065420730.1#LOC135892955
LOC135892955	XM_065420731.1#LOC135892955
LOC135892952	XM_065420726.1#LOC135892952
LOC135892952	XM_065420725.1#LOC135892952
LOC135893281	XM_065421081.1#LOC135893281
LOC135892958	XM_065420737.1#LOC135892958
LOC135892957	XM_065420736.1#LOC135892957
LOC135892957	XM_065420735.1#LOC135892957
LOC135893283	XM_065421082.1#LOC135893283
LOC135892949	XM_065420720.1#LOC135892949
LOC135892949	XM_065420722.1#LOC135892949
LOC135892949	XM_065420721.1#LOC135892949
LOC135892950	XM_065420723.1#LOC135892950
LOC135892954	XM_065420728.1#LOC135892954
LOC135892951	XM_065420724.1#LOC135892951
LOC135892962	XM_065420746.1#LOC135892962
LOC135892970	XM_065420752.1#LOC135892970
LOC135892963	XM_065420747.1#LOC135892963
NOP53	XM_065421083.1#NOP53
EHD2	XM_065420719.1#EHD2
CAPN12	XM_065420778.1#CAPN12
BICRA	XM_065420806.1#BICRA
ZNF541	XM_065421042.1#ZNF541
LOC135893285	XM_065421084.1#LOC135893285
NAPA	XM_065420761.1#NAPA
KPTN	XM_065420993.1#KPTN
SLC8A2	XM_065420915.1#SLC8A2
SLC8A2	XM_065420918.1#SLC8A2
SLC8A2	XM_065420921.1#SLC8A2
SLC8A2	XM_065420919.1#SLC8A2
SLC8A2	XM_065420922.1#SLC8A2
SLC8A2	XM_065420920.1#SLC8A2
MEIS3	XM_065420756.1#MEIS3
MEIS3	XM_065420757.1#MEIS3
CATSPERG	XM_065421085.1#CATSPERG
PSMD8	XM_065420909.1#PSMD8
GGN	XM_065420710.1#GGN
SPRED3	XM_065420998.1#SPRED3
FAM98C	XM_065421086.1#FAM98C
RASGRP4	XM_065420803.1#RASGRP4
RYR1	XM_065420771.1#RYR1
RYR1	XM_065420772.1#RYR1
MAP4K1	XM_065421087.1#MAP4K1
EIF3K	XM_065420832.1#EIF3K
ACTN4	XM_065420938.1#ACTN4
ACTN4	XM_065420939.1#ACTN4
LGALS7	XM_065421088.1#LGALS7
LOC135893182	XM_065420980.1#LOC135893182
ECH1	XM_065420762.1#ECH1
HNRNPL	XM_065420702.1#HNRNPL
LOC135893039	XM_065420831.1#LOC135893039
LOC135893291	XM_065421089.1#LOC135893291
RINL	XM_065420782.1#RINL
SIRT2	XM_065420786.1#SIRT2
NFKBIB	XM_065420787.1#NFKBIB
LOC135893007	XM_065420792.1#LOC135893007
LOC135893004	XM_065420789.1#LOC135893004
CCER2	XM_065420788.1#CCER2
SARS2	XM_065420783.1#SARS2
MRPS12	XM_065420795.1#MRPS12
LOC135893292	XM_065421090.1#LOC135893292
LOC135893006	XM_065420791.1#LOC135893006
LOC135893005	XM_065420790.1#LOC135893005
ACP7	XM_065420784.1#ACP7
LOC135893166	XM_065420959.1#LOC135893166
LOC135893162	XM_065420956.1#LOC135893162
LOC135893163	XM_065420957.1#LOC135893163
PAK4	XM_065420911.1#PAK4
NCCRP1	XM_065420679.1#NCCRP1
SYCN	XM_065420669.1#SYCN
IFNL1	XM_065420800.1#IFNL1
LOC135893045	XM_065420839.1#LOC135893045
LOC135893186	XM_065420983.1#LOC135893186
LOC135893186	XM_065420984.1#LOC135893186
LRFN1	XM_065420961.1#LRFN1
GMFG	XM_065420943.1#GMFG
GMFG	XM_065420942.1#GMFG
SAMD4B	XM_065420944.1#SAMD4B
LOC135893219	XM_065421019.1#LOC135893219
PAF1	XM_065420949.1#PAF1
MED29	XM_065420924.1#MED29
ZFP36	XM_065421031.1#ZFP36
LOC135893293	XM_065421091.1#LOC135893293
LOC135893258	XM_065421059.1#LOC135893258
PLEKHG2	XM_065421030.1#PLEKHG2
LOC135893265	XM_065421067.1#LOC135893265
SUPT5H	XM_065421060.1#SUPT5H
TIMM50	XM_065420955.1#TIMM50
DLL3	XM_065420988.1#DLL3
CHP2	XM_065421047.1#CHP2
LOC135892973	XM_065420755.1#LOC135892973
LOC135893220	XM_065421020.1#LOC135893220
LOC135893221	XM_065421021.1#LOC135893221
LOC135893172	XM_065420967.1#LOC135893172
CAPNS1	XM_065420703.1#CAPNS1
LOC135893188	XM_065420987.1#LOC135893188
ALKBH6	XM_065421005.1#ALKBH6
CLIP3	XM_065421006.1#CLIP3
THAP8	XM_065421004.1#THAP8
WDR62	XM_065421003.1#WDR62
OVOL3	XM_065421093.1#OVOL3
POLR2I	XM_065421008.1#POLR2I
LOC135893212	XM_065421011.1#LOC135893212
TBCB	XM_065420763.1#TBCB
SDHAF1	XM_065420986.1#SDHAF1
LOC135893295	XM_065421094.1#LOC135893295
TMEM160	XM_065420997.1#TMEM160
NPAS1	XM_065420935.1#NPAS1
ARHGAP35	XM_065420799.1#ARHGAP35
AP2S1	XM_065420774.1#AP2S1
LOC135892905	XM_065420667.1#LOC135892905
LOC135892912	XM_065420673.1#LOC135892912
LOC135893296	XM_065421095.1#LOC135893296
LOC135892908	XM_065420670.1#LOC135892908
LOC135893142	XM_065420934.1#LOC135893142
FKRP	XM_065421052.1#FKRP
STRN4	XM_065420817.1#STRN4
PRKD2	XM_065420828.1#PRKD2
LOC135892915	XM_065420677.1#LOC135892915
DACT3	XM_065420668.1#DACT3
GNG8	XM_065420989.1#GNG8
PTGIR	XM_065420937.1#PTGIR
CALM3	XM_065421022.1#CALM3
CALM3	XM_065421023.1#CALM3
LOC135893297	XM_065421096.1#LOC135893297
PPP5C	XM_065420954.1#PPP5C
HIF3A	XM_065420808.1#HIF3A
SNRPD2	XM_065420780.1#SNRPD2
SNRPD2	XM_065420781.1#SNRPD2
LOC135892986	XM_065420769.1#LOC135892986
MEIOSIN	XM_065420768.1#MEIOSIN
SIX5	XM_065421097.1#SIX5
DMPK	XM_065421098.1#DMPK
DMWD	XM_065420950.1#DMWD
SYMPK	XM_065420777.1#SYMPK
SYMPK	XM_065420776.1#SYMPK
FOXA3	XM_065420981.1#FOXA3
IRF2BP1	XM_065420975.1#IRF2BP1
MYPOP	XM_065421068.1#MYPOP
NOVA2	XM_065420968.1#NOVA2
NOVA2	XM_065420969.1#NOVA2
NOVA2	XM_065420970.1#NOVA2
CCDC61	XM_065421038.1#CCDC61
PGLYRP1	XM_065421016.1#PGLYRP1
LOC135893300	XM_065421099.1#LOC135893300
LOC135893302	XM_065421100.1#LOC135893302
LOC135893303	XM_065421101.1#LOC135893303
LOC135893197	XM_065420995.1#LOC135893197
QPCTL	XM_065420946.1#QPCTL
FBXO46	XM_065420914.1#FBXO46
GIPR	XM_065420963.1#GIPR
EML2	XM_065421040.1#EML2
LOC135893217	XM_065421017.1#LOC135893217
OPA3	XM_065421061.1#OPA3
VASP	XM_065421102.1#VASP
PPM1N	XM_065420927.1#PPM1N
RTN2	XM_065420960.1#RTN2
LOC135893175	XM_065420972.1#LOC135893175
LOC135893305	XM_065421104.1#LOC135893305
EXOC3L2	XM_065420681.1#EXOC3L2
LOC135893270	XM_065421071.1#LOC135893270
LOC135893306	XM_065421105.1#LOC135893306
BLOC1S3	XM_065420695.1#BLOC1S3
BLOC1S3	XM_065420693.1#BLOC1S3
TRAPPC6A	XM_065420696.1#TRAPPC6A
TRAPPC6A	XM_065420697.1#TRAPPC6A
LOC135892928	XM_065420691.1#LOC135892928
LOC135892928	XM_065420690.1#LOC135892928
NKPD1	XM_065420683.1#NKPD1
LOC135893271	XM_065421072.1#LOC135893271
PPP1R37	XM_065420680.1#PPP1R37
LOC135893307	XM_065421106.1#LOC135893307
GEMIN7	XM_065420700.1#GEMIN7
GEMIN7	XM_065420698.1#GEMIN7
GEMIN7	XM_065420699.1#GEMIN7
CLASRP	XM_065420684.1#CLASRP
RELB	XM_065420685.1#RELB
CLPTM1	XM_065420682.1#CLPTM1
LOC135892925	XM_065420687.1#LOC135892925
ERCC1	XM_065420689.1#ERCC1
POLR1G	XM_065420692.1#POLR1G
LOC135893308	XM_065421107.1#LOC135893308
LOC135892926	XM_065420688.1#LOC135892926
LOC135893309	XM_065421108.1#LOC135893309
ADAD2	XM_065420666.1#ADAD2
SBK3	XM_065421033.1#SBK3
LOC135893310	XM_065421109.1#LOC135893310
SSC5D	XM_065421110.1#SSC5D
LOC135892872	XM_065420642.1#LOC135892872
NAT14	XM_065421066.1#NAT14
ZNF628	XM_065420643.1#ZNF628
LOC135892876	XM_065420644.1#LOC135892876
LIG1	XM_065420765.1#LIG1
ATF5	XM_065420766.1#ATF5
LOC135892877	XM_065420645.1#LOC135892877
LOC135892878	XM_065420646.1#LOC135892878
LOC135892880	XM_065420649.1#LOC135892880
LOC135892976	XM_065420759.1#LOC135892976
LOC135892881	XM_065420650.1#LOC135892881
LOC135892977	XM_065420760.1#LOC135892977
LOC135893011	XM_065420797.1#LOC135893011
LOC135892883	XM_065420652.1#LOC135892883
LOC135892884	XM_065420653.1#LOC135892884
LOC135892886	XM_065420654.1#LOC135892886
LOC135892887	XM_065420655.1#LOC135892887
LOC135892888	XM_065420656.1#LOC135892888
LOC135893256	XM_065421057.1#LOC135893256
LOC135893261	XM_065421063.1#LOC135893261
LOC135893263	XM_065421065.1#LOC135893263
LOC135893250	XM_065421051.1#LOC135893250
LOC135892894	XM_065420659.1#LOC135892894
LOC135892895	XM_065420660.1#LOC135892895
LOC135893180	XM_065420978.1#LOC135893180
LOC135893181	XM_065420979.1#LOC135893181
LOC135892910	XM_065420671.1#LOC135892910
LOC135892900	XM_065420661.1#LOC135892900
LOC135892901	XM_065420662.1#LOC135892901
LOC135893272	XM_065421074.1#LOC135893272
LOC135893244	XM_065421045.1#LOC135893244
LOC135893245	XM_065421046.1#LOC135893245
LOC135893047	XM_065420840.1#LOC135893047
LOC135893050	XM_065420841.1#LOC135893050
LOC135893053	XM_065420842.1#LOC135893053
LOC135893191	XM_065420990.1#LOC135893191
LOC135893019	XM_065420804.1#LOC135893019
LOC135893253	XM_065421053.1#LOC135893253
LOC135893254	XM_065421054.1#LOC135893254
LOC135893249	XM_065421050.1#LOC135893249
LOC135893273	XM_065421075.1#LOC135893273
LOC135893274	XM_065421076.1#LOC135893274
CHMP2A	XM_065420947.1#CHMP2A
UBE2M	XM_065420953.1#UBE2M
TRIM28	XM_065420928.1#TRIM28
LOC135893054	XM_065420843.1#LOC135893054
LOC135893055	XM_065420845.1#LOC135893055
ZBTB45	XM_065421049.1#ZBTB45
SLC27A5	XM_065420913.1#SLC27A5
LOC135893056	XM_065420846.1#LOC135893056
LOC135893057	XM_065420847.1#LOC135893057
LOC135893058	XM_065420848.1#LOC135893058
LOC135893059	XM_065420849.1#LOC135893059
LOC135893060	XM_065420850.1#LOC135893060
LOC135893026	XM_065420812.1#LOC135893026
LOC135893061	XM_065420851.1#LOC135893061
THAP7	XM_065420926.1#THAP7
LOC135893192	XM_065420991.1#LOC135893192
LOC135893027	XM_065420813.1#LOC135893027
LOC135893028	XM_065420815.1#LOC135893028
C21H19orf85	XM_065420816.1#C21H19orf85
LOC135893025	XM_065420811.1#LOC135893025
LOC135893063	XM_065420852.1#LOC135893063
EPN1	XM_065420810.1#EPN1
LOC135893023	XM_065420809.1#LOC135893023
U2AF2	XM_065420899.1#U2AF2
U2AF2	XM_065420898.1#U2AF2
CCDC106	XM_065420905.1#CCDC106
CCDC106	XM_065420904.1#CCDC106
LOC135893121	XM_065420907.1#LOC135893121
ZNF865	XM_065420853.1#ZNF865
FIZ1	XM_065420902.1#FIZ1
LOC135893115	XM_065420900.1#LOC135893115
LOC135893119	XM_065420903.1#LOC135893119
RPL18	XM_065420908.1#RPL18
SPHK2	XM_065420897.1#SPHK2
DBP	XM_065420901.1#DBP
LOC135893154	XM_065420948.1#LOC135893154
LOC135893215	XM_065421015.1#LOC135893215
IZUMO1	XM_065421032.1#IZUMO1
MAMSTR	XM_065420854.1#MAMSTR
LOC135893067	XM_065420856.1#LOC135893067
LOC135893068	XM_065420857.1#LOC135893068
LOC135893069	XM_065420858.1#LOC135893069
LOC135893275	XM_065421077.1#LOC135893275
LOC135893072	XM_065420859.1#LOC135893072
NDUFA3	XM_065420999.1#NDUFA3
TFPT	XM_065420958.1#TFPT
PRPF31	XM_065420773.1#PRPF31
CNOT3	XM_065420923.1#CNOT3
LENG1	XM_065421012.1#LENG1
TMC4	XM_065420895.1#TMC4
MBOAT7	XM_065420896.1#MBOAT7
TSEN34	XM_065421013.1#TSEN34
GRWD1	XM_065421010.1#GRWD1
GRIN2D	XM_065420779.1#GRIN2D
KDELR1	XM_065420767.1#KDELR1
SYNGR4	XM_065421064.1#SYNGR4
TMEM143	XM_065421034.1#TMEM143
EMP3	XM_065420973.1#EMP3
ODAD1	XM_065421058.1#ODAD1
MYADM	XM_065420925.1#MYADM
LOC135893075	XM_065420860.1#LOC135893075
PRKCG	XM_065420818.1#PRKCG
CACNG7	XM_065421035.1#CACNG7
CACNG8	XM_065421001.1#CACNG8
CACNG8	XM_065421002.1#CACNG8
CACNG6	XM_065420664.1#CACNG6
LOC135893076	XM_065420861.1#LOC135893076
LOC135893077	XM_065420862.1#LOC135893077
LOC135893078	XM_065420864.1#LOC135893078
LOC135893079	XM_065420865.1#LOC135893079
LOC135893080	XM_065420866.1#LOC135893080
LOC135893081	XM_065420867.1#LOC135893081
LOC135893082	XM_065420868.1#LOC135893082
LOC135893083	XM_065420869.1#LOC135893083
LOC135893037	XM_065420825.1#LOC135893037
LOC135893084	XM_065420870.1#LOC135893084
LOC135893086	XM_065420871.1#LOC135893086
LOC135893087	XM_065420872.1#LOC135893087
LOC135893088	XM_065420873.1#LOC135893088
KCNJ14	XM_065420821.1#KCNJ14
CYTH2	XM_065420823.1#CYTH2
CYTH2	XM_065420824.1#CYTH2
LOC135893089	XM_065420875.1#LOC135893089
LOC135893032	XM_065420819.1#LOC135893032
LOC135893033	XM_065420820.1#LOC135893033
LMTK3	XM_065420876.1#LMTK3
RPS9	XM_065420802.1#RPS9
RPS9	XM_065420801.1#RPS9
LOC135893269	XM_065421070.1#LOC135893269
LOC135893091	XM_065420877.1#LOC135893091
LOC135893092	XM_065420878.1#LOC135893092
LOC135893093	XM_065420879.1#LOC135893093
LOC135893094	XM_065420880.1#LOC135893094
LOC135893095	XM_065420881.1#LOC135893095
LOC135892940	XM_065420711.1#LOC135892940
LOC135893098	XM_065420882.1#LOC135893098
LOC135893099	XM_065420883.1#LOC135893099
TTYH1	XM_065420965.1#TTYH1
TTYH1	XM_065420964.1#TTYH1
LENG8	XM_065421009.1#LENG8
LENG9	XM_065420665.1#LENG9
CDC42EP5	XM_065421048.1#CDC42EP5
EPS8L1	XM_065421000.1#EPS8L1
PPP1R12C	XM_065420932.1#PPP1R12C
TNNT1	XM_065420708.1#TNNT1
TNNT1	XM_065420706.1#TNNT1
TNNT1	XM_065420707.1#TNNT1
TNNT1	XM_065420704.1#TNNT1
TNNT1	XM_065420709.1#TNNT1
LOC135893126	XM_065420912.1#LOC135893126
KMT5C	XM_065421029.1#KMT5C
TMEM150B	XM_065420885.1#TMEM150B
BRSK1	XM_065420886.1#BRSK1
HSPBP1	XM_065421024.1#HSPBP1
PPP6R1	XM_065420887.1#PPP6R1
TMEM86B	XM_065420675.1#TMEM86B
LOC135893226	XM_065421027.1#LOC135893226
DNAAF3	XM_065420888.1#DNAAF3
TNNI3	XM_065420951.1#TNNI3
LOC135893124	XM_065420910.1#LOC135893124
LOC135893043	XM_065420833.1#LOC135893043
LOC135893043	XM_065420834.1#LOC135893043
LOC135893044	XM_065420838.1#LOC135893044
LOC135893044	XM_065420836.1#LOC135893044
LOC135893044	XM_065420835.1#LOC135893044
FGF21	XM_065420648.1#FGF21
BCAT2	XM_065420931.1#BCAT2
HSD17B14	XM_065421056.1#HSD17B14
PLEKHA4	XM_065420889.1#PLEKHA4
NUCB1	XM_065420936.1#NUCB1
TULP2	XM_065420890.1#TULP2
LOC135893237	XM_065421037.1#LOC135893237
RPL13A	XM_065420657.1#RPL13A
LOC135893239	XM_065421039.1#LOC135893239
SLC17A7	XM_065420941.1#SLC17A7
PIH1D1	XM_065420891.1#PIH1D1
ALDH16A1	XM_065420982.1#ALDH16A1
LOC135893020	XM_065420805.1#LOC135893020
LOC135893110	XM_065420892.1#LOC135893110
LOC135893010	XM_065420796.1#LOC135893010
LOC135894955	XM_065423009.1#LOC135894955
LOC135894978	XM_065423032.1#LOC135894978
LOC135894981	XM_065423040.1#LOC135894981
LOC135894942	XM_065422995.1#LOC135894942
LOC135894928	XM_065422982.1#LOC135894928
MBD1	XM_065423028.1#MBD1
CXXC1	XM_065423013.1#CXXC1
CXXC1	XM_065423012.1#CXXC1
LOC135894953	XM_065423007.1#LOC135894953
LOC135894962	XM_065423016.1#LOC135894962
PTPN18	XM_065422984.1#PTPN18
IMP4	XM_065423020.1#IMP4
IMP4	XM_065423019.1#IMP4
IMP4	XM_065423021.1#IMP4
CCDC115	XM_065423030.1#CCDC115
LOC135894969	XM_065423023.1#LOC135894969
UBA1	XM_065422985.1#UBA1
LOC135894966	XM_065423018.1#LOC135894966
NDUFB11	XM_065423029.1#NDUFB11
RBM10	XM_065423008.1#RBM10
LOC135894960	XM_065423014.1#LOC135894960
CDK16	XM_065422980.1#CDK16
CDK16	XM_065422981.1#CDK16
USP11	XM_065423010.1#USP11
UXT	XM_065423026.1#UXT
ELK1	XM_065423025.1#ELK1
CFP	XM_065422986.1#CFP
ARAF	XM_065422987.1#ARAF
LOC135894934	XM_065422988.1#LOC135894934
LOC135894935	XM_065422989.1#LOC135894935
LOC135894937	XM_065422990.1#LOC135894937
LOC135894938	XM_065422991.1#LOC135894938
LOC135894925	XM_065422979.1#LOC135894925
LOC135894979	XM_065423038.1#LOC135894979
LOC135894979	XM_065423037.1#LOC135894979
LOC135894979	XM_065423036.1#LOC135894979
LOC135894979	XM_065423034.1#LOC135894979
LOC135894979	XM_065423035.1#LOC135894979
LOC135894979	XM_065423033.1#LOC135894979
TIMP1	XM_065423042.1#TIMP1
LOC135894939	XM_065422992.1#LOC135894939
LOC135894940	XM_065422994.1#LOC135894940
LOC135894943	XM_065422996.1#LOC135894943
LOC135894980	XM_065423039.1#LOC135894980
LOC135894961	XM_065423015.1#LOC135894961
LOC135894952	XM_065423006.1#LOC135894952
LOC135894957	XM_065423011.1#LOC135894957
LOC135894944	XM_065422997.1#LOC135894944
LOC135894950	XM_065423003.1#LOC135894950
LOC135894946	XM_065422999.1#LOC135894946
LOC135894949	XM_065423002.1#LOC135894949
LOC135894945	XM_065422998.1#LOC135894945
LOC135894948	XM_065423001.1#LOC135894948
LOC135894951	XM_065423005.1#LOC135894951
LOC135894968	XM_065423022.1#LOC135894968
JOSD2	XM_065423017.1#JOSD2
ASPDH	XM_065423041.1#ASPDH
LRRC4B	XM_065423027.1#LRRC4B
DNASE1L1	XM_065423050.1#DNASE1L1
TAFAZZIN	XM_065423045.1#TAFAZZIN
TAFAZZIN	XM_065423047.1#TAFAZZIN
ATP6AP1	XM_065423051.1#ATP6AP1
GDI1	XM_065423048.1#GDI1
GDI1	XM_065423049.1#GDI1
FAM50A	XM_065423044.1#FAM50A
CCDC22	XM_065423053.1#CCDC22
FAM120C	XM_065423067.1#FAM120C
PHF8	XM_065423056.1#PHF8
HUWE1	XM_065423058.1#HUWE1
LOC135895012	XM_065423059.1#LOC135895012
APEX2	XM_065423069.1#APEX2
RIBC1	XM_065423070.1#RIBC1
SMC1A	XM_065423066.1#SMC1A
IQSEC2	XM_065423060.1#IQSEC2
KDM5C	XM_065423061.1#KDM5C
EMD	XM_065423072.1#EMD
TREX2	XM_065423074.1#TREX2
TREX2	XM_065423073.1#TREX2
SYP	XM_065423071.1#SYP
TFE3	XM_065423055.1#TFE3
CCDC120	XM_065423062.1#CCDC120
PRAF2	XM_065423089.1#PRAF2
LOC135895016	XM_065423063.1#LOC135895016
FTSJ1	XM_065423087.1#FTSJ1
PORCN	XM_065423082.1#PORCN
PORCN	XM_065423081.1#PORCN
PORCN	XM_065423080.1#PORCN
PORCN	XM_065423078.1#PORCN
EBP	XM_065423085.1#EBP
TBC1D25	XM_065423075.1#TBC1D25
SLC38A5	XM_065423064.1#SLC38A5
WAS	XM_065423088.1#WAS
SUV39H1	XM_065423077.1#SUV39H1
WDR13	XM_065423084.1#WDR13
ZWINT	XM_065423065.1#ZWINT
LOC135895031	XM_065423076.1#LOC135895031
ABT1	XM_065423090.1#ABT1
LOC135895034	XM_065423083.1#LOC135895034
OTUD5	XM_065423111.1#OTUD5
PIM2	XM_065423110.1#PIM2
SLC35A2	XM_065423109.1#SLC35A2
PQBP1	XM_065423100.1#PQBP1
PQBP1	XM_065423099.1#PQBP1
TIMM17B	XM_065423107.1#TIMM17B
CDK20	XM_065423102.1#CDK20
CDK20	XM_065423104.1#CDK20
GATA1	XM_065423112.1#GATA1
HDAC6	XM_065423108.1#HDAC6
WDR45	XM_065423101.1#WDR45
PFKFB1	XM_065423095.1#PFKFB1
PFKFB1	XM_065423092.1#PFKFB1
PFKFB1	XM_065423094.1#PFKFB1
PFKFB1	XM_065423093.1#PFKFB1
PFKFB1	XM_065423096.1#PFKFB1
ITIH6	XM_065423114.1#ITIH6
GNL3L	XM_065423113.1#GNL3L
LOC135895057	XM_065423115.1#LOC135895057
LOC135895062	XM_065423121.1#LOC135895062
TKTL1	XM_065423120.1#TKTL1
LOC135895063	XM_065423122.1#LOC135895063
LOC135895060	XM_065423119.1#LOC135895060
MECP2	XM_065423116.1#MECP2
IRAK1	XM_065423123.1#IRAK1
TMEM187	XM_065423118.1#TMEM187
PRRG2	XM_065423124.1#PRRG2
PRR12	XM_065423131.1#PRR12
RRAS	XM_065423132.1#RRAS
IRF3	XM_065423130.1#IRF3
PRMT1	XM_065423133.1#PRMT1
PRMT1	XM_065423134.1#PRMT1
LOC135895069	XM_065423127.1#LOC135895069
LOC135895070	XM_065423129.1#LOC135895070
AKT1S1	XM_065423125.1#AKT1S1
TBC1D17	XM_065423126.1#TBC1D17
BGN	XM_065423135.1#BGN
ATP2B3	XM_065423138.1#ATP2B3
ATP2B3	XM_065423139.1#ATP2B3
ATP2B3	XM_065423141.1#ATP2B3
ATP2B3	XM_065423143.1#ATP2B3
ATP2B3	XM_065423148.1#ATP2B3
ATP2B3	XM_065423142.1#ATP2B3
ATP2B3	XM_065423144.1#ATP2B3
ATP2B3	XM_065423147.1#ATP2B3
ATP2B3	XM_065423149.1#ATP2B3
ATP2B3	XM_065423151.1#ATP2B3
ATP2B3	XM_065423146.1#ATP2B3
ATP2B3	XM_065423150.1#ATP2B3
CCNQ	XM_065423137.1#CCNQ
DUSP9	XM_065423136.1#DUSP9
HNRNPUL1	XM_065423152.1#HNRNPUL1
CCDC97	XM_065423154.1#CCDC97
CCDC97	XM_065423153.1#CCDC97
LOC135895084	XM_065423157.1#LOC135895084
LOC135895083	XM_065423156.1#LOC135895083
LOC135893323	XM_065421117.1#LOC135893323
HP1BP3	XM_065421204.1#HP1BP3
HP1BP3	XM_065421200.1#HP1BP3
HP1BP3	XM_065421201.1#HP1BP3
HP1BP3	XM_065421202.1#HP1BP3
HP1BP3	XM_065421198.1#HP1BP3
HP1BP3	XM_065421203.1#HP1BP3
HP1BP3	XM_065421199.1#HP1BP3
EIF4G3	XM_065421392.1#EIF4G3
EIF4G3	XM_065421390.1#EIF4G3
EIF4G3	XM_065421391.1#EIF4G3
ECE1	XM_065421253.1#ECE1
ALPL	XM_065421219.1#ALPL
LOC135893325	XM_065421118.1#LOC135893325
RAP1GAP	XM_065421442.1#RAP1GAP
RAP1GAP	XM_065421443.1#RAP1GAP
USP48	XM_065421156.1#USP48
LDLRAD2	XM_065421487.1#LDLRAD2
HSPG2	XM_065421119.1#HSPG2
CELA3B	XM_065421288.1#CELA3B
TMEM269	XM_065421430.1#TMEM269
TMEM269	XM_065421431.1#TMEM269
TMEM269	XM_065421432.1#TMEM269
SVBP	XM_065421415.1#SVBP
LOC135893415	XM_065421223.1#LOC135893415
TRIM62	XM_065421454.1#TRIM62
ZNF362	XM_065421331.1#ZNF362
PHC2	XM_065421280.1#PHC2
SLC2A1	XM_065421188.1#SLC2A1
ZMYND12	XM_065421428.1#ZMYND12
PPCS	XM_065421364.1#PPCS
CCDC30	XM_065421120.1#CCDC30
PPIH	XM_065421179.1#PPIH
YBX1	XM_065421160.1#YBX1
YBX1	XM_065421161.1#YBX1
YBX1	XM_065421162.1#YBX1
LOC135893328	XM_065421122.1#LOC135893328
CLDN19	XM_065421381.1#CLDN19
P3H1	XM_065421285.1#P3H1
C22H1orf50	XM_065421123.1#C22H1orf50
CDC42	XM_065421456.1#CDC42
CDC42	XM_065421457.1#CDC42
WNT4	XM_065421463.1#WNT4
ZBTB40	XM_065421380.1#ZBTB40
EPHA8	XM_065421258.1#EPHA8
C1QA	XM_065421124.1#C1QA
C1QC	XM_065421419.1#C1QC
C1QB	XM_065421422.1#C1QB
EPHB2	XM_065421228.1#EPHB2
LACTBL1	XM_065421158.1#LACTBL1
GUCA2A	XM_065421186.1#GUCA2A
LOC135893365	XM_065421159.1#LOC135893365
LOC135893331	XM_065421125.1#LOC135893331
LOC135893512	XM_065421345.1#LOC135893512
DDOST	XM_065421183.1#DDOST
DDI2	XM_065421405.1#DDI2
RSC1A1	XM_065421444.1#RSC1A1
PLEKHM2	XM_065421311.1#PLEKHM2
PLEKHM2	XM_065421312.1#PLEKHM2
SLC25A34	XM_065421460.1#SLC25A34
TMEM82	XM_065421466.1#TMEM82
FBLIM1	XM_065421350.1#FBLIM1
LOC135893423	XM_065421237.1#LOC135893423
LOC135893422	XM_065421236.1#LOC135893422
LOC135893422	XM_065421235.1#LOC135893422
ZBTB17	XM_065421126.1#ZBTB17
HSPB7	XM_065421410.1#HSPB7
HSPB7	XM_065421411.1#HSPB7
HSPB7	XM_065421412.1#HSPB7
HSPB7	XM_065421408.1#HSPB7
HSPB7	XM_065421409.1#HSPB7
HSPB7	XM_065421407.1#HSPB7
HSPB7	XM_065421406.1#HSPB7
LOC135893538	XM_065421378.1#LOC135893538
FAM131C	XM_065421465.1#FAM131C
EPHA2	XM_065421274.1#EPHA2
LOC135893333	XM_065421127.1#LOC135893333
ARHGEF19	XM_065421386.1#ARHGEF19
LOC135893490	XM_065421320.1#LOC135893490
CPLANE2	XM_065421321.1#CPLANE2
FBXO42	XM_065421245.1#FBXO42
SZRD1	XM_065421222.1#SZRD1
NECAP2	XM_065421232.1#NECAP2
CROCC	XM_065421128.1#CROCC
MFAP2	XM_065421174.1#MFAP2
ATP13A2	XM_065421129.1#ATP13A2
SDHB	XM_065421185.1#SDHB
LOC135893482	XM_065421310.1#LOC135893482
LOC135893499	XM_065421330.1#LOC135893499
LOC135893496	XM_065421327.1#LOC135893496
RCC2	XM_065421361.1#RCC2
ARHGEF10L	XM_065421255.1#ARHGEF10L
ARHGEF10L	XM_065421256.1#ARHGEF10L
ACTL8	XM_065421269.1#ACTL8
ACTL8	XM_065421271.1#ACTL8
ACTL8	XM_065421273.1#ACTL8
ACTL8	XM_065421272.1#ACTL8
IGSF21	XM_065421377.1#IGSF21
KLHDC7A	XM_065421476.1#KLHDC7A
PAX7	XM_065421247.1#PAX7
PAX7	XM_065421246.1#PAX7
PAX7	XM_065421248.1#PAX7
TAS1R2	XM_065421130.1#TAS1R2
ALDH4A1	XM_065421359.1#ALDH4A1
ALDH4A1	XM_065421360.1#ALDH4A1
IFFO2	XM_065421303.1#IFFO2
UBR4	XM_065421477.1#UBR4
EMC1	XM_065421184.1#EMC1
MRTO4	XM_065421340.1#MRTO4
AKR7A2	XM_065421317.1#AKR7A2
SLC66A1	XM_065421375.1#SLC66A1
SLC66A1	XM_065421376.1#SLC66A1
CAPZB	XM_065421169.1#CAPZB
MICOS10	XM_065421329.1#MICOS10
NBL1	XM_065421447.1#NBL1
HTR6	XM_065421482.1#HTR6
TMCO4	XM_065421384.1#TMCO4
RNF186	XM_065421208.1#RNF186
OTUD3	XM_065421357.1#OTUD3
LOC135893338	XM_065421131.1#LOC135893338
LOC135893449	XM_065421268.1#LOC135893449
LOC135893448	XM_065421267.1#LOC135893448
LOC135893447	XM_065421266.1#LOC135893447
LOC135893486	XM_065421316.1#LOC135893486
UBXN10	XM_065421470.1#UBXN10
LOC135893320	XM_065421114.1#LOC135893320
VWA5B1	XM_065421402.1#VWA5B1
CAMK2N1	XM_065421472.1#CAMK2N1
MUL1	XM_065421355.1#MUL1
FAM43B	XM_065421464.1#FAM43B
LOC135893470	XM_065421296.1#LOC135893470
CDA	XM_065421298.1#CDA
PINK1	XM_065421293.1#PINK1
AGMAT	XM_065421295.1#AGMAT
DNAJC16	XM_065421292.1#DNAJC16
CASP9	XM_065421294.1#CASP9
LOC135893471	XM_065421297.1#LOC135893471
LOC135893442	XM_065421261.1#LOC135893442
LOC135893444	XM_065421262.1#LOC135893444
EFHD2	XM_065421257.1#EFHD2
FHAD1	XM_065421400.1#FHAD1
TMEM51	XM_065421387.1#TMEM51
KAZN	XM_065421351.1#KAZN
PRDM2	XM_065421218.1#PRDM2
PDPN	XM_065421178.1#PDPN
LRRC38	XM_065421471.1#LRRC38
CFAP107	XM_065421133.1#CFAP107
LOC135893632	XM_065421486.1#LOC135893632
LOC135893340	XM_065421134.1#LOC135893340
LOC135893631	XM_065421485.1#LOC135893631
LOC135893341	XM_065421135.1#LOC135893341
DHRS3	XM_065421398.1#DHRS3
VPS13D	XM_065421413.1#VPS13D
TNFRSF1B	XM_065421455.1#TNFRSF1B
TNFRSF8	XM_065421136.1#TNFRSF8
MIIP	XM_065421213.1#MIIP
MFN2	XM_065421166.1#MFN2
MFN2	XM_065421165.1#MFN2
PLOD1	XM_065421286.1#PLOD1
KIAA2013	XM_065421229.1#KIAA2013
LOC135893319	XM_065421113.1#LOC135893319
LOC135893626	XM_065421480.1#LOC135893626
LOC135893577	XM_065421424.1#LOC135893577
LOC135893343	XM_065421137.1#LOC135893343
CLCN6	XM_065421284.1#CLCN6
CLCN6	XM_065421283.1#CLCN6
MTHFR	XM_065421304.1#MTHFR
AGTRAP	XM_065421275.1#AGTRAP
DRAXIN	XM_065421459.1#DRAXIN
MAD2L2	XM_065421287.1#MAD2L2
LOC135893416	XM_065421227.1#LOC135893416
LOC135893416	XM_065421224.1#LOC135893416
FBXO2	XM_065421367.1#FBXO2
DISP3	XM_065421404.1#DISP3
UBIAD1	XM_065421426.1#UBIAD1
MTOR	XM_065421433.1#MTOR
ANGPTL7	XM_065421423.1#ANGPTL7
EXOSC10	XM_065421250.1#EXOSC10
SRM	XM_065421302.1#SRM
LOC135893609	XM_065421461.1#LOC135893609
MASP2	XM_065421395.1#MASP2
TARDBP	XM_065421181.1#TARDBP
CASZ1	XM_065421369.1#CASZ1
PEX14	XM_065421403.1#PEX14
DFFA	XM_065421338.1#DFFA
CENPS	XM_065421339.1#CENPS
PGD	XM_065421335.1#PGD
PGD	XM_065421337.1#PGD
KIF1B	XM_065421333.1#KIF1B
KIF1B	XM_065421332.1#KIF1B
KIF1B	XM_065421334.1#KIF1B
UBE4B	XM_065421344.1#UBE4B
RBP7	XM_065421374.1#RBP7
NMNAT1	XM_065421291.1#NMNAT1
NMNAT1	XM_065421290.1#NMNAT1
LZIC	XM_065421305.1#LZIC
LZIC	XM_065421306.1#LZIC
LZIC	XM_065421307.1#LZIC
CTNNBIP1	XM_065421475.1#CTNNBIP1
CLSTN1	XM_065421474.1#CLSTN1
PIK3CD	XM_065421195.1#PIK3CD
TMEM201	XM_065421401.1#TMEM201
SLC25A33	XM_065421328.1#SLC25A33
SPSB1	XM_065421434.1#SPSB1
H6PD	XM_065421446.1#H6PD
GPR157	XM_065421458.1#GPR157
LOC135893532	XM_065421371.1#LOC135893532
CA6	XM_065421138.1#CA6
ENO1	XM_065421418.1#ENO1
RERE	XM_065421264.1#RERE
SAMD11	XM_065421263.1#SAMD11
NOC2L	XM_065421279.1#NOC2L
KLHL17	XM_065421233.1#KLHL17
PLEKHN1	XM_065421435.1#PLEKHN1
PERM1	XM_065421488.1#PERM1
HES4	XM_065421388.1#HES4
AGRN	XM_065421348.1#AGRN
LOC135893424	XM_065421238.1#LOC135893424
RNF223	XM_065421167.1#RNF223
C22H1orf159	XM_065421139.1#C22H1orf159
LOC135893347	XM_065421140.1#LOC135893347
TNFRSF18	XM_065421176.1#TNFRSF18
TNFRSF4	XM_065421187.1#TNFRSF4
SDF4	XM_065421180.1#SDF4
B3GALT6	XM_065421479.1#B3GALT6
C1QTNF12	XM_065421483.1#C1QTNF12
UBE2J2	XM_065421299.1#UBE2J2
SCNN1D	XM_065421356.1#SCNN1D
ACAP3	XM_065421141.1#ACAP3
PUSL1	XM_065421429.1#PUSL1
LOC135893556	XM_065421399.1#LOC135893556
INTS11	XM_065421240.1#INTS11
CPTP	XM_065421260.1#CPTP
TAS1R3	XM_065421142.1#TAS1R3
DVL1	XM_065421252.1#DVL1
DVL1	XM_065421251.1#DVL1
MXRA8	XM_065421144.1#MXRA8
AURKAIP1	XM_065421365.1#AURKAIP1
AURKAIP1	XM_065421366.1#AURKAIP1
LOC135893351	XM_065421145.1#LOC135893351
CCNL2	XM_065421468.1#CCNL2
CCNL2	XM_065421469.1#CCNL2
MRPL20	XM_065421372.1#MRPL20
ANKRD65	XM_065421146.1#ANKRD65
TMEM88B	XM_065421177.1#TMEM88B
VWA1	XM_065421147.1#VWA1
ATAD3A	XM_065421249.1#ATAD3A
TMEM240	XM_065421449.1#TMEM240
SSU72	XM_065421244.1#SSU72
FNDC10	XM_065421175.1#FNDC10
LOC135893597	XM_065421448.1#LOC135893597
LOC135893354	XM_065421148.1#LOC135893354
MIB2	XM_065421211.1#MIB2
MMP23B	XM_065421425.1#MMP23B
LOC135893485	XM_065421315.1#LOC135893485
SLC35E2B	XM_065421414.1#SLC35E2B
LOC135893398	XM_065421205.1#LOC135893398
LOC135893398	XM_065421206.1#LOC135893398
NADK	XM_065421220.1#NADK
GNB1	XM_065421172.1#GNB1
GNB1	XM_065421173.1#GNB1
CALML6	XM_065421445.1#CALML6
TMEM52	XM_065421451.1#TMEM52
CFAP74	XM_065421394.1#CFAP74
GABRD	XM_065421300.1#GABRD
PRKCZ	XM_065421210.1#PRKCZ
SKI	XM_065421343.1#SKI
MORN1	XM_065421149.1#MORN1
RER1	XM_065421239.1#RER1
PEX10	XM_065421281.1#PEX10
PLCH2	XM_065421346.1#PLCH2
LOC135893573	XM_065421421.1#LOC135893573
PANK4	XM_065421318.1#PANK4
HES5	XM_065421342.1#HES5
LOC135893507	XM_065421341.1#LOC135893507
LOC135893572	XM_065421420.1#LOC135893572
LOC135893440	XM_065421259.1#LOC135893440
LOC135893392	XM_065421193.1#LOC135893392
LOC135893392	XM_065421192.1#LOC135893392
PRXL2B	XM_065421379.1#PRXL2B
MMEL1	XM_065421362.1#MMEL1
MMEL1	XM_065421363.1#MMEL1
TTC34	XM_065421150.1#TTC34
LOC135893357	XM_065421152.1#LOC135893357
LOC135893454	XM_065421277.1#LOC135893454
LOC135893454	XM_065421276.1#LOC135893454
PRDM16	XM_065421282.1#PRDM16
ARHGEF16	XM_065421326.1#ARHGEF16
MEGF6	XM_065421373.1#MEGF6
TPRG1L	XM_065421216.1#TPRG1L
WRAP73	XM_065421215.1#WRAP73
TP73	XM_065421396.1#TP73
TP73	XM_065421397.1#TP73
LOC135893484	XM_065421314.1#LOC135893484
CCDC27	XM_065421164.1#CCDC27
SMIM1	XM_065421478.1#SMIM1
LRRC47	XM_065421325.1#LRRC47
CEP104	XM_065421389.1#CEP104
DFFB	XM_065421196.1#DFFB
C22H1orf174	XM_065421197.1#C22H1orf174
AJAP1	XM_065421153.1#AJAP1
NPHP4	XM_065421349.1#NPHP4
KCNAB2	XM_065421189.1#KCNAB2
KCNAB2	XM_065421190.1#KCNAB2
KCNAB2	XM_065421191.1#KCNAB2
CHD5	XM_065421467.1#CHD5
RPL22	XM_065421214.1#RPL22
RNF207	XM_065421436.1#RNF207
ICMT	XM_065421385.1#ICMT
HES3	XM_065421209.1#HES3
GPR153	XM_065421453.1#GPR153
ACOT7	XM_065421319.1#ACOT7
HES2	XM_065421481.1#HES2
LOC135893428	XM_065421243.1#LOC135893428
ESPN	XM_065421383.1#ESPN
LOC135893321	XM_065421115.1#LOC135893321
TNFRSF25	XM_065421452.1#TNFRSF25
PLEKHG5	XM_065421154.1#PLEKHG5
NOL9	XM_065421323.1#NOL9
TAS1R1	XM_065421417.1#TAS1R1
ZBTB48	XM_065421230.1#ZBTB48
ZBTB48	XM_065421231.1#ZBTB48
KLHL21	XM_065421438.1#KLHL21
KLHL21	XM_065421437.1#KLHL21
PHF13	XM_065421116.1#PHF13
THAP3	XM_065421441.1#THAP3
DNAJC11	XM_065421440.1#DNAJC11
CAMTA1	XM_065421212.1#CAMTA1
VAMP3	XM_065421157.1#VAMP3
PER3	XM_065421155.1#PER3
UTS2	XM_065421168.1#UTS2
TNFRSF9	XM_065421170.1#TNFRSF9
PARK7	XM_065421309.1#PARK7
PARK7	XM_065421308.1#PARK7
ERRFI1	XM_065421241.1#ERRFI1
SLC45A1	XM_065421368.1#SLC45A1
RHBDL2	XM_065421835.1#RHBDL2
GJA9	XM_065421689.1#GJA9
MYCBP	XM_065421679.1#MYCBP
RRAGC	XM_065421731.1#RRAGC
POU3F1	XM_065421763.1#POU3F1
UTP11	XM_065421631.1#UTP11
FHL3	XM_065421706.1#FHL3
SF3A3	XM_065421657.1#SF3A3
INPP5B	XM_065421636.1#INPP5B
INPP5B	XM_065421635.1#INPP5B
MTF1	XM_065421771.1#MTF1
YRDC	XM_065421723.1#YRDC
MANEAL	XM_065421592.1#MANEAL
MANEAL	XM_065421590.1#MANEAL
EPHA10	XM_065421623.1#EPHA10
EPHA10	XM_065421622.1#EPHA10
CDCA8	XM_065421625.1#CDCA8
AIRIM	XM_065421629.1#AIRIM
AIRIM	XM_065421627.1#AIRIM
AIRIM	XM_065421626.1#AIRIM
RSPO1	XM_065421798.1#RSPO1
RSPO1	XM_065421799.1#RSPO1
GNL2	XM_065421674.1#GNL2
DNALI1	XM_065421768.1#DNALI1
SNIP1	XM_065421739.1#SNIP1
MEAF6	XM_065421618.1#MEAF6
ZC3H12A	XM_065421772.1#ZC3H12A
GRIK3	XM_065421725.1#GRIK3
CSF3R	XM_065421818.1#CSF3R
MRPS15	XM_065421857.1#MRPS15
LOC135893896	XM_065421856.1#LOC135893896
OSCP1	XM_065421800.1#OSCP1
OSCP1	XM_065421801.1#OSCP1
LSM10	XM_065421750.1#LSM10
LSM10	XM_065421751.1#LSM10
STK40	XM_065421780.1#STK40
EVA1B	XM_065421854.1#EVA1B
SH3D21	XM_065421517.1#SH3D21
THRAP3	XM_065421885.1#THRAP3
THRAP3	XM_065421884.1#THRAP3
THRAP3	XM_065421882.1#THRAP3
THRAP3	XM_065421881.1#THRAP3
MAP7D1	XM_065421886.1#MAP7D1
LOC135893933	XM_065421902.1#LOC135893933
LOC135893762	XM_065421688.1#LOC135893762
LOC135893762	XM_065421685.1#LOC135893762
TRAPPC3	XM_065421522.1#TRAPPC3
COL8A2	XM_065421560.1#COL8A2
ADPRS	XM_065421561.1#ADPRS
TEKT2	XM_065421839.1#TEKT2
LOC135893680	XM_065421570.1#LOC135893680
LOC135893643	XM_065421495.1#LOC135893643
LOC135893643	XM_065421494.1#LOC135893643
LOC135893648	XM_065421504.1#LOC135893648
LOC135893648	XM_065421503.1#LOC135893648
CLSPN	XM_065421740.1#CLSPN
C23H1orf216	XM_065421913.1#C23H1orf216
PSMB2	XM_065421681.1#PSMB2
TFAP2E	XM_065421746.1#TFAP2E
NCDN	XM_065421843.1#NCDN
KIAA0319L	XM_065421562.1#KIAA0319L
LOC135893765	XM_065421694.1#LOC135893765
LOC135893765	XM_065421695.1#LOC135893765
LOC135893765	XM_065421696.1#LOC135893765
LOC135893918	XM_065421887.1#LOC135893918
LOC135893919	XM_065421888.1#LOC135893919
SFPQ	XM_065421572.1#SFPQ
SFPQ	XM_065421573.1#SFPQ
SFPQ	XM_065421571.1#SFPQ
TMEM35B	XM_065421655.1#TMEM35B
LOC135893683	XM_065421576.1#LOC135893683
DLGAP3	XM_065421672.1#DLGAP3
SMIM12	XM_065421700.1#SMIM12
SMIM12	XM_065421701.1#SMIM12
GJA4	XM_065421667.1#GJA4
LOC135893792	XM_065421735.1#LOC135893792
LOC135893799	XM_065421743.1#LOC135893799
LOC135893797	XM_065421741.1#LOC135893797
C23H1orf94	XM_065421889.1#C23H1orf94
CSMD2	XM_065421845.1#CSMD2
COL9A2	XM_065421770.1#COL9A2
SMAP2	XM_065421633.1#SMAP2
RIMS3	XM_065421823.1#RIMS3
NFYC	XM_065421632.1#NFYC
KCNQ4	XM_065421617.1#KCNQ4
TINAGL1	XM_065421784.1#TINAGL1
PEF1	XM_065421711.1#PEF1
COL16A1	XM_065421757.1#COL16A1
ADGRB2	XM_065421890.1#ADGRB2
PTP4A2	XM_065421880.1#PTP4A2
KHDRBS1	XM_065421589.1#KHDRBS1
TMEM39B	XM_065421638.1#TMEM39B
TMEM39B	XM_065421639.1#TMEM39B
MARCKSL1	XM_065421668.1#MARCKSL1
HDAC1	XM_065421782.1#HDAC1
LCK	XM_065421825.1#LCK
FAM167B	XM_065421877.1#FAM167B
LOC135893645	XM_065421497.1#LOC135893645
EIF3I	XM_065421498.1#EIF3I
TMEM234	XM_065421500.1#TMEM234
TMEM234	XM_065421502.1#TMEM234
TMEM234	XM_065421499.1#TMEM234
DCDC2B	XM_065421842.1#DCDC2B
IQCC	XM_065421734.1#IQCC
IQCC	XM_065421733.1#IQCC
CCDC28B	XM_065421819.1#CCDC28B
TXLNA	XM_065421705.1#TXLNA
KPNA6	XM_065421905.1#KPNA6
KPNA6	XM_065421904.1#KPNA6
FAM229A	XM_065421529.1#FAM229A
TSSK3	XM_065421858.1#TSSK3
BSDC1	XM_065421507.1#BSDC1
BSDC1	XM_065421508.1#BSDC1
LOC135893640	XM_065421489.1#LOC135893640
ZBTB8B	XM_065421863.1#ZBTB8B
LOC135893855	XM_065421810.1#LOC135893855
ZBTB8A	XM_065421814.1#ZBTB8A
LOC135893851	XM_065421807.1#LOC135893851
ZBTB8OS	XM_065421765.1#ZBTB8OS
RBBP4	XM_065421597.1#RBBP4
RBBP4	XM_065421598.1#RBBP4
SYNC	XM_065421876.1#SYNC
NHSL3	XM_065421903.1#NHSL3
YARS1	XM_065421640.1#YARS1
S100PBP	XM_065421490.1#S100PBP
FNDC5	XM_065421838.1#FNDC5
HPCA	XM_065421664.1#HPCA
TMEM54	XM_065421841.1#TMEM54
RNF19B	XM_065421912.1#RNF19B
AK2	XM_065421520.1#AK2
AK2	XM_065421521.1#AK2
AK2	XM_065421519.1#AK2
AZIN2	XM_065421593.1#AZIN2
NDUFS5	XM_065421752.1#NDUFS5
MACF1	XM_065421610.1#MACF1
MACF1	XM_065421609.1#MACF1
LOC135893751	XM_065421671.1#LOC135893751
PPIE	XM_065421586.1#PPIE
PPIE	XM_065421585.1#PPIE
PABPC4	XM_065421908.1#PABPC4
HEYL	XM_065421878.1#HEYL
NT5C1A	XM_065421809.1#NT5C1A
HPCAL4	XM_065421698.1#HPCAL4
HPCAL4	XM_065421697.1#HPCAL4
LOC135893787	XM_065421729.1#LOC135893787
LOC135893787	XM_065421727.1#LOC135893787
LOC135893787	XM_065421728.1#LOC135893787
TRIT1	XM_065421684.1#TRIT1
MYCL	XM_065421804.1#MYCL
MFSD2A	XM_065421717.1#MFSD2A
MFSD2A	XM_065421719.1#MFSD2A
MFSD2A	XM_065421715.1#MFSD2A
MFSD2A	XM_065421718.1#MFSD2A
MFSD2A	XM_065421716.1#MFSD2A
CAP1	XM_065421569.1#CAP1
CAP1	XM_065421567.1#CAP1
PPT1	XM_065421663.1#PPT1
LOC135893663	XM_065421523.1#LOC135893663
LOC135893664	XM_065421524.1#LOC135893664
LOC135893665	XM_065421527.1#LOC135893665
LOC135893665	XM_065421526.1#LOC135893665
LOC135893922	XM_065421892.1#LOC135893922
RPL11	XM_065421660.1#RPL11
LOC135893899	XM_065421860.1#LOC135893899
ELOA	XM_065421669.1#ELOA
ELOA	XM_065421670.1#ELOA
PITHD1	XM_065421653.1#PITHD1
LYPLA2	XM_065421713.1#LYPLA2
GALE	XM_065421776.1#GALE
HMGCL	XM_065421512.1#HMGCL
HMGCL	XM_065421514.1#HMGCL
HMGCL	XM_065421515.1#HMGCL
FUCA1	XM_065421615.1#FUCA1
CNR2	XM_065421805.1#CNR2
PNRC2	XM_065421906.1#PNRC2
SRSF10	XM_065421587.1#SRSF10
LOC135893901	XM_065421862.1#LOC135893901
MYOM3	XM_065421656.1#MYOM3
IL22RA1	XM_065421506.1#IL22RA1
IFNLR1	XM_065421872.1#IFNLR1
GRHL3	XM_065421710.1#GRHL3
STPG1	XM_065421837.1#STPG1
NIPAL3	XM_065421769.1#NIPAL3
RCAN3	XM_065421714.1#RCAN3
NCMAP	XM_065421509.1#NCMAP
SRRM1	XM_065421790.1#SRRM1
SRRM1	XM_065421793.1#SRRM1
SRRM1	XM_065421791.1#SRRM1
SRRM1	XM_065421792.1#SRRM1
SRRM1	XM_065421794.1#SRRM1
SRRM1	XM_065421795.1#SRRM1
SRRM1	XM_065421796.1#SRRM1
CLIC4	XM_065421827.1#CLIC4
CLIC4	XM_065421828.1#CLIC4
RUNX3	XM_065421724.1#RUNX3
SYF2	XM_065421621.1#SYF2
RSRP1	XM_065421745.1#RSRP1
TMEM50A	XM_065421588.1#TMEM50A
RHCE	XM_065421753.1#RHCE
MACO1	XM_065421651.1#MACO1
LDLRAP1	XM_065421702.1#LDLRAP1
MAN1C1	XM_065421682.1#MAN1C1
SELENON	XM_065421806.1#SELENON
MTFR1L	XM_065421641.1#MTFR1L
MTFR1L	XM_065421643.1#MTFR1L
MTFR1L	XM_065421642.1#MTFR1L
AUNIP	XM_065421518.1#AUNIP
PAQR7	XM_065421779.1#PAQR7
STMN1	XM_065421578.1#STMN1
STMN1	XM_065421579.1#STMN1
PAFAH2	XM_065421613.1#PAFAH2
PAFAH2	XM_065421612.1#PAFAH2
EXTL1	XM_065421747.1#EXTL1
SLC30A2	XM_065421775.1#SLC30A2
TRIM63	XM_065421893.1#TRIM63
PDIK1L	XM_065421815.1#PDIK1L
FAM110D	XM_065421861.1#FAM110D
ZNF593	XM_065421744.1#ZNF593
CNKSR1	XM_065421817.1#CNKSR1
LOC135893742	XM_065421662.1#LOC135893742
CEP85	XM_065421754.1#CEP85
SH3BGRL3	XM_065421652.1#SH3BGRL3
UBXN11	XM_065421808.1#UBXN11
CRYBG2	XM_065421821.1#CRYBG2
ZNF683	XM_065421868.1#ZNF683
LIN28A	XM_065421822.1#LIN28A
DHDDS	XM_065421658.1#DHDDS
DHDDS	XM_065421659.1#DHDDS
HMGN2	XM_065421914.1#HMGN2
RPS6KA1	XM_065421830.1#RPS6KA1
ARID1A	XM_065421869.1#ARID1A
ARID1A	XM_065421870.1#ARID1A
PIGV	XM_065421783.1#PIGV
ZDHHC18	XM_065421762.1#ZDHHC18
SFN	XM_065421699.1#SFN
LOC135893821	XM_065421767.1#LOC135893821
GPN2	XM_065421726.1#GPN2
GPATCH3	XM_065421742.1#GPATCH3
NR0B2	XM_065421855.1#NR0B2
NUDC	XM_065421678.1#NUDC
KDF1	XM_065421867.1#KDF1
TRNP1	XM_065421516.1#TRNP1
TENT5B	XM_065421703.1#TENT5B
SLC9A1	XM_065421606.1#SLC9A1
WDTC1	XM_065421864.1#WDTC1
WDTC1	XM_065421866.1#WDTC1
WDTC1	XM_065421865.1#WDTC1
TMEM222	XM_065421575.1#TMEM222
TMEM222	XM_065421574.1#TMEM222
SYTL1	XM_065421773.1#SYTL1
MAP3K6	XM_065421666.1#MAP3K6
FCN3	XM_065421675.1#FCN3
CD164L2	XM_065421909.1#CD164L2
GPR3	XM_065421778.1#GPR3
WASF2	XM_065421736.1#WASF2
LOC135893672	XM_065421559.1#LOC135893672
AHDC1	XM_065421894.1#AHDC1
FGR	XM_065421803.1#FGR
LOC135893874	XM_065421831.1#LOC135893874
LOC135893925	XM_065421895.1#LOC135893925
LOC135893878	XM_065421834.1#LOC135893878
LOC135893717	XM_065421624.1#LOC135893717
IFI6	XM_065421853.1#IFI6
LOC135893644	XM_065421496.1#LOC135893644
FAM76A	XM_065421644.1#FAM76A
FAM76A	XM_065421645.1#FAM76A
FAM76A	XM_065421646.1#FAM76A
FAM76A	XM_065421647.1#FAM76A
SESN2	XM_065421910.1#SESN2
PHACTR4	XM_065421676.1#PHACTR4
PHACTR4	XM_065421677.1#PHACTR4
RCC1	XM_065421755.1#RCC1
OPRD1	XM_065421648.1#OPRD1
OPRD1	XM_065421649.1#OPRD1
LOC135893927	XM_065421896.1#LOC135893927
TCEA3	XM_065421812.1#TCEA3
ASAP3	XM_065421811.1#ASAP3
E2F2	XM_065421774.1#E2F2
CATSPER4	XM_065421852.1#CATSPER4
ID3	XM_065421738.1#ID3
LOC135893860	XM_065421816.1#LOC135893860
YTHDF2	XM_065421630.1#YTHDF2
GMEB1	XM_065421781.1#GMEB1
LOC135893928	XM_065421897.1#LOC135893928
TAF12	XM_065421759.1#TAF12
TAF12	XM_065421761.1#TAF12
TAF12	XM_065421760.1#TAF12
LOC135893875	XM_065421832.1#LOC135893875
RAB42	XM_065421829.1#RAB42
TRNAU1AP	XM_065421709.1#TRNAU1AP
LOC135893760	XM_065421683.1#LOC135893760
EPB41	XM_065421552.1#EPB41
EPB41	XM_065421530.1#EPB41
EPB41	XM_065421538.1#EPB41
EPB41	XM_065421534.1#EPB41
EPB41	XM_065421533.1#EPB41
EPB41	XM_065421537.1#EPB41
EPB41	XM_065421542.1#EPB41
EPB41	XM_065421532.1#EPB41
EPB41	XM_065421541.1#EPB41
EPB41	XM_065421539.1#EPB41
EPB41	XM_065421545.1#EPB41
EPB41	XM_065421546.1#EPB41
EPB41	XM_065421543.1#EPB41
EPB41	XM_065421544.1#EPB41
EPB41	XM_065421549.1#EPB41
EPB41	XM_065421548.1#EPB41
EPB41	XM_065421550.1#EPB41
EPB41	XM_065421551.1#EPB41
EPB41	XM_065421553.1#EPB41
EPB41	XM_065421555.1#EPB41
EPB41	XM_065421554.1#EPB41
EPB41	XM_065421557.1#EPB41
EPB41	XM_065421547.1#EPB41
EPB41	XM_065421558.1#EPB41
EPB41	XM_065421531.1#EPB41
TMEM200B	XM_065421505.1#TMEM200B
LOC135893937	XM_065421907.1#LOC135893937
SRSF4	XM_065421510.1#SRSF4
LOC135893655	XM_065421511.1#LOC135893655
MECR	XM_065421732.1#MECR
PTPRU	XM_065421874.1#PTPRU
PTPRU	XM_065421875.1#PTPRU
PTPRU	XM_065421873.1#PTPRU
MATN1	XM_065421764.1#MATN1
LAPTM5	XM_065421614.1#LAPTM5
SDC3	XM_065421898.1#SDC3
PUM1	XM_065421820.1#PUM1
NKAIN1	XM_065421899.1#NKAIN1
SNRNP40	XM_065421707.1#SNRNP40
ZCCHC17	XM_065421619.1#ZCCHC17
ZCCHC17	XM_065421620.1#ZCCHC17
FABP3	XM_065421654.1#FABP3
SERINC2	XM_065421665.1#SERINC2
HIVEP3	XM_065421749.1#HIVEP3
EDN2	XM_065421879.1#EDN2
FOXO6	XM_065421785.1#FOXO6
FOXO6	XM_065421786.1#FOXO6
FOXO6	XM_065421787.1#FOXO6
SCMH1	XM_065421577.1#SCMH1
SLFNL1	XM_065421901.1#SLFNL1
CTPS1	XM_065421528.1#CTPS1
CITED4	XM_065421611.1#CITED4
STX12	XM_065421722.1#STX12
PPP1R8	XM_065421708.1#PPP1R8
THEMIS2	XM_065421563.1#THEMIS2
RPA2	XM_065421565.1#RPA2
RPA2	XM_065421566.1#RPA2
RPA2	XM_065421564.1#RPA2
SMPDL3B	XM_065421844.1#SMPDL3B
XKR8	XM_065421833.1#XKR8
EYA3	XM_065421595.1#EYA3
EYA3	XM_065421596.1#EYA3
PTAFR	XM_065421758.1#PTAFR
DNAJC8	XM_065421583.1#DNAJC8
DNAJC8	XM_065421580.1#DNAJC8
DNAJC8	XM_065421584.1#DNAJC8
ATP5IF1	XM_065421797.1#ATP5IF1
HNRNPR	XM_065421851.1#HNRNPR
HNRNPR	XM_065421850.1#HNRNPR
HNRNPR	XM_065421848.1#HNRNPR
HNRNPR	XM_065421849.1#HNRNPR
HTR1D	XM_065421789.1#HTR1D
LUZP1	XM_065421840.1#LUZP1
KDM1A	XM_065421491.1#KDM1A
KDM1A	XM_065421492.1#KDM1A
ZMPSTE24	XM_065421608.1#ZMPSTE24
ZMPSTE24	XM_065421607.1#ZMPSTE24
RLF	XM_065421599.1#RLF
RLF	XM_065421600.1#RLF
RLF	XM_065421601.1#RLF
NDUFA11	XM_065422191.1#NDUFA11
VMAC	XM_065422168.1#VMAC
CAPS	XM_065422279.1#CAPS
RANBP3	XM_065422006.1#RANBP3
LOC135894000	XM_065421967.1#LOC135894000
LONP1	XM_065421926.1#LONP1
RPL36	XM_065422009.1#RPL36
RPL36	XM_065422008.1#RPL36
LMNB2	XM_065421961.1#LMNB2
TIMM13	XM_065422193.1#TIMM13
TMPRSS9	XM_065422214.1#TMPRSS9
SPPL2B	XM_065422146.1#SPPL2B
LSM7	XM_065422083.1#LSM7
LSM7	XM_065422082.1#LSM7
LOC135894003	XM_065421975.1#LOC135894003
LOC135894250	XM_065422315.1#LOC135894250
CERS4	XM_065422098.1#CERS4
FBN3	XM_065422247.1#FBN3
CTXN1	XM_065422312.1#CTXN1
TIMM44	XM_065422253.1#TIMM44
LOC135894018	XM_065421993.1#LOC135894018
LOC135894251	XM_065422316.1#LOC135894251
MARCHF2	XM_065422286.1#MARCHF2
MARCHF2	XM_065422285.1#MARCHF2
RAB11B	XM_065422167.1#RAB11B
ANGPTL4	XM_065422277.1#ANGPTL4
KANK3	XM_065422074.1#KANK3
RPS28	XM_065422177.1#RPS28
NDUFA7	XM_065422176.1#NDUFA7
LOC135894252	XM_065422317.1#LOC135894252
LOC135894253	XM_065422319.1#LOC135894253
LOC135894254	XM_065422320.1#LOC135894254
POLE4	XM_065422222.1#POLE4
LOC135894084	XM_065422105.1#LOC135894084
ELAVL1	XM_065421973.1#ELAVL1
ELAVL1	XM_065421969.1#ELAVL1
ELAVL1	XM_065421970.1#ELAVL1
ELAVL1	XM_065421968.1#ELAVL1
ELAVL1	XM_065421972.1#ELAVL1
ZFR2	XM_065422178.1#ZFR2
MATK	XM_065422175.1#MATK
RAX2	XM_065422282.1#RAX2
LOC135894164	XM_065422215.1#LOC135894164
MRPL54	XM_065422249.1#MRPL54
APBA3	XM_065422387.1#APBA3
TJP3	XM_065422386.1#TJP3
PIP5K1C	XM_065422321.1#PIP5K1C
CACTIN	XM_065422104.1#CACTIN
TBXA2R	XM_065422383.1#TBXA2R
GIPC3	XM_065422223.1#GIPC3
HMG20B	XM_065422171.1#HMG20B
MFSD12	XM_065422013.1#MFSD12
LOC135894258	XM_065422322.1#LOC135894258
TEKTIP1	XM_065421927.1#TEKTIP1
FZR1	XM_065421987.1#FZR1
FZR1	XM_065421986.1#FZR1
FZR1	XM_065421988.1#FZR1
LOC135894259	XM_065422323.1#LOC135894259
DOHH	XM_065422314.1#DOHH
NFIC	XM_065422208.1#NFIC
NFIC	XM_065422207.1#NFIC
NFIC	XM_065422204.1#NFIC
LOC135894261	XM_065422324.1#LOC135894261
LOC135894217	XM_065422276.1#LOC135894217
MEX3D	XM_065422211.1#MEX3D
MBD3	XM_065422034.1#MBD3
LOC135894166	XM_065422217.1#LOC135894166
TCF3	XM_065422156.1#TCF3
TCF3	XM_065422149.1#TCF3
TCF3	XM_065422154.1#TCF3
TCF3	XM_065422153.1#TCF3
TCF3	XM_065422152.1#TCF3
TCF3	XM_065422150.1#TCF3
TCF3	XM_065422147.1#TCF3
TCF3	XM_065422148.1#TCF3
TCF3	XM_065422155.1#TCF3
ONECUT3	XM_065422273.1#ONECUT3
ATP8B3	XM_065422325.1#ATP8B3
REXO1	XM_065422072.1#REXO1
KLF16	XM_065422291.1#KLF16
ABHD17A	XM_065422033.1#ABHD17A
LOC135893996	XM_065421963.1#LOC135893996
LOC135893996	XM_065421964.1#LOC135893996
LOC135893996	XM_065421962.1#LOC135893996
LOC135894051	XM_065422060.1#LOC135894051
SCAMP4	XM_065421998.1#SCAMP4
SCAMP4	XM_065421997.1#SCAMP4
CSNK1G2	XM_065421921.1#CSNK1G2
BTBD2	XM_065422003.1#BTBD2
MKNK2	XM_065422133.1#MKNK2
MOB3A	XM_065422184.1#MOB3A
MOB3A	XM_065422182.1#MOB3A
IZUMO4	XM_065421923.1#IZUMO4
AP3D1	XM_065422012.1#AP3D1
AP3D1	XM_065422011.1#AP3D1
DOT1L	XM_065422010.1#DOT1L
PLEKHJ1	XM_065422243.1#PLEKHJ1
SF3A2	XM_065422065.1#SF3A2
SF3A2	XM_065422064.1#SF3A2
AMH	XM_065422278.1#AMH
JSRP1	XM_065422020.1#JSRP1
OAZ1	XM_065421982.1#OAZ1
LINGO3	XM_065422244.1#LINGO3
ACTL9	XM_065422305.1#ACTL9
NFILZ	XM_065421966.1#NFILZ
LOC135894126	XM_065422174.1#LOC135894126
ADAMTS10	XM_065422129.1#ADAMTS10
MYO1F	XM_065422328.1#MYO1F
ZNF414	XM_065422302.1#ZNF414
LOC135893963	XM_065421919.1#LOC135893963
LOC135893963	XM_065421918.1#LOC135893963
LOC135893963	XM_065421916.1#LOC135893963
LOC135893963	XM_065421917.1#LOC135893963
ACER1	XM_065421924.1#ACER1
MLLT1	XM_065422196.1#MLLT1
ACSBG2	XM_065422329.1#ACSBG2
RFX2	XM_065422125.1#RFX2
RFX2	XM_065422126.1#RFX2
LOC135894266	XM_065422330.1#LOC135894266
LOC135893972	XM_065421929.1#LOC135893972
PRR22	XM_065422331.1#PRR22
DUS3L	XM_065422185.1#DUS3L
NRTN	XM_065422424.1#NRTN
LOC135894132	XM_065422179.1#LOC135894132
LOC135894134	XM_065422180.1#LOC135894134
ATCAY	XM_065422188.1#ATCAY
NMRK2	XM_065422198.1#NMRK2
DAPK3	XM_065422187.1#DAPK3
EEF2	XM_065422213.1#EEF2
PIAS4	XM_065422107.1#PIAS4
ZBTB7A	XM_065422166.1#ZBTB7A
MAP2K2	XM_065422016.1#MAP2K2
MAP2K2	XM_065422014.1#MAP2K2
CREB3L3	XM_065422281.1#CREB3L3
LOC135894268	XM_065422332.1#LOC135894268
SIRT6	XM_065422160.1#SIRT6
SIRT6	XM_065422159.1#SIRT6
ANKRD24	XM_065422333.1#ANKRD24
EBI3	XM_065422334.1#EBI3
YJU2	XM_065422032.1#YJU2
SHD	XM_065422231.1#SHD
TMIGD2	XM_065422335.1#TMIGD2
FSD1	XM_065422203.1#FSD1
STAP2	XM_065422388.1#STAP2
MPND	XM_065422336.1#MPND
SH3GL1	XM_065421944.1#SH3GL1
SH3GL1	XM_065421945.1#SH3GL1
SH3GL1	XM_065421946.1#SH3GL1
CHAF1A	XM_065422252.1#CHAF1A
UBXN6	XM_065422106.1#UBXN6
HDGFL2	XM_065421978.1#HDGFL2
LOC135894274	XM_065422337.1#LOC135894274
LOC135893982	XM_065421943.1#LOC135893982
LOC135893981	XM_065421940.1#LOC135893981
LOC135893981	XM_065421941.1#LOC135893981
LOC135893981	XM_065421942.1#LOC135893981
LRG1	XM_065421948.1#LRG1
SEMA6B	XM_065421934.1#SEMA6B
TNFAIP8L1	XM_065421951.1#TNFAIP8L1
MYDGF	XM_065421952.1#MYDGF
LOC135893986	XM_065421949.1#LOC135893986
LOC135893986	XM_065421950.1#LOC135893986
DPP9	XM_065421933.1#DPP9
FEM1A	XM_065421937.1#FEM1A
FEM1A	XM_065421938.1#FEM1A
TICAM1	XM_065421936.1#TICAM1
LOC135893980	XM_065421939.1#LOC135893980
ARRDC5	XM_065422339.1#ARRDC5
UHRF1	XM_065422340.1#UHRF1
KDM4B	XM_065422293.1#KDM4B
KDM4B	XM_065422294.1#KDM4B
KDM4B	XM_065422295.1#KDM4B
KDM4B	XM_065422296.1#KDM4B
PTPRS	XM_065422130.1#PTPRS
LOC135894239	XM_065422303.1#LOC135894239
LOC135894277	XM_065422341.1#LOC135894277
LOC135894326	XM_065422389.1#LOC135894326
LOC135894208	XM_065422265.1#LOC135894208
LOC135894208	XM_065422266.1#LOC135894208
LOC135894236	XM_065422300.1#LOC135894236
LOC135894211	XM_065422269.1#LOC135894211
MICOS13	XM_065422103.1#MICOS13
HSD11B1L	XM_065422200.1#HSD11B1L
LOC135894168	XM_065422220.1#LOC135894168
CELF5	XM_065422120.1#CELF5
CELF5	XM_065422116.1#CELF5
CELF5	XM_065422111.1#CELF5
CELF5	XM_065422119.1#CELF5
CELF5	XM_065422115.1#CELF5
CELF5	XM_065422109.1#CELF5
CELF5	XM_065422110.1#CELF5
LOC135894176	XM_065422227.1#LOC135894176
NCLN	XM_065422073.1#NCLN
S1PR4	XM_065422199.1#S1PR4
LOC135894278	XM_065422342.1#LOC135894278
LOC135894147	XM_065422195.1#LOC135894147
GNA15	XM_065422343.1#GNA15
GNA11	XM_065422310.1#GNA11
TLE5	XM_065422029.1#TLE5
TLE5	XM_065422030.1#TLE5
TLE2	XM_065422259.1#TLE2
TLE2	XM_065422258.1#TLE2
TLE2	XM_065422260.1#TLE2
LOC135894207	XM_065422262.1#LOC135894207
PLPP2	XM_065422070.1#PLPP2
PLPP2	XM_065422071.1#PLPP2
LOC135894015	XM_065421991.1#LOC135894015
MIER2	XM_065422268.1#MIER2
LOC135894280	XM_065422344.1#LOC135894280
C2CD4C	XM_065422393.1#C2CD4C
SHC2	XM_065422137.1#SHC2
CIMAP1D	XM_065422345.1#CIMAP1D
MADCAM1	XM_065421928.1#MADCAM1
TPGS1	XM_065422255.1#TPGS1
CDC34	XM_065422131.1#CDC34
BSG	XM_065421981.1#BSG
BSG	XM_065421980.1#BSG
HCN2	XM_065422172.1#HCN2
POLRMT	XM_065422346.1#POLRMT
FGF22	XM_065422347.1#FGF22
RNF126	XM_065421974.1#RNF126
FSTL3	XM_065422272.1#FSTL3
PRSS57	XM_065422394.1#PRSS57
PALM	XM_065422226.1#PALM
MISP	XM_065422348.1#MISP
LOC135894286	XM_065422350.1#LOC135894286
PTBP1	XM_065422144.1#PTBP1
PTBP1	XM_065422145.1#PTBP1
PLPPR3	XM_065422230.1#PLPPR3
PLPPR3	XM_065422228.1#PLPPR3
LOC135894118	XM_065422165.1#LOC135894118
LOC135894117	XM_065422164.1#LOC135894117
MED16	XM_065422004.1#MED16
R3HDM4	XM_065422081.1#R3HDM4
KISS1R	XM_065422298.1#KISS1R
ARID3A	XM_065422190.1#ARID3A
WDR18	XM_065422289.1#WDR18
GRIN3B	XM_065422238.1#GRIN3B
TMEM259	XM_065422136.1#TMEM259
ABCA7	XM_065422201.1#ABCA7
CNN2	XM_065421996.1#CNN2
ARHGAP45	XM_065422059.1#ARHGAP45
POLR2E	XM_065422021.1#POLR2E
GPX4	XM_065421985.1#GPX4
SBNO2	XM_065421925.1#SBNO2
STK11	XM_065422186.1#STK11
CBARP	XM_065422384.1#CBARP
ATP5F1D	XM_065422236.1#ATP5F1D
MIDN	XM_065422121.1#MIDN
CIRBP	XM_065421954.1#CIRBP
CIRBP	XM_065421955.1#CIRBP
FAM174C	XM_065422181.1#FAM174C
EFNA2	XM_065422288.1#EFNA2
LOC135894090	XM_065422122.1#LOC135894090
PWWP3A	XM_065422043.1#PWWP3A
PWWP3A	XM_065422044.1#PWWP3A
PWWP3A	XM_065422049.1#PWWP3A
PWWP3A	XM_065422050.1#PWWP3A
PWWP3A	XM_065422040.1#PWWP3A
PWWP3A	XM_065422039.1#PWWP3A
PWWP3A	XM_065422041.1#PWWP3A
PWWP3A	XM_065422038.1#PWWP3A
PWWP3A	XM_065422051.1#PWWP3A
PWWP3A	XM_065422045.1#PWWP3A
PWWP3A	XM_065422046.1#PWWP3A
PWWP3A	XM_065422048.1#PWWP3A
PWWP3A	XM_065422047.1#PWWP3A
NDUFS7	XM_065422096.1#NDUFS7
GAMT	XM_065422094.1#GAMT
DAZAP1	XM_065422088.1#DAZAP1
DAZAP1	XM_065422092.1#DAZAP1
DAZAP1	XM_065422089.1#DAZAP1
DAZAP1	XM_065422091.1#DAZAP1
DAZAP1	XM_065422093.1#DAZAP1
RPS15	XM_065422097.1#RPS15
LOC135894074	XM_065422095.1#LOC135894074
APC2	XM_065422087.1#APC2
LOC135894079	XM_065422099.1#LOC135894079
C24H19orf25	XM_065422100.1#C24H19orf25
C24H19orf25	XM_065422102.1#C24H19orf25
C24H19orf25	XM_065422101.1#C24H19orf25
REEP6	XM_065422250.1#REEP6
PCSK4	XM_065422351.1#PCSK4
LOC135894288	XM_065422352.1#LOC135894288
ADAMTSL5	XM_065422290.1#ADAMTSL5
PLK5	XM_065422128.1#PLK5
THOP1	XM_065422163.1#THOP1
SGTA	XM_065421953.1#SGTA
SLC39A3	XM_065422301.1#SLC39A3
DIRAS1	XM_065422246.1#DIRAS1
GNG7	XM_065422022.1#GNG7
GNG7	XM_065422025.1#GNG7
GNG7	XM_065422023.1#GNG7
GNG7	XM_065422024.1#GNG7
GNG7	XM_065422026.1#GNG7
GNG7	XM_065422027.1#GNG7
GADD45B	XM_065421990.1#GADD45B
LOC135894196	XM_065422248.1#LOC135894196
LOC135894179	XM_065422232.1#LOC135894179
LOC135894289	XM_065422353.1#LOC135894289
MAP1S	XM_065422354.1#MAP1S
FCHO1	XM_065422124.1#FCHO1
B3GNT3	XM_065422304.1#B3GNT3
JAK3	XM_065421979.1#JAK3
SLC5A5	XM_065422132.1#SLC5A5
CCDC124	XM_065422035.1#CCDC124
CCDC124	XM_065422036.1#CCDC124
KCNN1	XM_065422158.1#KCNN1
KCNN1	XM_065422157.1#KCNN1
OCEL1	XM_065422274.1#OCEL1
LOC135894209	XM_065422267.1#LOC135894209
NR2F6	XM_065422075.1#NR2F6
NR2F6	XM_065422076.1#NR2F6
USHBP1	XM_065422355.1#USHBP1
BABAM1	XM_065422139.1#BABAM1
ABHD8	XM_065422292.1#ABHD8
MRPL34	XM_065422123.1#MRPL34
DDA1	XM_065421999.1#DDA1
DDA1	XM_065422001.1#DDA1
DDA1	XM_065422000.1#DDA1
ANO8	XM_065422380.1#ANO8
GTPBP3	XM_065422225.1#GTPBP3
PLVAP	XM_065422356.1#PLVAP
CCDC194	XM_065421984.1#CCDC194
LOC135894187	XM_065422240.1#LOC135894187
LOC135894187	XM_065422239.1#LOC135894187
LOC135894187	XM_065422242.1#LOC135894187
LOC135894165	XM_065422216.1#LOC135894165
CILP2	XM_065422357.1#CILP2
YJEFN3	XM_065421959.1#YJEFN3
NDUFA13	XM_065421960.1#NDUFA13
GATAD2A	XM_065422192.1#GATAD2A
MAU2	XM_065422005.1#MAU2
SUGP1	XM_065421956.1#SUGP1
SUGP1	XM_065421957.1#SUGP1
TM6SF2	XM_065421989.1#TM6SF2
HAPLN4	XM_065422358.1#HAPLN4
NCAN	XM_065422360.1#NCAN
NR2C2AP	XM_065422221.1#NR2C2AP
RFXANK	XM_065422057.1#RFXANK
RFXANK	XM_065422056.1#RFXANK
RFXANK	XM_065422055.1#RFXANK
RFXANK	XM_065422054.1#RFXANK
RFXANK	XM_065422058.1#RFXANK
RFXANK	XM_065422052.1#RFXANK
BORCS8	XM_065422235.1#BORCS8
TMEM221	XM_065422234.1#TMEM221
MEF2B	XM_065422422.1#MEF2B
TMEM161A	XM_065422202.1#TMEM161A
SLC25A42	XM_065422212.1#SLC25A42
ARMC6	XM_065422069.1#ARMC6
ARMC6	XM_065422068.1#ARMC6
SUGP2	XM_065422067.1#SUGP2
LOC135894167	XM_065422219.1#LOC135894167
HOMER3	XM_065422079.1#HOMER3
HOMER3	XM_065422080.1#HOMER3
DDX49	XM_065422061.1#DDX49
COPE	XM_065422017.1#COPE
CERS1	XM_065422297.1#CERS1
GDF1	XM_065422257.1#GDF1
UPF1	XM_065422062.1#UPF1
COMP	XM_065422280.1#COMP
CRTC1	XM_065422019.1#CRTC1
CRTC1	XM_065422018.1#CRTC1
KLHL26	XM_065422309.1#KLHL26
TMEM59L	XM_065422391.1#TMEM59L
CRLF1	XM_065422362.1#CRLF1
REX1BD	XM_065422197.1#REX1BD
UBA52	XM_065422425.1#UBA52
KXD1	XM_065422134.1#KXD1
FKBP8	XM_065422189.1#FKBP8
ELL	XM_065422086.1#ELL
ISYNA1	XM_065422237.1#ISYNA1
SSBP4	XM_065422270.1#SSBP4
LOC135894300	XM_065422363.1#LOC135894300
GDF15	XM_065422423.1#GDF15
PGPEP1	XM_065422209.1#PGPEP1
PGPEP1	XM_065422210.1#PGPEP1
LSM4	XM_065422063.1#LSM4
JUND	XM_065422256.1#JUND
CIST1	XM_065422385.1#CIST1
PDE4C	XM_065422382.1#PDE4C
PDE4C	XM_065422381.1#PDE4C
RAB3A	XM_065422306.1#RAB3A
RAB3A	XM_065422307.1#RAB3A
MPV17L2	XM_065422308.1#MPV17L2
IFI30	XM_065422284.1#IFI30
PIK3R2	XM_065422031.1#PIK3R2
MAST3	XM_065422364.1#MAST3
IL12RB1	XM_065422313.1#IL12RB1
ARRDC2	XM_065422326.1#ARRDC2
SAXO5	XM_065421930.1#SAXO5
PEX11G	XM_065421976.1#PEX11G
PEX11G	XM_065421977.1#PEX11G
ARHGEF18	XM_065422170.1#ARHGEF18
INSR	XM_065422398.1#INSR
USE1	XM_065422411.1#USE1
MYO9B	XM_065422395.1#MYO9B
HAUS8	XM_065422365.1#HAUS8
CPAMD8	XM_065422397.1#CPAMD8
F2RL3	XM_065422409.1#F2RL3
SIN3B	XM_065422399.1#SIN3B
NWD1	XM_065422366.1#NWD1
LOC135894347	XM_065422415.1#LOC135894347
TMEM38A	XM_065422410.1#TMEM38A
SMIM7	XM_065422421.1#SMIM7
MED26	XM_065422404.1#MED26
SLC35E1	XM_065422406.1#SLC35E1
CHERP	XM_065422401.1#CHERP
CHERP	XM_065422403.1#CHERP
CHERP	XM_065422402.1#CHERP
C24H19orf44	XM_065422367.1#C24H19orf44
CALR3	XM_065422368.1#CALR3
EPS15L1	XM_065422400.1#EPS15L1
KLF2	XM_065422407.1#KLF2
AP1M1	XM_065422405.1#AP1M1
FAM32A	XM_065422420.1#FAM32A
CIB3	XM_065422418.1#CIB3
CIB3	XM_065422419.1#CIB3
RAB8A	XM_065422417.1#RAB8A
TPM4	XM_065422414.1#TPM4
TPM4	XM_065422413.1#TPM4
TPM4	XM_065422412.1#TPM4
ATP2A1	XM_065422390.1#ATP2A1
SH2B1	XM_065421994.1#SH2B1
ATXN2L	XM_065422224.1#ATXN2L
TUFM	XM_065422135.1#TUFM
RABEP2	XM_065422370.1#RABEP2
LOC135894017	XM_065421992.1#LOC135894017
LOC135894309	XM_065422371.1#LOC135894309
LOC135894024	XM_065422002.1#LOC135894024
LAT	XM_065422143.1#LAT
SPNS1	XM_065422140.1#SPNS1
LOC135893997	XM_065421965.1#LOC135893997
NFATC2IP	XM_065422361.1#NFATC2IP
LOC135894068	XM_065422085.1#LOC135894068
LOC135894310	XM_065422372.1#LOC135894310
LOC135894311	XM_065422373.1#LOC135894311
LOC135894312	XM_065422374.1#LOC135894312
LOC135894313	XM_065422375.1#LOC135894313
LOC135894314	XM_065422376.1#LOC135894314
LOC135894180	XM_065422233.1#LOC135894180
CABP5	XM_065422254.1#CABP5
LOC135894315	XM_065422378.1#LOC135894315
PRODH2	XM_065422245.1#PRODH2
LOC135893975	XM_065421931.1#LOC135893975
LOC135893975	XM_065421932.1#LOC135893975
CLN3	XM_065422379.1#CLN3
LOC135894481	XM_065422583.1#LOC135894481
MPP3	XM_065422673.1#MPP3
CFAP97D1	XM_065422806.1#CFAP97D1
DUSP3	XM_065422645.1#DUSP3
SOST	XM_065422781.1#SOST
MEOX1	XM_065422779.1#MEOX1
ETV4	XM_065422639.1#ETV4
DHX8	XM_065422440.1#DHX8
DHX8	XM_065422441.1#DHX8
ARL4D	XM_065422666.1#ARL4D
TMEM106A	XM_065422616.1#TMEM106A
NBR1	XM_065422801.1#NBR1
NBR1	XM_065422800.1#NBR1
BRCA1	XM_065422547.1#BRCA1
RND2	XM_065422605.1#RND2
VAT1	XM_065422727.1#VAT1
IFI35	XM_065422600.1#IFI35
RPL27	XM_065422572.1#RPL27
RUNDC1	XM_065422618.1#RUNDC1
LOC135894670	XM_065422808.1#LOC135894670
LOC135894543	XM_065422659.1#LOC135894543
LOC135894543	XM_065422658.1#LOC135894543
LOC135894552	XM_065422670.1#LOC135894552
LOC135894552	XM_065422669.1#LOC135894552
LOC135894552	XM_065422667.1#LOC135894552
LOC135894544	XM_065422660.1#LOC135894544
LOC135894519	XM_065422626.1#LOC135894519
AOC2	XM_065422798.1#AOC2
LOC135894661	XM_065422799.1#LOC135894661
PSME3	XM_065422586.1#PSME3
PSME3	XM_065422587.1#PSME3
BECN1	XM_065422474.1#BECN1
CNTD1	XM_065422478.1#CNTD1
LOC135894580	XM_065422706.1#LOC135894580
WNK4	XM_065422595.1#WNK4
VPS25	XM_065422613.1#VPS25
RAMP2	XM_065422805.1#RAMP2
EZH1	XM_065422489.1#EZH1
CNTNAP1	XM_065422551.1#CNTNAP1
CCR10	XM_065422809.1#CCR10
PLEKHH3	XM_065422730.1#PLEKHH3
TUBG1	XM_065422539.1#TUBG1
RETREG3	XM_065422810.1#RETREG3
PSMC3IP	XM_065422428.1#PSMC3IP
MLX	XM_065422427.1#MLX
LOC135894531	XM_065422643.1#LOC135894531
COASY	XM_065422638.1#COASY
HSD17B1	XM_065422763.1#HSD17B1
NAGLU	XM_065422792.1#NAGLU
LOC135894604	XM_065422739.1#LOC135894604
ATP6V0A1	XM_065422770.1#ATP6V0A1
CAVIN1	XM_065422761.1#CAVIN1
STAT3	XM_065422684.1#STAT3
LOC135894637	XM_065422774.1#LOC135894637
LOC135894375	XM_065422434.1#LOC135894375
LOC135894375	XM_065422435.1#LOC135894375
GHDC	XM_065422662.1#GHDC
LOC135894545	XM_065422661.1#LOC135894545
HCRT	XM_065422850.1#HCRT
KCNH4	XM_065422811.1#KCNH4
RAB5C	XM_065422537.1#RAB5C
RAB5C	XM_065422538.1#RAB5C
LOC135894700	XM_065422838.1#LOC135894700
LOC135894665	XM_065422804.1#LOC135894665
LOC135894674	XM_065422812.1#LOC135894674
KAT2A	XM_065422452.1#KAT2A
KAT2A	XM_065422453.1#KAT2A
KAT2A	XM_065422454.1#KAT2A
DHX58	XM_065422511.1#DHX58
ZNF385C	XM_065422813.1#ZNF385C
C25H17orf113	XM_065422665.1#C25H17orf113
NKIRAS2	XM_065422749.1#NKIRAS2
DNAJC7	XM_065422593.1#DNAJC7
CNP	XM_065422637.1#CNP
ODAD4	XM_065422697.1#ODAD4
ACLY	XM_065422793.1#ACLY
KLHL11	XM_065422603.1#KLHL11
KLHL10	XM_065422788.1#KLHL10
NT5C3B	XM_065422615.1#NT5C3B
FKBP10	XM_065422610.1#FKBP10
P3H4	XM_065422701.1#P3H4
JUP	XM_065422620.1#JUP
HAP1	XM_065422624.1#HAP1
LOC135894373	XM_065422432.1#LOC135894373
EIF1	XM_065422492.1#EIF1
LOC135894561	XM_065422683.1#LOC135894561
LOC135894563	XM_065422687.1#LOC135894563
LOC135894563	XM_065422685.1#LOC135894563
LOC135894563	XM_065422688.1#LOC135894563
LOC135894563	XM_065422686.1#LOC135894563
LOC135894559	XM_065422676.1#LOC135894559
LOC135894577	XM_065422702.1#LOC135894577
LOC135894596	XM_065422731.1#LOC135894596
LOC135894515	XM_065422621.1#LOC135894515
LOC135894428	XM_065422506.1#LOC135894428
LOC135894430	XM_065422510.1#LOC135894430
LOC135894429	XM_065422507.1#LOC135894429
LOC135894429	XM_065422509.1#LOC135894429
LOC135894581	XM_065422707.1#LOC135894581
LOC135894676	XM_065422814.1#LOC135894676
LOC135894627	XM_065422766.1#LOC135894627
KRT222	XM_065422803.1#KRT222
SMARCE1	XM_065422591.1#SMARCE1
SMARCE1	XM_065422590.1#SMARCE1
SMARCE1	XM_065422592.1#SMARCE1
CCR7	XM_065422724.1#CCR7
CCR7	XM_065422723.1#CCR7
TNS4	XM_065422671.1#TNS4
IGFBP4	XM_065422672.1#IGFBP4
TOP2A	XM_065422543.1#TOP2A
GJD3	XM_065422760.1#GJD3
RARA	XM_065422473.1#RARA
RARA	XM_065422472.1#RARA
CDC6	XM_065422722.1#CDC6
WIPF2	XM_065422488.1#WIPF2
RAPGEFL1	XM_065422747.1#RAPGEFL1
CASC3	XM_065422519.1#CASC3
CASC3	XM_065422518.1#CASC3
MSL1	XM_065422642.1#MSL1
MED24	XM_065422485.1#MED24
CSF3	XM_065422486.1#CSF3
PSMD3	XM_065422549.1#PSMD3
GSDMA	XM_065422834.1#GSDMA
ORMDL3	XM_065422694.1#ORMDL3
LRRC3C	XM_065422789.1#LRRC3C
LOC135894679	XM_065422815.1#LOC135894679
ZPBP2	XM_065422767.1#ZPBP2
IKZF3	XM_065422470.1#IKZF3
IKZF3	XM_065422471.1#IKZF3
LOC135894638	XM_065422776.1#LOC135894638
GRB7	XM_065422598.1#GRB7
MIEN1	XM_065422606.1#MIEN1
ERBB2	XM_065422740.1#ERBB2
PGAP3	XM_065422710.1#PGAP3
PGAP3	XM_065422713.1#PGAP3
PGAP3	XM_065422711.1#PGAP3
PGAP3	XM_065422712.1#PGAP3
PNMT	XM_065422772.1#PNMT
LOC135894648	XM_065422785.1#LOC135894648
LOC135894649	XM_065422787.1#LOC135894649
LOC135894417	XM_065422493.1#LOC135894417
STARD3	XM_065422569.1#STARD3
PPP1R1B	XM_065422816.1#PPP1R1B
NEUROD2	XM_065422732.1#NEUROD2
CDK12	XM_065422445.1#CDK12
CDK12	XM_065422444.1#CDK12
MED1	XM_065422802.1#MED1
FBXL20	XM_065422755.1#FBXL20
FBXL20	XM_065422757.1#FBXL20
FBXL20	XM_065422756.1#FBXL20
LOC135894619	XM_065422758.1#LOC135894619
STAC2	XM_065422752.1#STAC2
LOC135894408	XM_065422483.1#LOC135894408
RPL19	XM_065422499.1#RPL19
CACNB1	XM_065422780.1#CACNB1
ARL5C	XM_065422682.1#ARL5C
LOC135894681	XM_065422817.1#LOC135894681
PLXDC1	XM_065422675.1#PLXDC1
FBXO47	XM_065422783.1#FBXO47
LASP1	XM_065422480.1#LASP1
RPL23	XM_065422429.1#RPL23
SPMAP1	XM_065422466.1#SPMAP1
CWC25	XM_065422437.1#CWC25
PIP4K2B	XM_065422438.1#PIP4K2B
PSMB3	XM_065422607.1#PSMB3
PCGF2	XM_065422674.1#PCGF2
CISD3	XM_065422430.1#CISD3
MLLT6	XM_065422578.1#MLLT6
EPOP	XM_065422447.1#EPOP
SRCIN1	XM_065422641.1#SRCIN1
ARHGAP23	XM_065422819.1#ARHGAP23
SOCS7	XM_065422820.1#SOCS7
GPR179	XM_065422481.1#GPR179
MRPL45	XM_065422482.1#MRPL45
NPEPPS	XM_065422846.1#NPEPPS
KPNB1	XM_065422523.1#KPNB1
TBKBP1	XM_065422771.1#TBKBP1
TBX21	XM_065422698.1#TBX21
OSBPL7	XM_065422557.1#OSBPL7
MRPL10	XM_065422565.1#MRPL10
LRRC46	XM_065422564.1#LRRC46
SCRN2	XM_065422561.1#SCRN2
SP6	XM_065422563.1#SP6
SP2	XM_065422558.1#SP2
SP2	XM_065422559.1#SP2
PNPO	XM_065422566.1#PNPO
PRR15L	XM_065422567.1#PRR15L
CDK5RAP3	XM_065422560.1#CDK5RAP3
COPZ2	XM_065422735.1#COPZ2
COPZ2	XM_065422734.1#COPZ2
NFE2L1	XM_065422589.1#NFE2L1
CBX1	XM_065422653.1#CBX1
SNX11	XM_065422495.1#SNX11
SKAP1	XM_065422494.1#SKAP1
HOXB1	XM_065422640.1#HOXB1
HOXB2	XM_065422622.1#HOXB2
HOXB3	XM_065422720.1#HOXB3
HOXB3	XM_065422715.1#HOXB3
HOXB3	XM_065422719.1#HOXB3
HOXB3	XM_065422718.1#HOXB3
HOXB3	XM_065422716.1#HOXB3
HOXB4	XM_065422451.1#HOXB4
HOXB5	XM_065422467.1#HOXB5
HOXB6	XM_065422842.1#HOXB6
HOXB7	XM_065422721.1#HOXB7
HOXB8	XM_065422501.1#HOXB8
HOXB8	XM_065422500.1#HOXB8
HOXB9	XM_065422513.1#HOXB9
HOXB13	XM_065422726.1#HOXB13
TTLL6	XM_065422737.1#TTLL6
CALCOCO2	XM_065422517.1#CALCOCO2
CALCOCO2	XM_065422516.1#CALCOCO2
CALCOCO2	XM_065422515.1#CALCOCO2
ATP5MC1	XM_065422617.1#ATP5MC1
UBE2Z	XM_065422469.1#UBE2Z
SNF8	XM_065422690.1#SNF8
SNF8	XM_065422691.1#SNF8
LOC135894684	XM_065422821.1#LOC135894684
IGF2BP1	XM_065422574.1#IGF2BP1
IGF2BP1	XM_065422575.1#IGF2BP1
GNGT2	XM_065422745.1#GNGT2
ABI3	XM_065422652.1#ABI3
PHOSPHO1	XM_065422852.1#PHOSPHO1
ZNF652	XM_065422498.1#ZNF652
PHB1	XM_065422436.1#PHB1
NGFR	XM_065422765.1#NGFR
NXPH3	XM_065422738.1#NXPH3
SPOP	XM_065422588.1#SPOP
SLC35B1	XM_065422536.1#SLC35B1
FAM117A	XM_065422822.1#FAM117A
KAT7	XM_065422457.1#KAT7
KAT7	XM_065422458.1#KAT7
KAT7	XM_065422459.1#KAT7
KAT7	XM_065422460.1#KAT7
KAT7	XM_065422461.1#KAT7
KAT7	XM_065422462.1#KAT7
KAT7	XM_065422456.1#KAT7
LOC135894456	XM_065422550.1#LOC135894456
DLX4	XM_065422709.1#DLX4
DLX3	XM_065422762.1#DLX3
ITGA3	XM_065422823.1#ITGA3
PDK2	XM_065422546.1#PDK2
SAMD14	XM_065422824.1#SAMD14
PPP1R9B	XM_065422594.1#PPP1R9B
SGCA	XM_065422655.1#SGCA
LOC135894542	XM_065422657.1#LOC135894542
COL1A1	XM_065422841.1#COL1A1
LOC135894615	XM_065422751.1#LOC135894615
MPP2	XM_065422635.1#MPP2
MPP2	XM_065422636.1#MPP2
LOC135894383	XM_065422446.1#LOC135894383
LOC135894606	XM_065422743.1#LOC135894606
NAGS	XM_065422778.1#NAGS
TMEM101	XM_065422703.1#TMEM101
LOC135894688	XM_065422825.1#LOC135894688
LSM12	XM_065422442.1#LSM12
G6PC3	XM_065422695.1#G6PC3
HDAC5	XM_065422728.1#HDAC5
HROB	XM_065422827.1#HROB
ASB16	XM_065422759.1#ASB16
TMUB2	XM_065422608.1#TMUB2
ATXN7L3	XM_065422700.1#ATXN7L3
UBTF	XM_065422696.1#UBTF
RUNDC3A	XM_065422828.1#RUNDC3A
SLC25A39	XM_065422577.1#SLC25A39
SLC25A39	XM_065422576.1#SLC25A39
LOC135894441	XM_065422524.1#LOC135894441
LOC135894441	XM_065422533.1#LOC135894441
LOC135894441	XM_065422532.1#LOC135894441
LOC135894443	XM_065422535.1#LOC135894443
KANSL1	XM_065422791.1#KANSL1
CDC27	XM_065422630.1#CDC27
CDC27	XM_065422628.1#CDC27
CDC27	XM_065422631.1#CDC27
CDC27	XM_065422629.1#CDC27
MYL4	XM_065422570.1#MYL4
LOC135894691	XM_065422829.1#LOC135894691
DDX42	XM_065422522.1#DDX42
CCDC47	XM_065422602.1#CCDC47
STRADA	XM_065422649.1#STRADA
STRADA	XM_065422650.1#STRADA
RNF113A	XM_065422705.1#RNF113A
LIMD2	XM_065422769.1#LIMD2
MAP3K3	XM_065422521.1#MAP3K3
DCAF7	XM_065422542.1#DCAF7
DCAF7	XM_065422541.1#DCAF7
KCNH6	XM_065422540.1#KCNH6
ACE	XM_065422491.1#ACE
ACE	XM_065422490.1#ACE
LOC135894590	XM_065422725.1#LOC135894590
TANC2	XM_065422604.1#TANC2
MARCHF10	XM_065422830.1#MARCHF10
MRC2	XM_065422612.1#MRC2
TLK2	XM_065422548.1#TLK2
METTL2A	XM_065422663.1#METTL2A
EFCAB3	XM_065422851.1#EFCAB3
ITGB3	XM_065422768.1#ITGB3
RPRML	XM_065422849.1#RPRML
LOC135894424	XM_065422502.1#LOC135894424
LOC135894611	XM_065422748.1#LOC135894611
LOC135894522	XM_065422633.1#LOC135894522
LOC135894522	XM_065422634.1#LOC135894522
LOC135894639	XM_065422777.1#LOC135894639
LOC135894693	XM_065422831.1#LOC135894693
LOC135894647	XM_065422784.1#LOC135894647
LOC135894652	XM_065422790.1#LOC135894652
LOC135894694	XM_065422832.1#LOC135894694
FTSJ3	XM_065422463.1#FTSJ3
PSMC5	XM_065422464.1#PSMC5
SMARCD2	XM_065422782.1#SMARCD2
LOC135894710	XM_065422848.1#LOC135894710
LOC135894709	XM_065422847.1#LOC135894709
LOC135894374	XM_065422433.1#LOC135894374
LOC135894695	XM_065422833.1#LOC135894695
PRR29	XM_065422497.1#PRR29
LOC135894698	XM_065422835.1#LOC135894698
LOC135894535	XM_065422648.1#LOC135894535
LOC135894535	XM_065422647.1#LOC135894535
GOSR2	XM_065422581.1#GOSR2
GOSR2	XM_065422580.1#GOSR2
WNT9B	XM_065422836.1#WNT9B
WNT3	XM_065422514.1#WNT3
NSF	XM_065422448.1#NSF
LOC135894411	XM_065422487.1#LOC135894411
MEIOC	XM_065422794.1#MEIOC
CCDC43	XM_065422614.1#CCDC43
ADAM11	XM_065422503.1#ADAM11
GJC1	XM_065422654.1#GJC1
HIGD1B	XM_065422754.1#HIGD1B
EFTUD2	XM_065422797.1#EFTUD2
EFTUD2	XM_065422795.1#EFTUD2
CCDC103	XM_065422733.1#CCDC103
FAM187A	XM_065422465.1#FAM187A
GFAP	XM_065422479.1#GFAP
KIF18B	XM_065422708.1#KIF18B
C1QL1	XM_065422750.1#C1QL1
DCAKD	XM_065422552.1#DCAKD
DCAKD	XM_065422554.1#DCAKD
DCAKD	XM_065422555.1#DCAKD
DCAKD	XM_065422556.1#DCAKD
NMT1	XM_065422646.1#NMT1
PLCD3	XM_065422839.1#PLCD3
ACBD4	XM_065422744.1#ACBD4
HEXIM1	XM_065422625.1#HEXIM1
LOC135894702	XM_065422840.1#LOC135894702
FMNL1	XM_065422449.1#FMNL1
MAP3K14	XM_065422450.1#MAP3K14
MYO1D	XM_065422544.1#MYO1D
CDK5R1	XM_065422746.1#CDK5R1
PSMD11	XM_065422843.1#PSMD11
FZD2	XM_065422571.1#FZD2
GPATCH8	XM_065422596.1#GPATCH8
ITGA2B	XM_065422568.1#ITGA2B
FAM171A2	XM_065422736.1#FAM171A2
GRN	XM_065422579.1#GRN
TMEM98	XM_065422773.1#TMEM98
ARHGAP27	XM_065422582.1#ARHGAP27
PLEKHM1	XM_065422699.1#PLEKHM1
RDM1	XM_065422692.1#RDM1
GH1	XM_065422611.1#GH1
CD79B	XM_065422664.1#CD79B
SCN4A	XM_065422505.1#SCN4A
LOC135894707	XM_065422844.1#LOC135894707
LOC135894432	XM_065422512.1#LOC135894432
LOC135894482	XM_065422584.1#LOC135894482
ARRB2	XM_065423159.1#ARRB2
MED11	XM_065423160.1#MED11
ZMYND15	XM_065423158.1#ZMYND15
TNK1	XM_065423161.1#TNK1
TMEM95	XM_065423162.1#TMEM95
LOC135895093	XM_065423163.1#LOC135895093
DLG4	XM_065423165.1#DLG4
SPN	XM_065423172.1#SPN
CUNH16orf54	XM_065423170.1#CUNH16orf54
LOC135895103	XM_065423171.1#LOC135895103
LOC135895098	XM_065423168.1#LOC135895098
LOC135895097	XM_065423167.1#LOC135895097
LOC135895105	XM_065423174.1#LOC135895105
SEPHS2	XM_065423176.1#SEPHS2
SEPHS2	XM_065423177.1#SEPHS2
IKBKG	XM_065423179.1#IKBKG
G6PD	XM_065423181.1#G6PD
LOC135895114	XM_065423182.1#LOC135895114
LOC135895108	XM_065423178.1#LOC135895108
LAGE3	XM_065423175.1#LAGE3
UBL4A	XM_065423180.1#UBL4A
RUVBL2	XM_065423190.1#RUVBL2
GYS1	XM_065423186.1#GYS1
FTL	XM_065423191.1#FTL
LOC135895118	XM_065423189.1#LOC135895118
LOC135895118	XM_065423188.1#LOC135895118
LOC135895116	XM_065423185.1#LOC135895116
LOC135895115	XM_065423183.1#LOC135895115
LOC135888733	id-LOC135888733#LOC135888733
LOC135888833	id-LOC135888833#LOC135888833
LOC135888931	id-LOC135888931#LOC135888931
LOC135876564	id-LOC135876564#LOC135876564
LOC135891297	id-LOC135891297#LOC135891297
LOC135889131	id-LOC135889131#LOC135889131
LOC135889220	id-LOC135889220#LOC135889220
LOC135873776	id-LOC135873776#LOC135873776
LOC135873777	id-LOC135873777#LOC135873777
LOC135873778	id-LOC135873778#LOC135873778
LOC135879351	id-LOC135879351#LOC135879351
LOC135879695	id-LOC135879695#LOC135879695
LOC135879737	id-LOC135879737#LOC135879737
LOC135886504	id-LOC135886504#LOC135886504
LOC135886250	id-LOC135886250#LOC135886250
LOC135886251	id-LOC135886251#LOC135886251
LOC135886261	id-LOC135886261#LOC135886261
LOC135886362	id-LOC135886362#LOC135886362
LOC135886363	id-LOC135886363#LOC135886363
LOC135886776	id-LOC135886776#LOC135886776
LOC135886364	id-LOC135886364#LOC135886364
LOC135886365	id-LOC135886365#LOC135886365
LOC135886886	id-LOC135886886#LOC135886886
LOC135886769	id-LOC135886769#LOC135886769
LOC135886887	id-LOC135886887#LOC135886887
LOC135886763	id-LOC135886763#LOC135886763
LOC135886774	id-LOC135886774#LOC135886774
LOC135886367	id-LOC135886367#LOC135886367
LOC135886368	id-LOC135886368#LOC135886368
LOC135886369	id-LOC135886369#LOC135886369
LOC135886372	id-LOC135886372#LOC135886372
LOC135886375	id-LOC135886375#LOC135886375
LOC135886376	id-LOC135886376#LOC135886376
LOC135886377	id-LOC135886377#LOC135886377
LOC135886378	id-LOC135886378#LOC135886378
LOC135886379	id-LOC135886379#LOC135886379
LOC135886382	id-LOC135886382#LOC135886382
LOC135886383	id-LOC135886383#LOC135886383
LOC135886386	id-LOC135886386#LOC135886386
LOC135886387	id-LOC135886387#LOC135886387
LOC135886388	id-LOC135886388#LOC135886388
LOC135886389	id-LOC135886389#LOC135886389
LOC135886390	id-LOC135886390#LOC135886390
LOC135886392	id-LOC135886392#LOC135886392
LOC135886393	id-LOC135886393#LOC135886393
LOC135886395	id-LOC135886395#LOC135886395
LOC135886396	id-LOC135886396#LOC135886396
LOC135886397	id-LOC135886397#LOC135886397
LOC135886399	id-LOC135886399#LOC135886399
LOC135886400	id-LOC135886400#LOC135886400
LOC135886406	id-LOC135886406#LOC135886406
LOC135886411	id-LOC135886411#LOC135886411
LOC135886424	id-LOC135886424#LOC135886424
LOC135887170	id-LOC135887170#LOC135887170
LOC135886426	id-LOC135886426#LOC135886426
LOC135886427	id-LOC135886427#LOC135886427
LOC135886428	id-LOC135886428#LOC135886428
LOC135886429	id-LOC135886429#LOC135886429
LOC135886430	id-LOC135886430#LOC135886430
LOC135886433	id-LOC135886433#LOC135886433
LOC135886434	id-LOC135886434#LOC135886434
LOC135886435	id-LOC135886435#LOC135886435
LOC135886436	id-LOC135886436#LOC135886436
LOC135886437	id-LOC135886437#LOC135886437
LOC135886438	id-LOC135886438#LOC135886438
LOC135886439	id-LOC135886439#LOC135886439
LOC135886440	id-LOC135886440#LOC135886440
LOC135886441	id-LOC135886441#LOC135886441
LOC135886442	id-LOC135886442#LOC135886442
LOC135886444	id-LOC135886444#LOC135886444
LOC135886445	id-LOC135886445#LOC135886445
LOC135886446	id-LOC135886446#LOC135886446
LOC135886447	id-LOC135886447#LOC135886447
LOC135886448	id-LOC135886448#LOC135886448
LOC135886449	id-LOC135886449#LOC135886449
LOC135886450	id-LOC135886450#LOC135886450
LOC135886451	id-LOC135886451#LOC135886451
LOC135886452	id-LOC135886452#LOC135886452
LOC135886454	id-LOC135886454#LOC135886454
LOC135886455	id-LOC135886455#LOC135886455
LOC135886456	id-LOC135886456#LOC135886456
LOC135890550	id-LOC135890550#LOC135890550
LOC135890551	id-LOC135890551#LOC135890551
LOC135890552	id-LOC135890552#LOC135890552
LOC135890553	id-LOC135890553#LOC135890553
LOC135890554	id-LOC135890554#LOC135890554
LOC135890559	id-LOC135890559#LOC135890559
LOC135890560	id-LOC135890560#LOC135890560
LOC135890561	id-LOC135890561#LOC135890561
LOC135890562	id-LOC135890562#LOC135890562
LOC135890563	id-LOC135890563#LOC135890563
LOC135890564	id-LOC135890564#LOC135890564
LOC135890565	id-LOC135890565#LOC135890565
LOC135892216	id-LOC135892216#LOC135892216
LOC135892223	id-LOC135892223#LOC135892223
